name,latitude,longitude,country_code
Zárate,-34.09584,-59.02423,AR
Yatayti Calle,-29.02831,-58.9123,AR
Yapeyú,-29.46907,-56.81837,AR
Colonia Wanda,-25.97337,-54.56304,AR
Villa Paranacito,-33.71381,-58.65844,AR
Villa Ortúzar,-34.57973,-58.46829,AR
Villa Ocampo,-28.48726,-59.35421,AR
María Grande,-31.66503,-59.89969,AR
Villa Mantero,-32.39837,-58.74607,AR
Villa Lugano,-34.67907,-58.47263,AR
Villa Hernandarias,-31.23097,-59.98464,AR
Villaguay,-31.86767,-59.02701,AR
Villa Gesell,-37.26394,-56.97304,AR
Villa Escolar,-26.62272,-58.66983,AR
Villa Elisa,-32.1632,-58.40082,AR
Villa de Mayo,-34.5108,-58.68059,AR
Villa del Rosario,-30.7957,-57.91234,AR
Verónica,-35.38732,-57.33839,AR
Veinticinco de Mayo,-27.37796,-54.74505,AR
Urdinarrain,-32.69104,-58.88842,AR
Ubajay,-31.79514,-58.31509,AR
Tres Capones,-28.00431,-55.60935,AR
Tortuguitas,-34.47513,-58.75367,AR
Tigre,-34.42603,-58.57962,AR
Tandil,-37.3287,-59.1369,AR
Tacuarendí,-28.41265,-59.26,AR
Tabossi,-31.80231,-59.93557,AR
Suipacha,-34.76881,-59.68683,AR
Sauce de Luna,-31.23955,-59.21753,AR
Sauce,-30.08552,-58.78733,AR
San Vicente,-35.0249,-58.42409,AR
San Vicente,-26.61667,-54.13333,AR
Santo Tomé,-28.55104,-56.04125,AR
Santos Lugares,-34.60306,-58.54074,AR
Santo Pipó,-27.14147,-55.40945,AR
Santa Rosa,-28.26572,-58.12053,AR
Santa María,-27.9349,-55.40742,AR
Santa Lucía,-28.98984,-59.10076,AR
Santa Elena,-30.94432,-59.78832,AR
Santa Anita,-32.17387,-58.78526,AR
Santa Ana,-30.90069,-57.93194,AR
Santa Ana,-27.36924,-55.58167,AR
San Salvador,-31.62494,-58.50517,AR
San Roque,-28.57385,-58.7095,AR
San Pedro,-33.67918,-59.66633,AR
San Pedro,-26.6218,-54.10902,AR
San Miguel del Monte,-35.43922,-58.80741,AR
San Miguel,-27.99833,-57.58735,AR
San Luis del Palmar,-27.50766,-58.55625,AR
San Lorenzo,-28.13442,-58.76685,AR
San Justo,-34.68107,-58.56379,AR
Villa San Justo,-32.44569,-58.43541,AR
San José de Feliciano,-30.38546,-58.75025,AR
San José,-27.76916,-55.78033,AR
San Javier,-30.58072,-59.92962,AR
San Javier,-27.87398,-55.13485,AR
San Isidro,-34.46971,-58.52111,AR
San Ignacio,-27.25865,-55.53897,AR
San Gustavo,-30.68979,-59.39881,AR
San Francisco de Laishi,-26.24399,-58.62962,AR
San Cosme,-27.37137,-58.51112,AR
San Clemente del Tuyú,-36.35419,-56.72568,AR
San Cayetano,-38.34677,-59.60938,AR
San Carlos,-27.74706,-55.89639,AR
San Antonio de Padua,-34.66267,-58.69819,AR
San Antonio de Areco,-34.25083,-59.46944,AR
San Antonio,-26.05993,-53.73578,AR
San Andrés de Giles,-34.44738,-59.44442,AR
Saladillo,-35.63884,-59.77938,AR
Saladas,-28.25504,-58.62386,AR
Ruiz de Montoya,-26.97088,-55.05067,AR
Rosario del Tala,-32.30073,-59.13928,AR
Roque Pérez,-35.40058,-59.33483,AR
Riachuelo,-27.58191,-58.74497,AR
Riacho He-He,-25.36097,-58.27731,AR
Retiro,-34.58333,-58.38333,AR
Resistencia,-27.46363,-58.98665,AR
Reconquista,-29.15,-59.65,AR
Rauch,-36.77441,-59.08829,AR
Ranchos,-35.51601,-58.3188,AR
Quilmes,-34.72065,-58.25454,AR
Puerto Yeruá,-31.53328,-58.015,AR
Puerto Vilelas,-27.51083,-58.94179,AR
Puerto Tirol,-27.37382,-59.08927,AR
Puerto Rico,-26.8089,-55.02147,AR
Puerto Piray,-26.46937,-54.70736,AR
Puerto Libertad,-25.91958,-54.58229,AR
Puerto Leoni,-26.98762,-55.16569,AR
Puerto Iguazú,-25.59912,-54.57355,AR
Puerto Ibicuy,-33.75305,-59.17762,AR
Puerto Esperanza,-26.02267,-54.61356,AR
Puerto Eldorado,-26.40843,-54.69463,AR
Puerto Bermejo,-26.92739,-58.50917,AR
Pueblo Libertador,-30.22009,-59.38978,AR
Pronunciamiento,-32.3448,-58.44268,AR
Presidencia Roca,-26.14199,-59.59595,AR
Presidencia de la Plaza,-27.00213,-59.84476,AR
Posadas,-27.39184,-55.92379,AR
Pontevedra,-34.74947,-58.70158,AR
Pirané,-25.73271,-59.10989,AR
Pinamar,-37.11108,-56.86523,AR
Pilar,-34.45867,-58.91398,AR
Pila,-36.00418,-58.14107,AR
Piedras Blancas,-31.18592,-59.95181,AR
Gobernador López,-27.66628,-55.21352,AR
Perugorría,-29.34077,-58.60826,AR
Pedro R. Fernández,-28.75115,-58.6549,AR
Paso de los Libres,-29.71251,-57.08771,AR
Paso de la Patria,-27.31738,-58.57264,AR
Panambí,-27.72199,-54.91486,AR
Pampa del Indio,-26.04982,-59.93728,AR
Pampa Almirón,-26.70039,-59.12331,AR
Palo Santo,-25.56461,-59.3378,AR
Palmar Grande,-27.94127,-57.90102,AR
Open Door,-34.49113,-59.07531,AR
Olivos,-34.50872,-58.48026,AR
Oberá,-27.48683,-55.11994,AR
Nueve de Julio,-28.84081,-58.83019,AR
Nuestra Señora del Rosario de Caá Catí,-27.75215,-57.622,AR
Nogoyá,-32.39375,-59.78955,AR
Necochea,-38.5545,-58.73961,AR
Navarro,-35.00587,-59.27828,AR
Muñiz,-34.55622,-58.70739,AR
Morón,-34.65118,-58.62205,AR
Monte Caseros,-30.2518,-57.63537,AR
Montecarlo,-26.56849,-54.7579,AR
Mojón Grande,-27.71202,-55.15743,AR
Mocoretá,-30.61798,-57.96705,AR
Miramar,-38.27161,-57.8389,AR
Merlo,-34.66536,-58.72744,AR
Mercedes,-34.65072,-59.43143,AR
Mercedes,-29.18416,-58.07519,AR
Mburucuyá,-28.04532,-58.22835,AR
Mártires,-27.42265,-55.37659,AR
Haedo,-34.64239,-58.59212,AR
Mariano I. Loza,-29.37683,-58.19227,AR
Margarita Belén,-27.25902,-58.97157,AR
Mar del Tuyú,-36.57429,-56.6939,AR
Mar del Plata,-38.00042,-57.5562,AR
Marcos Paz,-34.78233,-58.83777,AR
Malabrigo,-29.34835,-59.96935,AR
Makallé,-27.20573,-59.28709,AR
Maipú,-36.86296,-57.88312,AR
Magdalena,-35.07997,-57.51368,AR
Maciá,-32.17254,-59.4006,AR
Luján,-34.5664,-59.11478,AR
Lucas González,-32.38436,-59.53086,AR
Los Polvorines,-34.50316,-58.70596,AR
Los Helechos,-27.557,-55.076,AR
Los Conquistadores,-30.59017,-58.46865,AR
Los Charrúas,-31.17038,-58.18569,AR
Loreto,-27.76835,-57.2753,AR
Loreto,-27.33177,-55.52499,AR
Lomas de Zamora,-34.7574,-58.40279,AR
Lomas de Vallejos,-27.73767,-57.91981,AR
Lobos,-35.18537,-59.09788,AR
Lobería,-38.16338,-58.78185,AR
Colonia Libertad,-30.04328,-57.82175,AR
Leandro N. Alem,-27.60376,-55.32365,AR
La Verde,-27.12894,-59.37546,AR
Las Toscas,-28.35436,-59.25884,AR
Las Garcitas,-26.61802,-59.80135,AR
Las Flores,-36.01427,-59.09986,AR
Larroque,-33.03511,-58.99982,AR
La Plata,-34.92126,-57.95442,AR
La Paz,-30.74179,-59.64517,AR
Lapachito,-27.16011,-59.38644,AR
Lanús,-34.70757,-58.39132,AR
La Leonesa,-27.03751,-58.70498,AR
Laguna Naick-Neck,-25.22183,-58.12066,AR
Laguna Limpia,-26.49545,-59.68118,AR
La Escondida,-27.10554,-59.44603,AR
La Eduvigis,-26.83607,-59.06211,AR
La Cruz,-29.17625,-56.64262,AR
La Criolla,-31.26909,-58.10892,AR
Juan Pujol,-30.41934,-57.85598,AR
Jardín América,-27.04346,-55.22698,AR
Ituzaingó,-34.66041,-58.66624,AR
Ituzaingó,-27.58504,-56.68707,AR
Itatí,-27.26915,-58.24249,AR
Itá Ibaté,-27.42589,-57.33826,AR
Ibarreta,-25.2144,-59.8582,AR
Hurlingham,-34.5904,-58.62904,AR
Herrera,-32.43401,-58.63177,AR
Herradura,-26.48983,-58.31172,AR
Herlitzka,-27.56606,-58.25935,AR
Hasenkamp,-31.51212,-59.83537,AR
Guaraní,-27.52323,-55.16077,AR
Gualeguaychú,-33.00777,-58.51836,AR
Gualeguay,-33.14091,-59.31257,AR
Goya,-29.13995,-59.26343,AR
Gobernador Roca,-27.19057,-55.46927,AR
Gobernador Mansilla,-32.54548,-59.3566,AR
Gobernador Juan E. Martínez,-28.91161,-58.93594,AR
Gobernador Virasora,-28.05,-56.03333,AR
General Vedia,-26.93243,-58.65919,AR
Ciudad del Libertador General San Martín,-34.57789,-58.53864,AR
General Rodríguez,-34.60658,-58.95221,AR
General Pacheco,-34.45256,-58.64312,AR
General Lavalle,-36.40809,-56.94336,AR
General Las Heras,-34.92682,-58.94667,AR
General Juan Madariaga,-37.00196,-57.13584,AR
General José de San Martín,-26.53643,-59.34138,AR
General Guido,-36.64168,-57.79213,AR
General Galarza,-32.72039,-59.39587,AR
General Conesa,-36.52086,-57.32494,AR
General Campos,-31.52341,-58.4058,AR
General Belgrano,-35.76842,-58.49444,AR
General Alvear,-27.42611,-55.16916,AR
Garupá,-27.48315,-55.82924,AR
Garuhapé,-26.82116,-54.95774,AR
Garruchos,-28.17208,-55.65406,AR
Formosa,-26.18489,-58.17313,AR
Fontana,-27.42039,-59.03731,AR
Florentino Ameghino,-27.63335,-55.08372,AR
San Juan Bautista,-34.80896,-58.27623,AR
Felipe Yofré,-29.10339,-58.34124,AR
Federal,-30.95619,-58.7797,AR
Federación,-30.99114,-57.91789,AR
Ezeiza,-34.8544,-58.52474,AR
Esquina,-30.01476,-59.5289,AR
El Espinillo,-24.98148,-58.55256,AR
Ensenada,-34.86074,-57.91238,AR
Empedrado,-27.95178,-58.80584,AR
El Soberbio,-27.29662,-54.19811,AR
El Palomar,-34.61771,-58.60153,AR
Eldorado,-26.40453,-54.61847,AR
El Colorado,-26.30896,-59.37226,AR
El Alcázar,-26.71377,-54.81482,AR
Dos de Mayo,-27.01998,-54.68462,AR
Dos Arroyos,-27.69946,-55.25207,AR
Don Torcuato,-34.49459,-58.62729,AR
Villa Domínguez,-31.98629,-58.96163,AR
Dolores,-36.31539,-57.67546,AR
Curuzú Cuatiá,-29.79145,-58.0499,AR
Cruz de los Milagros,-28.83611,-59.00599,AR
Cote Lai,-27.53022,-59.57346,AR
Corrientes,-27.46784,-58.8344,AR
Coronel Vidal,-37.44652,-57.72939,AR
Conscripto Bernardi,-31.04686,-59.08404,AR
Concordia,-31.39195,-58.01706,AR
Concepción del Uruguay,-32.48463,-58.23217,AR
Concepción de la Sierra,-27.98225,-55.5208,AR
Concepción,-28.3932,-57.88679,AR
Comandante Fontana,-25.3354,-59.6825,AR
Colonias Unidas,-26.69831,-59.63029,AR
Colonia Elisa,-26.93166,-59.51882,AR
Colonia Elía,-32.67144,-58.32538,AR
Colonia Benítez,-27.33026,-58.94579,AR
Colonia Aurora,-27.4737,-54.52416,AR
Colón,-32.22312,-58.14426,AR
Colegiales,-34.57365,-58.44924,AR
Clorinda,-25.28627,-57.72168,AR
Ciervo Petiso,-26.58016,-59.63006,AR
Chavarría,-28.95525,-58.5718,AR
Chascomús,-35.57681,-58.01215,AR
Charadai,-27.65503,-59.86291,AR
Chajarí,-30.75482,-57.98196,AR
Cerro Corá,-27.51377,-55.60895,AR
Cerro Azul,-27.63363,-55.49746,AR
Ceibas,-33.49911,-58.80015,AR
Castelli,-36.09092,-57.80748,AR
Castelar,-34.65142,-58.64074,AR
Caseros,-34.60688,-58.56392,AR
Caseros,-32.465,-58.47742,AR
Carmen de Areco,-34.3766,-59.82272,AR
Caraguatay,-26.60587,-54.78093,AR
Capitán Solari,-26.80247,-59.55724,AR
Capitán Sarmiento,-34.1713,-59.79146,AR
Capioví,-26.92936,-55.05773,AR
Capilla del Señor,-34.29169,-59.10126,AR
Cañuelas,-35.05379,-58.76205,AR
Candelaria,-27.4617,-55.7449,AR
Campo Viera,-27.33271,-55.05651,AR
Campo Ramón,-27.4549,-55.02122,AR
Campo Grande,-27.2077,-54.97977,AR
Campana,-34.16327,-58.95919,AR
Estación Camet,-37.88876,-57.60563,AR
Buenos Aires,-34.61315,-58.37723,AR
Coronel Brandsen,-35.16799,-58.23742,AR
Bovril,-31.34358,-59.44652,AR
Bonpland,-29.81708,-57.42974,AR
Bonpland,-27.48347,-55.47784,AR
Boedo,-34.63333,-58.41667,AR
Berón de Astrada,-27.55144,-57.53043,AR
Bernardo de Irigoyen,-26.25543,-53.64682,AR
Berisso,-34.8715,-57.88328,AR
Berazategui,-34.76531,-58.21278,AR
Benito Juárez,-37.67188,-59.80653,AR
Bella Vista,-34.5651,-58.69034,AR
Bella Vista,-28.50752,-59.04149,AR
Belgrano,-34.5627,-58.45829,AR
Belén de Escobar,-34.34602,-58.79442,AR
Basavilbaso,-32.37213,-58.87858,AR
Basail,-27.88539,-59.28245,AR
Barranqueras,-27.48132,-58.93925,AR
Barracas,-34.64966,-58.38341,AR
Baradero,-33.81199,-59.50467,AR
Balcarce,-37.84638,-58.25549,AR
Azul,-36.77803,-59.85848,AR
Azara,-28.06067,-55.67709,AR
Ayacucho,-37.15276,-58.48838,AR
Avellaneda,-29.11761,-59.65834,AR
Arroyo del Medio,-27.69748,-55.40376,AR
Aristóbulo del Valle,-27.09571,-54.89344,AR
Apóstoles,-27.91421,-55.75355,AR
Alvear,-29.09689,-56.55038,AR
Almafuerte,-27.50825,-55.40258,AR
Aldea San Antonio,-32.62317,-58.70512,AR
Alba Posse,-27.56942,-54.68383,AR
Guernica,-34.9162,-58.38111,AR
Villa Basilio Nievas,-31.55,-68.73333,AR
Zapala,-38.90056,-70.06674,AR
Yuto,-23.64281,-64.47162,AR
Yerba Buena,-26.81298,-65.29543,AR
Yacimientos Río Turbio,-51.53642,-72.33786,AR
Winifreda,-36.22643,-64.23388,AR
Wenceslao Escalante,-33.17166,-62.76931,AR
Vista Alegre Norte,-38.73425,-68.17115,AR
Vinchina,-28.75964,-68.20692,AR
Villa Valeria,-34.34141,-64.92068,AR
Villa Urquiza,-31.64757,-60.37516,AR
Villa Unión,-29.41362,-62.7904,AR
Villa Unión,-29.31654,-68.22745,AR
Villa Tulumba,-30.39546,-64.12232,AR
Villa Trinidad,-30.21522,-61.87634,AR
Villa Santa Rosa,-31.74484,-68.31435,AR
Villa Rumipal,-32.18941,-64.4792,AR
Villa Regina,-39.09631,-67.08374,AR
Villa Reducción,-33.20105,-63.86234,AR
Villa Paula de Sarmiento,-31.4933,-68.53838,AR
Villa Ojo de Agua,-29.50281,-63.69497,AR
Villa Nueva,-32.43289,-63.24811,AR
Villa Mugueta,-33.31129,-61.05515,AR
Villa Media Agua,-31.9831,-68.42499,AR
Villa María,-32.40751,-63.24016,AR
Villa de las Rosas,-31.94714,-65.05213,AR
Villa La Angostura,-40.76173,-71.64631,AR
Villa Krause,-31.56667,-68.53333,AR
Villa Huidobro,-34.83826,-64.58686,AR
Villa Giardino,-31.0503,-64.49678,AR
Villa General Roca,-32.66589,-66.4508,AR
Villa General Mitre,-29.14175,-62.65455,AR
Villa General Belgrano,-31.97828,-64.55627,AR
Villa Dolores,-31.94504,-65.19025,AR
Villa de Soto,-30.85524,-64.98496,AR
Villa de María,-29.90651,-63.7226,AR
Villa del Totoral,-30.81667,-63.71667,AR
Villa El Salvador,-31.45328,-68.40392,AR
Villa del Rosario,-31.55416,-63.53562,AR
Villa del Dique,-32.17628,-64.45694,AR
Villa Cura Brochero,-31.70642,-65.01864,AR
Villa Constitución,-33.22795,-60.32994,AR
Villa Concepción del Tío,-31.32212,-62.81399,AR
Chañar Ladeado,-33.32522,-62.03722,AR
Villa Castelli,-29.01447,-68.22339,AR
Villa Carlos Paz,-31.4183,-64.49008,AR
Villa Cañás,-34.00406,-61.60685,AR
Villa Bustos,-29.28636,-67.02067,AR
Villa Berthet,-27.28567,-60.41579,AR
Villa Atamisqui,-28.49644,-63.81733,AR
Villa Ascasubi,-32.16274,-63.89237,AR
Villa Ángela,-27.57679,-60.71114,AR
Villa Allende,-31.29368,-64.2977,AR
Villa Aberastain,-31.65805,-68.57953,AR
Viedma,-40.81519,-63.0004,AR
Vicuña Mackenna,-33.91823,-64.39066,AR
Victorica,-36.21654,-65.43709,AR
Victoria,-32.61841,-60.15478,AR
Viamonte,-33.74614,-63.09737,AR
Viale,-31.86819,-60.00755,AR
Vera,-29.45986,-60.21315,AR
Venado Tuerto,-33.74585,-61.96711,AR
28 de Noviembre,-51.5839,-72.21382,AR
Veinticinco de Mayo,-37.77491,-67.71354,AR
Veinticinco de Mayo,-35.43247,-60.17156,AR
Vedia,-34.49791,-61.54231,AR
Valle Hermoso,-31.11205,-64.48114,AR
Valle Grande,-23.47604,-64.94822,AR
Valcheta,-40.67989,-66.16283,AR
Ushuaia,-54.81084,-68.31591,AR
Uriburu,-36.50701,-63.86207,AR
Unquillo,-31.23717,-64.31176,AR
Unión,-35.15378,-65.94619,AR
Ulapes,-31.57323,-66.23709,AR
Ucacha,-33.03175,-63.50667,AR
Tupungato,-33.36926,-69.14781,AR
Tunuyán,-33.58125,-69.01537,AR
Tumbaya,-23.85814,-65.46704,AR
Trevelin,-43.0858,-71.46386,AR
Tres Lomas,-36.45912,-62.86243,AR
Tres Isletas,-26.34067,-60.43207,AR
Tres Arroyos,-38.37694,-60.27563,AR
Tres Algarrobos,-35.1956,-62.77423,AR
Trenque Lauquen,-35.97334,-62.73275,AR
Trenel,-35.69833,-64.13329,AR
Trelew,-43.24895,-65.30505,AR
Trancas,-26.23136,-65.28093,AR
Totoras,-32.58472,-61.16762,AR
Tostado,-29.23269,-61.76869,AR
Tornquist,-38.10128,-62.22295,AR
Toledo,-31.55378,-64.00742,AR
Toay,-36.6739,-64.37979,AR
Tío Pujio,-32.28752,-63.3549,AR
Tintina,-27.02687,-62.70643,AR
Tinogasta,-28.06556,-67.56437,AR
Tilisarao,-32.73125,-65.29138,AR
Tilcara,-23.57817,-65.39516,AR
Ticino,-32.69328,-63.43646,AR
Termas de Río Hondo,-27.49362,-64.85972,AR
Telsen,-42.43553,-66.94321,AR
Telén,-36.26396,-65.51035,AR
Tecka,-43.49287,-70.81078,AR
Tartagal,-22.51682,-63.8056,AR
Tapalqué,-36.35624,-60.02511,AR
Tancacha,-32.23751,-63.97983,AR
Tamberías,-31.45868,-69.422,AR
Tama,-30.50726,-66.52954,AR
Tafí Viejo,-26.7333,-65.26146,AR
Tafí del Valle,-26.85195,-65.71069,AR
Taco Pozo,-25.61557,-63.26708,AR
Susques,-23.39858,-66.36753,AR
Suncho Corral,-27.93195,-63.43021,AR
Sunchales,-30.94478,-61.5597,AR
Sumampa,-29.38243,-63.47683,AR
Simoca,-27.2629,-65.35792,AR
Sierra Grande,-41.60546,-65.35702,AR
Sierra Colorada,-40.58575,-67.75725,AR
Serrezuela,-30.63955,-65.38697,AR
Serrano,-34.47156,-63.53822,AR
Senillosa,-39.01412,-68.43281,AR
Selva,-29.76825,-62.04753,AR
Seguí,-31.95647,-60.12784,AR
Sebastián Elcano,-30.1604,-63.59245,AR
Saujil,-28.17471,-66.21604,AR
Saturnino María Laspiur,-31.70349,-62.48346,AR
Sastre,-31.76672,-61.82872,AR
Sarmiento,-45.58687,-69.06894,AR
Santo Tomé,-31.66274,-60.7653,AR
Santiago Temple,-31.38597,-63.4196,AR
Santiago del Estero,-27.80047,-64.26285,AR
Santa Victoria,-22.25124,-64.96549,AR
Santa Sylvina,-27.83154,-61.13601,AR
Santa Rosa de Tastil,-24.45078,-65.95183,AR
Santa Rosa de Río Primero,-31.15353,-63.39938,AR
Santa Rosa del Conlara,-32.3428,-65.20506,AR
Santa Rosa de Calamuchita,-32.06439,-64.53961,AR
Santa Rosa,-36.61617,-64.28991,AR
Santa Rosa,-33.25407,-68.15066,AR
Santa María,-26.69456,-66.04805,AR
Jovita,-34.51886,-63.94404,AR
Santa Lucía,-31.54055,-68.49794,AR
Santa Isabel,-36.2302,-66.93897,AR
Santa Fe,-31.64881,-60.70868,AR
Santa Eufemia,-33.17622,-63.28288,AR
Santa Clara,-24.30957,-64.66135,AR
Santa Catalina,-21.94567,-66.05188,AR
San Salvador de Jujuy,-24.1928,-65.29342,AR
San Ramón de la Nueva Orán,-23.13705,-64.32426,AR
San Rafael,-34.61531,-68.33238,AR
San Pedro de Guasayán,-27.95386,-65.16651,AR
San Pedro de Jujuy,-24.23127,-64.86614,AR
Sañogasta,-29.0952,-67.11586,AR
San Nicolás de los Arroyos,-33.33425,-60.2108,AR
San Miguel de Tucumán,-26.81601,-65.21051,AR
San Martín de los Andes,-40.15789,-71.35337,AR
San Martín,-33.08338,-68.47312,AR
Villa General San Martín,-31.43963,-68.5205,AR
San Marcos Sierra,-30.78339,-64.64083,AR
San Luis,-33.2914,-66.32467,AR
San Lorenzo,-32.74341,-60.73613,AR
San Justo,-30.78991,-60.59276,AR
San Juan,-31.53726,-68.52568,AR
San José de la Dormida,-30.35628,-63.95038,AR
San José de Jáchal,-30.24162,-68.74662,AR
San José,-28.38756,-65.70087,AR
San Jorge,-31.89706,-61.85993,AR
San Isidro,-28.45775,-65.72498,AR
San Francisco del Monte de Oro,-32.60029,-66.12713,AR
San Francisco del Chañar,-29.7883,-63.94411,AR
San Francisco,-31.42497,-62.08404,AR
Catamarca,-28.46957,-65.78524,AR
San Cristóbal,-30.31038,-61.23492,AR
San Carlos de Bolívar,-36.23071,-61.1157,AR
San Carlos Centro,-31.72864,-61.09192,AR
San Carlos Minas,-31.1764,-65.10248,AR
San Carlos,-25.89317,-65.92906,AR
San Blas,-28.4078,-67.09189,AR
San Bernardo,-27.28672,-60.71293,AR
San Benito,-31.78283,-60.43949,AR
San Basilio,-33.49791,-64.31481,AR
San Antonio Oeste,-40.73193,-64.94769,AR
San Antonio de los Cobres,-24.22131,-66.32025,AR
San Antonio de Litín,-32.21355,-62.63133,AR
San Antonio,-28.01009,-65.70874,AR
San Antonio,-24.36841,-65.33409,AR
Villa San Agustín,-30.63464,-67.4679,AR
San Agustín,-31.97681,-64.374,AR
Samuhú,-27.51908,-60.39409,AR
Sampacho,-33.38452,-64.72274,AR
Salto,-34.29175,-60.2545,AR
Salta,-24.80645,-65.41999,AR
Salsipuedes,-31.13789,-64.29277,AR
Salsacate,-31.31842,-65.09003,AR
Salliqueló,-36.75151,-62.95913,AR
Saldán,-31.315,-64.312,AR
Sachayoj,-26.67573,-61.81383,AR
Sacanta,-31.66344,-63.04791,AR
Rufino,-34.26237,-62.71128,AR
Rosario de Lerma,-24.98583,-65.5784,AR
Rosario de la Frontera,-25.79856,-64.97386,AR
Rosario,-32.94682,-60.63932,AR
Roldán,-32.89846,-60.90681,AR
Rojas,-34.19774,-60.7337,AR
Rodeo,-30.21014,-69.13262,AR
Rivadavia,-33.19097,-68.4622,AR
Rivadavia,-31.53245,-68.59731,AR
Rivadavia,-24.18552,-62.88535,AR
Río Tercero,-32.17675,-64.11295,AR
Río Segundo,-31.6501,-63.91165,AR
Río Primero,-31.3339,-63.61856,AR
Río Pico,-44.17905,-71.36847,AR
Río Mayo,-45.68618,-70.25664,AR
Río Grande,-53.78773,-67.70975,AR
Río Gallegos,-51.6253,-69.25229,AR
Río Cuarto,-33.13044,-64.35272,AR
Río Colorado,-38.99081,-64.09574,AR
Río Ceballos,-31.1697,-64.3175,AR
Rinconada,-22.44084,-66.16724,AR
Recreo,-31.49076,-60.73299,AR
Recreo,-29.28184,-65.06096,AR
Realicó,-35.03821,-64.24631,AR
Rawson,-43.30031,-65.10564,AR
Rancul,-35.06777,-64.68422,AR
Ramallo,-33.48508,-60.00629,AR
Rafaela,-31.25285,-61.49078,AR
Rada Tilly,-45.92462,-67.55424,AR
Quitilipi,-26.8708,-60.21537,AR
Alfredo Demarchi,-35.29238,-61.40573,AR
Quimilí,-27.64615,-62.41655,AR
Quilino,-30.21417,-64.49937,AR
Quemú Quemú,-36.05483,-63.56594,AR
Punta Alta,-38.8805,-62.07503,AR
Puerto Santa Cruz,-50.01922,-68.52378,AR
Puerto San Julián,-49.30696,-67.7298,AR
Puerto Madryn,-42.76848,-65.03827,AR
Puerto Deseado,-47.75131,-65.89674,AR
Puerta de Corral Quemado,-27.22761,-66.93282,AR
Puelches,-38.1463,-65.91404,AR
Puán,-37.5481,-62.76834,AR
Profesor Salvador Mazza,-22.04897,-63.69075,AR
Presidencia Roque Sáenz Peña,-26.79095,-60.44132,AR
Pozo Hondo,-27.16707,-64.49076,AR
Pozo del Tigre,-24.89755,-60.32391,AR
Pozo del Molle,-32.02127,-62.91931,AR
Porteña,-31.01409,-62.06204,AR
Pomán,-28.39528,-66.21829,AR
Pocito,-31.68333,-68.58333,AR
Plottier,-38.96667,-68.23333,AR
Plaza Huincul,-38.93012,-69.20778,AR
Piquillín,-31.30077,-63.75849,AR
Pilcaniyeu,-41.12288,-70.72152,AR
Pilar,-31.68129,-63.8824,AR
Pigüé,-37.60255,-62.40836,AR
Piedra del Águila,-40.04848,-70.07502,AR
Picún Leufú,-39.51614,-69.28765,AR
Pico Truncado,-46.79942,-67.95785,AR
Perito Moreno,-46.5905,-70.92574,AR
Pergamino,-33.89101,-60.57462,AR
Pérez,-32.99835,-60.76791,AR
Pellegrini,-36.26725,-63.16518,AR
Pehuajó,-35.81081,-61.89897,AR
Patquía,-30.04728,-66.87999,AR
Paso de Indios,-43.86439,-69.04659,AR
Pasco,-32.74683,-63.34162,AR
Pascanas,-33.12458,-63.04022,AR
Parera,-35.14676,-64.50231,AR
Paraná,-31.73271,-60.52897,AR
Pampa de los Guanacos,-26.23002,-61.83774,AR
Pampa del Infierno,-26.50353,-61.17654,AR
Palpalá,-24.25798,-65.21358,AR
Palma Sola,-23.97771,-64.30311,AR
Oro Verde,-31.82462,-60.51633,AR
Ordoñez,-32.84114,-62.86595,AR
Oncativo,-31.9134,-63.68214,AR
Olta,-30.63024,-66.26671,AR
Oliva,-32.03823,-63.57063,AR
Olavarría,-36.89384,-60.32319,AR
Obispo Trejo,-30.78119,-63.41012,AR
Nueve de Julio,-35.44394,-60.88463,AR
Nueve de Julio,-31.6692,-68.39013,AR
Nueva Esperanza,-26.19907,-64.23792,AR
Ñorquincó,-41.85029,-70.90194,AR
Nono,-31.79723,-65.00256,AR
Noetinger,-32.36604,-62.30723,AR
Neuquén,-38.95078,-68.0592,AR
Naschel,-32.91656,-65.37535,AR
Napenay,-26.72992,-60.61737,AR
Mutquin,-28.31539,-66.14787,AR
Morteros,-30.71066,-62.00714,AR
Morrison,-32.5948,-62.83455,AR
Monteros,-27.16825,-65.49892,AR
Monte Quemado,-25.80357,-62.83013,AR
Monte Maíz,-33.20424,-62.60052,AR
Monte Hermoso,-38.9825,-61.29472,AR
Montecristo,-31.34136,-63.94535,AR
Monte Buey,-32.91649,-62.4564,AR
Molinos,-25.43935,-66.29412,AR
Miramar,-30.91508,-62.67504,AR
Mina Clavero,-31.72945,-65.00501,AR
Milagro,-31.00831,-65.99103,AR
Miguel Riglos,-36.8537,-63.68857,AR
San José de Metán,-25.49711,-64.97106,AR
Merlo,-32.34288,-65.01396,AR
Mendoza,-32.88946,-68.84582,AR
Mendiolaza,-31.26406,-64.30913,AR
Melincué,-33.66087,-61.45654,AR
Médanos,-38.82923,-62.69348,AR
Mattaldi,-34.48198,-64.17194,AR
Marull,-30.99391,-62.82537,AR
Mariano Moreno,-38.76272,-70.03731,AR
Marcos Juárez,-32.6978,-62.10672,AR
Maquinchao,-41.24912,-68.70321,AR
Malvinas Argentinas,-31.38194,-64.05545,AR
Malargüe,-35.47791,-69.58521,AR
Malanzán,-30.80476,-66.60394,AR
Malagueño,-31.46737,-64.35903,AR
Maipú,-32.98462,-68.78821,AR
Mainqué,-39.06424,-67.30564,AR
Maimará,-23.62454,-65.40913,AR
Machagai,-26.92617,-60.04852,AR
Macachín,-37.13698,-63.66674,AR
Lules,-26.9282,-65.33852,AR
Luján de Cuyo,-33.03917,-68.87955,AR
Luján,-32.36674,-65.93642,AR
Los Varela,-27.93003,-65.87153,AR
Los Telares,-28.98507,-63.4504,AR
Los Surgentes,-32.98472,-62.02199,AR
Los Menucos,-40.84402,-68.08718,AR
Los Juríes,-28.46293,-62.11024,AR
Los Frentones,-26.40706,-61.41284,AR
Los Cóndores,-32.32003,-64.27859,AR
Los Cocos,-30.92548,-64.50251,AR
Los Antiguos,-46.54892,-71.6312,AR
Los Altos,-28.04501,-65.49764,AR
Lonquimay,-36.46641,-63.62362,AR
Londres,-27.71257,-67.13551,AR
Loncopué,-38.07309,-70.61445,AR
Lincoln,-34.86819,-61.52929,AR
Limay Mahuida,-37.15966,-66.67436,AR
San Martín,-32.41065,-65.67569,AR
Libertador General San Martín,-23.81305,-64.79353,AR
Leones,-32.65828,-62.29773,AR
Leleque,-42.41295,-71.07115,AR
La Viña,-25.46744,-65.56691,AR
La Toma,-33.05353,-65.62254,AR
La Tigra,-27.11054,-60.58785,AR
Las Varillas,-31.8704,-62.71968,AR
Las Varas,-31.80251,-62.61669,AR
Las Rosas,-32.47547,-61.57737,AR
Las Plumas,-43.72163,-67.28424,AR
Las Perdices,-32.69898,-63.70473,AR
Las Parejas,-32.68478,-61.51637,AR
Las Ovejas,-36.98897,-70.74952,AR
Las Lomitas,-24.70818,-60.59239,AR
Las Lajitas,-24.72762,-64.19335,AR
Las Lajas,-38.52447,-70.36516,AR
Las Junturas,-31.83158,-63.45061,AR
Las Higueras,-33.09386,-64.28824,AR
Las Heras,-46.54131,-68.93227,AR
Las Heras,-32.85034,-68.84052,AR
Las Coloradas,-39.55641,-70.59415,AR
Las Breñas,-27.08819,-61.08217,AR
Las Acequias,-33.28057,-63.97608,AR
La Rioja,-29.41328,-66.85637,AR
La Quiaca,-22.10448,-65.59646,AR
Puerta de San José,-27.54759,-67.00563,AR
La Puerta,-28.15635,-65.79387,AR
Laprida,-37.54423,-60.80103,AR
La Poma,-24.72256,-66.20058,AR
La Playosa,-32.09934,-63.03182,AR
La Paz,-33.4617,-67.55228,AR
La Para,-30.89226,-62.99883,AR
La Merced,-28.15441,-65.65944,AR
La Mendieta,-24.31391,-64.96651,AR
La Maruja,-35.67383,-64.94017,AR
Lamarque,-39.42515,-65.70215,AR
Laguna Yema,-24.25573,-61.24451,AR
Laguna Paiva,-31.3067,-60.6606,AR
Laguna Larga,-31.77569,-63.80038,AR
La Granja,-31.00865,-64.26789,AR
Lago Puelo,-42.06684,-71.60384,AR
La Francia,-31.40644,-62.63327,AR
La Falda,-31.09321,-64.48448,AR
La Cumbre,-30.98225,-64.49074,AR
La Consulta,-33.73385,-69.11988,AR
La Cocha,-27.76927,-65.58711,AR
La Clotilde,-27.17775,-60.63038,AR
La Cesira,-33.95357,-62.97738,AR
La Carlota,-33.42012,-63.2975,AR
La Candelaria,-26.12734,-65.05132,AR
La Cañada,-27.70951,-63.77255,AR
La Calera,-31.34582,-64.33849,AR
La Caldera,-24.60477,-65.38181,AR
Laboulaye,-34.12688,-63.39083,AR
Laborde,-33.15481,-62.85741,AR
La Banda,-27.73044,-64.24383,AR
Justo Daract,-33.86056,-65.18224,AR
Justiniano Posse,-32.88344,-62.67965,AR
Junín de los Andes,-39.94931,-71.07543,AR
Junín,-34.59391,-60.94644,AR
Junín,-33.14653,-68.48727,AR
José de San Martín,-44.05139,-70.46955,AR
Joaquín V. González,-25.11364,-64.12628,AR
Jesús María,-30.98153,-64.09424,AR
James Craik,-32.16145,-63.4679,AR
Jacinto Aráuz,-38.08545,-63.43027,AR
Italó,-34.79204,-63.78134,AR
Isla Verde,-33.23888,-62.40343,AR
Iruya,-22.79189,-65.21703,AR
Intendente Alvear,-35.23468,-63.59209,AR
Inriville,-32.94413,-62.22983,AR
La Esperanza,-24.2247,-64.83807,AR
Ingeniero Luis A. Huergo,-39.07146,-67.2379,AR
Ingeniero Luiggi,-35.38847,-64.46737,AR
Ingeniero Jacobacci,-41.3292,-69.55015,AR
Ingeniero Guillermo N. Juárez,-23.89861,-61.85502,AR
Idiazabal,-32.81258,-63.03246,AR
Icaño,-28.91946,-65.33023,AR
Humahuaca,-23.20612,-65.34742,AR
Huinca Renancó,-34.84131,-64.3746,AR
Huillapima,-28.72602,-65.97879,AR
Huerta Grande,-31.0752,-64.49063,AR
Huanchillas,-33.66661,-63.63646,AR
Hualfín,-27.22534,-66.83322,AR
El Hoyo,-42.06414,-71.51925,AR
Hersilia,-30.00376,-61.83867,AR
Herrera,-28.48291,-63.06624,AR
Hernando,-32.42785,-63.7335,AR
Hernández,-32.33748,-60.031,AR
Hermoso Campo,-27.61005,-61.34421,AR
Henderson,-36.29818,-61.71856,AR
Helvecia,-31.10066,-60.08805,AR
Guatraché,-37.67073,-63.53576,AR
Guatimozín,-33.46371,-62.43822,AR
Guaminí,-37.01381,-62.41858,AR
Guachipas,-25.52247,-65.50932,AR
Graneros,-27.6489,-65.44004,AR
Granadero Baigorria,-32.85683,-60.71754,AR
Godoy Cruz,-32.92533,-68.84428,AR
Gobernador Gregores,-48.75057,-70.24741,AR
Gobernador Gálvez,-33.03016,-60.64045,AR
Gobernador Costa,-44.04992,-70.59798,AR
General Villegas,-35.03264,-63.01484,AR
Los Toldos,-34.99997,-61.03874,AR
General San Martín,-37.97888,-63.60349,AR
General Roca,-39.03333,-67.58333,AR
General Roca,-32.7309,-61.91583,AR
General Ramírez,-32.17718,-60.20172,AR
General Pinto,-34.76431,-61.89154,AR
General Pinedo,-27.32534,-61.28101,AR
General Pico,-35.6593,-63.75787,AR
General Güemes,-24.67445,-65.0466,AR
General Manuel J. Campos,-37.46145,-63.58576,AR
General Levalle,-34.00719,-63.92334,AR
Villa Tulumaya,-32.72145,-68.59578,AR
General La Madrid,-37.24675,-61.26312,AR
General Fernández Oro,-38.95297,-67.92489,AR
General Mosconi,-23.18454,-62.307,AR
General Mosconi,-22.59617,-63.811,AR
General Enrique Godoy,-39.07891,-67.15807,AR
General Conesa,-40.10408,-64.45592,AR
General Cabrera,-32.81048,-63.87213,AR
General Baldissera,-33.12196,-62.30356,AR
General Arenales,-34.30337,-61.30708,AR
General Alvear,-36.02174,-60.0145,AR
General Alvear,-34.97747,-67.69618,AR
General Acha,-37.37821,-64.60422,AR
Gastre,-42.26186,-69.22112,AR
Garza,-28.15294,-63.53887,AR
Gancedo,-27.48875,-61.67541,AR
Gálvez,-32.02957,-61.22097,AR
Gaiman,-43.2909,-65.4977,AR
Funes,-32.91568,-60.80995,AR
Frías,-28.63754,-65.12873,AR
Fray Luis Beltrán,-39.31369,-65.76002,AR
Fray Luis A. Beltrán,-32.79122,-60.72819,AR
Fraile Pintado,-23.94148,-64.8009,AR
Firmat,-33.45937,-61.4832,AR
Fiambalá,-27.67225,-67.6187,AR
Fernández,-27.92532,-63.89459,AR
Famatina,-28.92264,-67.52016,AR
Famaillá,-27.05452,-65.40189,AR
Etruria,-32.93941,-63.24743,AR
Estanislao del Campo,-25.05358,-60.09066,AR
Esquel,-42.91147,-71.31947,AR
Esperanza,-31.44957,-60.93153,AR
Embarcación,-23.21003,-64.09965,AR
Embalse,-32.20681,-64.40064,AR
Embajador Martini,-35.38735,-64.28277,AR
El Trébol,-32.19857,-61.70208,AR
El Tío,-31.38543,-62.82821,AR
El Simbolar,-27.97167,-64.89544,AR
El Rodeo,-28.2127,-65.87649,AR
El Quebrachal,-25.28333,-64.06667,AR
El Maitén,-42.05032,-71.16779,AR
El Huecú,-37.64491,-70.58102,AR
El Hoyo,-27.01507,-63.23357,AR
El Galpón,-25.38062,-64.65162,AR
Elena,-32.57159,-64.39475,AR
El Cuy,-39.92609,-68.34275,AR
El Carril,-25.07185,-65.49302,AR
El Carmen,-24.38934,-65.26164,AR
El Calafate,-50.34075,-72.27682,AR
El Bolsón,-41.96051,-71.53336,AR
El Arañado,-31.74295,-62.88966,AR
El Alto,-28.31061,-65.36444,AR
El Aguilar,-23.21572,-65.68005,AR
Eduardo Castex,-35.91606,-64.29558,AR
Dolavón,-43.30684,-65.70651,AR
Doblas,-37.15047,-64.01153,AR
Diamante,-32.0671,-60.64267,AR
Devoto,-31.40167,-62.30622,AR
Despeñaderos,-31.81431,-64.29491,AR
Del Campillo,-34.37591,-64.49649,AR
Deán Funes,-30.42498,-64.35274,AR
Darwin,-39.20334,-65.73952,AR
Dalmacio Vélez,-32.60858,-63.58344,AR
Daireaux,-36.60023,-61.74997,AR
Cutral-Có,-38.93424,-69.23052,AR
Cuchillo Có,-38.33368,-64.64225,AR
Cruz del Eje,-30.72644,-64.80387,AR
Cruz Alta,-33.00796,-61.8083,AR
Crespo,-32.03077,-60.30619,AR
Costasacate,-31.64816,-63.75963,AR
Cosquín,-31.24525,-64.46574,AR
Corzuela,-26.95135,-60.97036,AR
Corralito,-32.02369,-64.19201,AR
Corral de Bustos,-33.28377,-62.18581,AR
Coronel Suárez,-37.45859,-61.93294,AR
Coronel Pringles,-37.98567,-61.3504,AR
Coronel Moldes,-33.622,-64.59702,AR
Coronel Du Graty,-27.68216,-60.90443,AR
Coronel Dorrego,-38.71872,-61.28849,AR
Coronel Belisle,-39.18688,-65.95422,AR
Coronel Baigorria,-32.84861,-64.35967,AR
Coronda,-31.97365,-60.91935,AR
Córdoba,-31.40648,-64.18853,AR
Contralmirante Cordero,-38.75595,-68.09954,AR
Concepción del Bermejo,-26.60036,-60.94624,AR
Concepción,-27.34127,-65.59636,AR
Concarán,-32.56081,-65.24452,AR
Comodoro Rivadavia,-45.86256,-67.494,AR
Comandante Luis Piedrabuena,-49.98521,-68.91508,AR
Comallo,-41.03005,-70.26932,AR
Colonia San Bartolomé,-31.52794,-62.72371,AR
La Tordilla,-31.23653,-63.06109,AR
Colonia Dora,-28.60036,-62.95238,AR
Colonia Barón,-36.15361,-63.8552,AR
Colón,-33.89713,-61.09942,AR
Clodomira,-27.5766,-64.13201,AR
Cipolletti,-38.93392,-67.99032,AR
Cintra,-32.30636,-62.65168,AR
Cinco Saltos,-38.82225,-68.06293,AR
Chumbicha,-28.85319,-66.23756,AR
Chos Malal,-37.37809,-70.27085,AR
Chorotis,-27.91626,-61.40331,AR
Choele Choel,-39.28941,-65.6606,AR
Chivilcoy,-34.8969,-60.01909,AR
Chimpay,-39.1654,-66.14642,AR
Chimbas,-31.49313,-68.53263,AR
Chilecito,-29.16163,-67.49934,AR
Chicoana,-25.10502,-65.53473,AR
Chichinales,-39.11475,-66.94225,AR
Chepes,-31.34363,-66.58894,AR
Chazón,-33.07876,-63.27638,AR
Charras,-33.02374,-64.04577,AR
Charata,-27.21787,-61.18738,AR
Chamical,-30.35942,-66.31387,AR
Chacabuco,-34.64203,-60.47124,AR
Cervantes,-39.05444,-67.39426,AR
Cerrillos,-24.89715,-65.48445,AR
Ceres,-29.88113,-61.94521,AR
Centenario,-38.82955,-68.1318,AR
Cavanagh,-33.47763,-62.3391,AR
Caucete,-31.6515,-68.28216,AR
Catriló,-36.40668,-63.42334,AR
Catriel,-37.87552,-67.79451,AR
Castro Barros,-30.58017,-65.72629,AR
Juan José Castelli,-25.9466,-60.62008,AR
Casilda,-33.04459,-61.16423,AR
Carrilobo,-31.87353,-63.11747,AR
Carnerillo,-32.9147,-64.02369,AR
Carmen de Patagones,-40.80255,-62.98349,AR
Carlos Tejedor,-35.39155,-62.41982,AR
Carlos Casares,-35.62247,-61.3655,AR
Carhué,-37.17948,-62.75999,AR
Carcarañá,-32.85704,-61.15114,AR
Capitán Bermúdez,-32.82262,-60.71852,AR
Capilla del Monte,-30.8607,-64.52531,AR
Capayán,-28.77436,-66.04749,AR
Candelaria,-32.06124,-65.82482,AR
Canals,-33.56224,-62.88509,AR
Cañada de Luque,-30.73524,-63.72404,AR
Cañada de Gómez,-32.82033,-61.39513,AR
Campo Quijano,-24.90872,-65.6402,AR
Campo Largo,-26.80031,-60.83903,AR
Campo Gallo,-26.58395,-62.84705,AR
Camilo Aldao,-33.12666,-62.09467,AR
Camarones,-44.79845,-65.71033,AR
Calingasta,-31.33394,-69.4208,AR
Calilegua,-23.77441,-64.77003,AR
Caleufú,-35.59449,-64.55868,AR
Caleta Olivia,-46.44785,-67.52274,AR
Calchaquí,-29.88845,-60.28397,AR
Caimancito,-23.74084,-64.59316,AR
Cafayate,-26.07286,-65.97766,AR
Cachi,-25.12083,-66.1627,AR
Buta Ranquil,-37.05222,-69.87713,AR
Villa Burruyacú,-26.50047,-64.74367,AR
Buena Esperanza,-34.75787,-65.25362,AR
Hipólito Bouchard,-34.72387,-63.50733,AR
Brinkmann,-30.86651,-62.04311,AR
Brea Pozo,-28.24385,-63.95334,AR
Bragado,-35.11557,-60.48965,AR
Berrotarán,-32.44961,-64.38798,AR
Bernasconi,-37.90225,-63.74295,AR
Bernardo Larroudé,-35.02646,-63.582,AR
Beltrán,-27.82696,-64.05846,AR
Bell Ville,-32.63021,-62.68883,AR
Bella Vista,-27.03424,-65.30196,AR
Belén,-27.64953,-67.02632,AR
Barrancas,-36.82344,-69.91564,AR
Bandera,-28.88809,-62.26902,AR
Banda del Río Salí,-26.84031,-65.16285,AR
Bañado de Ovanta,-28.10566,-65.31793,AR
Balnearia,-31.01285,-62.66536,AR
Bahía Blanca,-38.7176,-62.26545,AR
Avia Terai,-26.68665,-60.72803,AR
Arrufo,-30.23306,-61.72841,AR
Arroyo Seco,-33.15365,-60.51168,AR
Arroyo Cabral,-32.49144,-63.40037,AR
Arroyito,-31.41917,-63.05084,AR
Arrecifes,-34.06306,-60.10261,AR
Árraga,-28.05129,-64.22379,AR
Armstrong,-32.78487,-61.60321,AR
Arias,-33.64037,-62.40272,AR
Arauco,-28.58071,-66.7925,AR
Arata,-35.63895,-64.35621,AR
Aranguren,-32.24314,-60.16068,AR
Apolinario Saravia,-24.43232,-63.9956,AR
Antofagasta de la Sierra,-26.05954,-67.40648,AR
Anguil,-36.52583,-64.01007,AR
Añelo,-38.35426,-68.78754,AR
Andalgalá,-27.58185,-66.31626,AR
Andacollo,-37.17974,-70.66996,AR
Ancasti,-28.81264,-65.50069,AR
Añatuya,-28.4602,-62.83354,AR
Aminga,-28.84771,-66.93024,AR
Florentino Ameghino,-34.84405,-62.46701,AR
Aluminé,-39.23659,-70.91963,AR
Altos de Chipión,-30.95722,-62.3384,AR
Alto Río Senguer,-45.04188,-70.82338,AR
Alta Italia,-35.33442,-64.11714,AR
Alta Gracia,-31.64978,-64.42972,AR
Alpachiri,-37.37683,-63.77323,AR
Almafuerte,-32.19227,-64.25569,AR
Allen,-38.97736,-67.82714,AR
Algarrobo del Águila,-36.40053,-67.14457,AR
Alejo Ledesma,-33.60514,-62.62388,AR
Alejandro Roca,-33.35275,-63.71676,AR
Alderetes,-26.81787,-65.14202,AR
Alberti,-35.03157,-60.28029,AR
Albardón,-31.43722,-68.52556,AR
Aimogasta,-28.56003,-66.80737,AR
Aguilares,-27.4315,-65.61465,AR
Agua de Oro,-31.06224,-64.30064,AR
Adolfo Gonzáles Chaves,-38.03241,-60.09941,AR
Adelia María,-33.63217,-64.02103,AR
Achiras,-33.17685,-64.99442,AR
Abra Pampa,-22.72273,-65.69693,AR
Balvanera,-34.61032,-58.39766,AR
Villa Santa Rita,-34.61082,-58.481,AR
Bella Italia,-31.28182,-61.41092,AR
Cariló,-37.16524,-56.89133,AR
Villa Mercedes,-33.67571,-65.45783,AR
La Punta,-33.18368,-66.3127,AR
Villa Berna,-31.91419,-64.73249,AR
Cuesta Blanca,-31.48658,-64.5715,AR
Avellaneda,-34.66018,-58.36744,AR
San Miguel,-34.54335,-58.71229,AR
San Carlos de Bariloche,-41.14557,-71.30822,AR
Santa Catalina - Dique Lujan,-34.38375,-58.70673,AR
Río Turbio,-51.53587,-72.33673,AR
Adrogué,-34.80041,-58.38384,AR
Los Laureles,-29.36847,-59.73634,AR
Gato Colorado,-28.02219,-61.18663,AR
Tolhuin,-54.51083,-67.1955,AR
Villa General Guemes,-24.7553,-59.4894,AR
Ingeniero Pablo Nogués,-34.47775,-58.70652,AR
Villa Sarmiento,-34.63364,-58.57047,AR
Rincón de Los Sauces,-37.39844,-68.92874,AR
La Adela,-38.98333,-64.08333,AR
José C. Paz,-34.51541,-58.76813,AR
La Colonia,-33.09894,-68.4805,AR
San Pedro,-18.28691,-59.81742,BO
San Matías,-16.3597,-58.40039,BO
Roboré,-18.33473,-59.76142,BO
Puerto Suárez,-18.96722,-57.80127,BO
Puerto Quijarro,-17.78333,-57.76667,BO
Nueva Manoa,-9.71828,-65.39544,BO
Yamparáez,-19.18929,-65.12329,BO
Yacuiba,-22.01643,-63.67753,BO
Warnes,-17.5163,-63.16778,BO
Vinto,-17.39141,-66.31681,BO
Viloco,-16.95,-67.55,BO
Villazón,-22.08659,-65.59422,BO
Villa Yapacaní,-17.4,-63.83333,BO
Villa Serrano,-19.12489,-64.32343,BO
Villamontes,-21.26235,-63.46903,BO
Villa Charcas,-20.72278,-64.88478,BO
Viacha,-16.65,-68.3,BO
Vallegrande,-18.48887,-64.10827,BO
Uyuni,-20.45967,-66.82503,BO
Urubichá,-15.39286,-62.94661,BO
Uncía,-18.46713,-66.5671,BO
Tupiza,-21.44345,-65.71875,BO
Trinidad,-14.83223,-64.90335,BO
Totoral,-18.4957,-66.87397,BO
Totora,-17.72662,-65.1932,BO
Eucaliptus,-17.58333,-67.51667,BO
Tiquipaya,-17.33801,-66.21579,BO
Tiahuanaco,-16.55228,-68.67953,BO
Tarija,-21.53549,-64.72956,BO
Tarata,-17.60898,-66.02135,BO
Tarabuco,-19.18168,-64.91517,BO
Sucre,-19.03332,-65.26274,BO
Sorata,-15.77305,-68.64973,BO
Sipe Sipe,-17.45419,-66.35737,BO
Santiváñez,-17.54598,-66.2461,BO
El Torno,-18.00014,-63.38712,BO
Santa Rosa del Sara,-17.10805,-63.59967,BO
Santa Rosa de Yacuma,-14.07719,-66.79349,BO
Santa Rita,-17.97974,-63.37084,BO
Santa Cruz de la Sierra,-17.78629,-63.18117,BO
Santa Bárbara,-20.91667,-66.05,BO
Santa Ana de Yacuma,-13.74406,-65.42688,BO
San Ramón,-13.26647,-64.61515,BO
San Pedro,-16.23717,-68.85063,BO
San Pablo de Tiquina,-16.21795,-68.8428,BO
San Julian,-17.78333,-62.86667,BO
San Juan del Surutú,-17.48333,-63.7,BO
San Ignacio de Velasco,-16.37767,-60.96472,BO
San Ignacio de Moxo,-14.9947,-65.64074,BO
San Carlos,-17.40447,-63.732,BO
Samaipata,-18.17754,-63.87563,BO
Sacaba,-17.39799,-66.03825,BO
Rurrenabaque,-14.44125,-67.52781,BO
Riberalta,-11.01026,-66.05257,BO
Reyes,-14.2952,-67.33624,BO
Quime,-16.98333,-67.21667,BO
Quillacollo,-17.39228,-66.27838,BO
Punata,-17.54234,-65.83472,BO
Puerto Pailas,-17.66783,-62.79025,BO
Puerto Villarroel,-16.84286,-64.79996,BO
Pucarani,-16.39959,-68.47753,BO
Potosí,-19.58361,-65.75306,BO
Portachuelo,-17.35374,-63.39571,BO
Porco,-21.05295,-66.43024,BO
Poopó,-18.37978,-66.96896,BO
Paurito,-17.88093,-62.9414,BO
Patacamaya,-17.23611,-67.91443,BO
Pailón,-17.66395,-62.71804,BO
Padilla,-19.30878,-64.30273,BO
Oruro,-17.97153,-67.0932,BO
Okinawa Número Uno,-17.23333,-62.81667,BO
Montero,-17.33874,-63.25093,BO
Monteagudo,-19.79998,-63.95617,BO
Mocomoco,-15.45648,-68.99849,BO
Mizque,-17.94101,-65.34016,BO
Mineros,-17.11918,-63.23226,BO
Mecapaca,-16.66829,-68.01808,BO
Mapiri,-15.25,-68.16667,BO
Mairana,-18.1199,-63.96058,BO
Machacamarca,-18.17251,-67.02099,BO
Los Negros,-17.73333,-63.43333,BO
Llallagua,-18.42494,-66.57778,BO
Limoncito,-18.02782,-63.40307,BO
La Paz,-16.5,-68.15,BO
Laja,-16.53333,-68.38333,BO
Lahuachaca,-17.37692,-67.67488,BO
La Bélgica,-17.55,-63.21667,BO
Jorochito,-18.05608,-63.42788,BO
Ixiamas,-13.76766,-68.128,BO
Yumani,-16.03574,-69.14843,BO
Irpa Irpa,-17.71667,-66.26667,BO
Independencia,-17.08389,-66.81804,BO
Huatajata,-16.20886,-68.70041,BO
Huarina,-16.19066,-68.6009,BO
Huanuni,-18.289,-66.83583,BO
Huachacalla,-18.79298,-68.26157,BO
Guayaramerín,-10.8258,-65.3581,BO
Guanay,-15.49756,-67.88332,BO
Entre Ríos,-21.52661,-64.17299,BO
Curahuara de Carangas,-17.84265,-68.40877,BO
Cotoca,-17.81667,-63.05,BO
Cotoca,-17.74959,-62.83442,BO
Santiago de Cotagaita,-20.81724,-65.66087,BO
Coroico,-16.19386,-67.72998,BO
Coripata,-16.3,-67.6,BO
Copacabana,-16.1699,-69.07919,BO
Concepción,-16.43333,-60.9,BO
Comarapa,-17.91537,-64.53163,BO
Campamento Colquiri,-17.39169,-67.12526,BO
Colquechaca,-18.70031,-66.00397,BO
Colomi,-17.35,-65.86667,BO
Colchani,-20.3,-66.93333,BO
Calchani,-17.32276,-66.69131,BO
Colcapirhua,-17.3857,-66.23814,BO
Cochabamba,-17.38195,-66.15995,BO
Cobija,-11.02671,-68.76918,BO
Cliza,-17.58777,-65.93253,BO
Chulumani,-16.40855,-67.5294,BO
Chimoré,-16.99417,-65.1533,BO
Charagua,-19.79028,-63.19775,BO
Challapata,-18.90208,-66.77048,BO
Caranavi,-15.83403,-67.56586,BO
Capinota,-17.71113,-66.26082,BO
Camiri,-20.04063,-63.52396,BO
Camargo,-20.64064,-65.20893,BO
Buena Vista,-17.4583,-63.67126,BO
Boyuibe,-20.43274,-63.2823,BO
Betanzos,-19.55293,-65.45395,BO
Bermejo,-22.73206,-64.33724,BO
Batallas,-16.3,-68.53333,BO
Atocha,-20.93515,-66.22139,BO
Ascensión,-15.7,-63.08333,BO
Arani,-17.56854,-65.76883,BO
Andamarca,-18.77934,-67.50753,BO
Amarete,-15.23736,-68.98517,BO
Aiquile,-18.20408,-65.18068,BO
Achocalla,-16.57386,-68.15112,BO
Achacachi,-16.04707,-68.68534,BO
Abapó Viejo,-18.88562,-63.3829,BO
Cruz de Machacamarca,-18.88395,-68.41989,BO
Ascención de Guarayos,-15.89299,-63.18855,BO
Santa Fe,-17.90818,-63.03955,BO
San Julian,-17.80623,-62.89536,BO
Puearto Pailas,-17.663,-62.81227,BO
San Borja,-14.85195,-66.74954,BO
Okinawa Uno,-17.21889,-62.89528,BO
Zabelê,-8.07556,-37.09833,BR
Xexéu,-8.80222,-35.62694,BR
Xambioá,-6.41111,-48.53639,BR
Vitorino Freire,-4.28805,-45.24611,BR
Vitória do Mearim,-3.46222,-44.87056,BR
Vitória de Santo Antão,-8.11806,-35.29139,BR
Viseu,-1.19667,-46.14,BR
Vila Flor,-6.31444,-35.07722,BR
Vila dos Remédios,-3.84205,-32.4107,BR
Conde,-7.25972,-34.9075,BR
Vigia,-0.85833,-48.14167,BR
Viçosa do Ceará,-3.56222,-41.09222,BR
Viçosa,-9.37139,-36.24083,BR
Viçosa,-5.99444,-37.94444,BR
Vicência,-7.65694,-35.32667,BR
Viana,-3.22028,-45.00361,BR
Vertentes,-7.90278,-35.98833,BR
Verdejante,-7.92556,-38.97167,BR
Vera Mendes,-7.60333,-41.48278,BR
Vera Cruz,-6.04417,-35.42833,BR
Venturosa,-8.57472,-36.87417,BR
Várzea Grande,-6.54472,-42.24639,BR
Várzea Branca,-9.23889,-42.96389,BR
Várzea Alegre,-5.35,-40.38333,BR
Várzea Alegre,-6.78889,-39.29583,BR
Várzea,-6.77194,-36.99194,BR
Várzea,-6.34806,-35.37583,BR
Varjota,-4.19444,-40.47667,BR
Vargem Grande,-3.54306,-43.91583,BR
Valença do Piauí,-6.4075,-41.74556,BR
Uruoca,-3.31389,-40.55667,BR
Urucurituba,-3.12873,-58.15501,BR
Uruçuí,-7.22944,-44.55611,BR
Urucará,-2.53639,-57.76,BR
Uruburetama,-3.625,-39.50833,BR
Urbano Santos,-3.20778,-43.40361,BR
Upanema,-5.64194,-37.25778,BR
União dos Palmares,-9.16278,-36.03194,BR
União,-4.58583,-42.86417,BR
Umirim,-3.67722,-39.35028,BR
Umbuzeiro,-7.69556,-35.66361,BR
Umarizal,-5.99056,-37.81444,BR
Umari,-6.64778,-38.7,BR
Uiraúna,-6.51833,-38.41222,BR
Ubajara,-3.85444,-40.92111,BR
Uauá,-9.84139,-39.48167,BR
Tutóia,-2.76194,-42.27444,BR
Turiaçu,-1.66333,-45.37167,BR
Turaru,-3.6,-39.43333,BR
Tupiratins,-8.39389,-48.11556,BR
Tupirama,-8.97278,-48.18778,BR
Tuparetama,-7.60222,-37.31139,BR
Tupanatinga,-8.75333,-37.33972,BR
Tuntum,-5.25806,-44.64889,BR
Tucuruí,-3.76585,-49.67923,BR
Tucumã,-0.15491,-50.0615,BR
Triunfo,-7.83806,-38.10167,BR
Triunfo,-6.56667,-38.6,BR
Trindade,-7.76194,-40.26778,BR
Trairi,-3.27778,-39.26889,BR
Traipu,-9.97056,-37.00333,BR
Tracunhaém,-7.80472,-35.24,BR
Tracuateua,-1.07611,-46.90306,BR
Touros,-5.19889,-35.46083,BR
Toritama,-8.00667,-36.05667,BR
Tomé-Açu,-2.41889,-48.15222,BR
Tocantinópolis,-6.32944,-47.41639,BR
Tocantínia,-9.56361,-48.37667,BR
Timon,-5.09417,-42.83667,BR
Timbiras,-4.25528,-43.94056,BR
Timbaúba dos Batistas,-6.465,-37.27444,BR
Timbaúba,-7.50528,-35.31833,BR
Tibau do Sul,-6.18667,-35.09194,BR
Tibau,-4.83722,-37.2525,BR
Tianguá,-3.73222,-40.99167,BR
Terra Santa,-2.10417,-56.48694,BR
Terra Nova,-8.22972,-39.37556,BR
Terra Alta,-1.04111,-47.9075,BR
Terezinha,-9.05611,-36.62278,BR
Teresina,-5.08917,-42.80194,BR
Tenório,-6.94194,-36.62944,BR
Tenente Ananias,-6.46765,-38.1794,BR
Tejuçuoca,-3.98889,-39.58056,BR
Teixeira,-7.22278,-37.25417,BR
Tavares,-7.63583,-37.87833,BR
Tauá,-6.00306,-40.29278,BR
São João dos Inhamuns,-6.0,-40.28333,BR
Tartarugalzinho,1.50556,-50.91194,BR
Tarrafas,-6.68444,-39.76139,BR
Taquaritinga do Norte,-7.90306,-36.04417,BR
Taquarana,-9.645,-36.49722,BR
Taperoá,-7.2075,-36.82667,BR
Tanque d'Arca,-9.53194,-36.43278,BR
Tangará,-6.19944,-35.80167,BR
Tamboril,-4.83222,-40.32056,BR
Itambé,-7.41028,-35.11278,BR
Tamandaré,-8.75632,-35.09995,BR
Taipu,-5.62167,-35.59667,BR
Tacima,-6.48833,-35.63722,BR
Tacaratu,-9.10528,-38.14917,BR
Tacaimbó,-8.31611,-36.29333,BR
Taboleiro Grande,-5.93,-38.045,BR
Tabuleiro do Norte,-5.24667,-38.13056,BR
Tabira,-7.59083,-37.53944,BR
Sussuapara,-7.01163,-41.38388,BR
Surubim,-7.83306,-35.75472,BR
Sumé,-7.67167,-36.88,BR
Sucupira do Norte,-6.47694,-44.19167,BR
Sousa,-6.75917,-38.22806,BR
Soure,-0.71667,-48.52333,BR
Sossêgo,-6.76944,-36.25333,BR
Solonópole,-5.73333,-39.0075,BR
Solidão,-7.60028,-37.65194,BR
Soledade,-7.05722,-36.36278,BR
Solânea,-6.75459,-35.66449,BR
Socorro do Piauí,-7.86349,-42.50283,BR
Sobral,-3.68611,-40.34972,BR
Sobradinho,-9.47184,-40.80155,BR
Sítio Novo,-6.10389,-35.91111,BR
Moreilândia,-7.62744,-39.55135,BR
Sirinhaém,-8.59083,-35.11611,BR
Simplício Mendes,-7.85389,-41.91028,BR
Simões,-7.59889,-40.81778,BR
Silves,-2.83889,-58.20917,BR
Severiano Melo,-5.77722,-37.95778,BR
Sertânia,-8.07361,-37.26444,BR
Serrita,-7.93333,-39.29583,BR
Serrinha dos Pintos,-6.11,-37.95639,BR
Serrinha,-6.27611,-35.49889,BR
Serra Talhada,-7.99194,-38.29833,BR
Serraria,-6.83333,-35.625,BR
Serra Redonda,-7.17833,-35.675,BR
Serra Negra do Norte,-6.66556,-37.39722,BR
Serra Grande,-7.21528,-38.36972,BR
Serra do Navio,0.89556,-52.00222,BR
Serra de São Bento,-6.41722,-35.70444,BR
Serra da Raiz,-6.68667,-35.44389,BR
Serra Caiada,-6.10393,-35.71095,BR
Serra Branca,-7.48333,-36.665,BR
Serra Branca,-6.53333,-38.26667,BR
Senador Sá,-3.35056,-40.46333,BR
Senador Pompeu,-5.58806,-39.37167,BR
Senador José Porfírio,-2.59083,-51.95417,BR
Satuba,-9.56333,-35.82444,BR
Sapé,-7.09639,-35.23278,BR
São Vicente Férrer,-7.59111,-35.49139,BR
São Vicente Ferrer,-2.89417,-44.88028,BR
São Vicente do Seridó,-6.93434,-36.4022,BR
São Vicente,-6.21722,-36.68444,BR
São Tomé,-5.9725,-36.07528,BR
São Sebastião do Umbuzeiro,-8.15222,-37.01028,BR
São Sebastião do Tocantins,-5.25722,-48.2,BR
São Sebastião da Boa Vista,-1.71464,-49.53152,BR
São Sebastião,-9.93361,-36.55417,BR
São Raimundo Nonato,-9.01528,-42.69944,BR
São Raimundo das Mangabeiras,-7.02194,-45.48111,BR
São Rafael,-5.80191,-36.88675,BR
São Pedro do Piauí,-5.92944,-42.71861,BR
São Pedro,-5.89806,-35.63444,BR
São Paulo do Potengi,-5.895,-35.76278,BR
São Miguel do Tapuio,-5.50361,-41.32333,BR
São Miguel dos Milagres,-9.26556,-35.37306,BR
São Miguel dos Campos,-9.78111,-36.09361,BR
São Miguel do Guamá,-1.62667,-47.48333,BR
São Miguel de Taipu,-7.24972,-35.20972,BR
São Miguel do Fidalgo,-7.58369,-42.3706,BR
São Miguel,-6.21194,-38.49694,BR
São Miguel,-5.46667,-35.36667,BR
São Miguel do Gostoso,-5.12279,-35.63684,BR
São Mateus do Maranhão,-4.04167,-44.475,BR
São Mamede,-6.92667,-37.09556,BR
São Luís do Quitunde,-9.31833,-35.56111,BR
São Luís do Curu,-3.67,-39.24333,BR
São Luis do Piauí,-6.8264,-41.32332,BR
São Luís,-2.52972,-44.30278,BR
São Lourenço da Mata,-8.00222,-35.01833,BR
São Lourenço do Piauí,-9.17236,-42.54213,BR
São Julião,-7.08472,-40.82556,BR
São José do Seridó,-6.44917,-36.87778,BR
São José dos Cordeiros,-7.39083,-36.80778,BR
São José dos Basílios,-5.05111,-44.58389,BR
São José do Sabugi,-6.77556,-36.79889,BR
São José do Piauí,-6.87167,-41.47528,BR
São José do Peixe,-7.49361,-42.56361,BR
São José do Egito,-7.47889,-37.27444,BR
São José do Campestre,-6.31556,-35.71389,BR
São José do Bonfim,-7.1625,-37.30889,BR
São José do Belmonte,-7.86139,-38.75972,BR
São José de Ribamar,-2.55572,-44.05992,BR
São José de Piranhas,-7.12056,-38.50194,BR
São José de Mipibu,-6.07472,-35.23778,BR
São José de Caiana,-7.24861,-38.30083,BR
São José de Espinharas,-6.84722,-37.32583,BR
São José da Tapera,-9.55833,-37.38111,BR
São José da Laje,-9.00972,-36.05833,BR
São José da Lagoa Tapada,-6.94056,-38.16222,BR
São José da Coroa Grande,-8.89778,-35.14778,BR
São José de Princesa,-7.74223,-38.09892,BR
São José dos Ramos,-7.24864,-35.37859,BR
São José do Divino,-3.81044,-41.83309,BR
São Joaquim do Monte,-8.4325,-35.80444,BR
São João do Tigre,-8.07917,-36.84778,BR
São João dos Patos,-6.495,-43.70222,BR
São João do Sabugi,-6.71833,-37.20056,BR
São João do Piauí,-8.35806,-42.24667,BR
São João do Jaguaribe,-5.27111,-38.27361,BR
São João do Cariri,-7.39083,-36.53278,BR
São João do Araguaia,-5.35833,-48.79139,BR
São João de Pirabas,-0.77472,-47.17722,BR
São João da Varjota,-6.91506,-41.86422,BR
São João da Ponta,-0.84972,-47.92,BR
São João da Serra,-5.51417,-41.89917,BR
São João Batista,-2.95528,-44.80694,BR
São João,-8.87556,-36.36667,BR
São Gonçalo do Piauí,-5.99333,-42.70278,BR
São Gonçalo do Amarante,-5.79333,-35.32944,BR
São Gonçalo do Amarante,-3.60722,-38.96833,BR
São Geraldo do Araguaia,-6.40056,-48.555,BR
São Francisco do Piauí,-7.25139,-42.54333,BR
São Francisco do Maranhão,-6.25123,-42.86977,BR
São Francisco,-6.61889,-38.09444,BR
São Fernando,-6.37639,-37.18444,BR
São Félix do Xingu,-6.64472,-51.995,BR
São Félix do Piauí,-5.9325,-42.11389,BR
São Félix de Balsas,-7.08278,-44.81306,BR
São Domingos do Maranhão,-5.57583,-44.38528,BR
São Domingos do Capim,-1.67417,-47.77111,BR
São Domingos do Azeitão,-6.81279,-44.64415,BR
São Domingos,-6.81569,-37.94232,BR
São Caitano,-8.32583,-36.14278,BR
São Caetano de Odivelas,-0.75,-48.02,BR
São Braz do Piauí,-9.06416,-42.99892,BR
Boa Ventura,-7.41389,-38.21611,BR
São Bernardo,-3.36139,-42.41778,BR
São Bento do Una,-8.52278,-36.44444,BR
São Bento do Trairi,-6.34167,-36.08722,BR
São Bento do Norte,-5.06639,-36.03806,BR
São Bentinho,-6.89056,-37.7259,BR
São Bento,-6.28333,-37.75,BR
São Bento do Tocantins,-6.02028,-47.90222,BR
São Bento,-2.69583,-44.82139,BR
São Benedito do Rio Preto,-3.33361,-43.52833,BR
São Benedito,-4.04861,-40.865,BR
Santo Inácio do Piauí,-7.42387,-41.91406,BR
Santo Antônio do Tauá,-1.15194,-48.12944,BR
Santo Antônio dos Lopes,-4.86667,-44.36667,BR
Santo Antônio de Lisboa,-6.98139,-41.23417,BR
Santo Antônio,-6.31056,-35.47889,BR
Santo André,-7.21833,-36.63306,BR
Santo Amaro do Maranhão,-2.50375,-43.25065,BR
Santa Teresinha,-7.03889,-37.44528,BR
Santa Terezinha do Tocantins,-6.43519,-47.67272,BR
Santa Rita,-7.11389,-34.97806,BR
Santa Rita,-3.86358,-43.85999,BR
Santarém Novo,-0.92889,-47.39694,BR
Santarém,-2.44306,-54.70833,BR
Santa Quitéria do Maranhão,-3.49586,-42.56198,BR
Santa Quitéria,-4.33194,-40.15667,BR
Santana dos Garrotes,-7.38389,-37.98583,BR
Santana do Mundaú,-9.16806,-36.22222,BR
Santana do Matos,-5.9575,-36.65556,BR
Santana do Ipanema,-9.37833,-37.24528,BR
Santana do Cariri,-7.18833,-39.73694,BR
Santana do Acaraú,-3.46056,-40.21222,BR
Santana de Mangueira,-7.555,-38.33222,BR
Santana do Seridó,-6.77153,-36.73466,BR
Santa Rita,-3.13901,-44.32519,BR
Santa Maria do Pará,-1.35028,-47.57556,BR
Santa Maria das Barreiras,-8.87167,-49.71278,BR
Santa Maria da Boa Vista,-8.80778,-39.82556,BR
Santa Maria,-5.83972,-35.69528,BR
Santa Luzia do Norte,-9.60333,-35.8225,BR
Santa Luzia,-7.64265,-47.21738,BR
Santa Luzia,-6.87222,-36.91861,BR
Santa Luzia,-5.31093,-35.47519,BR
Santa Isabel do Pará,-1.29861,-48.16056,BR
Santa Inês,-7.62056,-38.55361,BR
Santa Inês,-3.66667,-45.38,BR
Santa Helena,-6.72028,-38.63806,BR
Santa Helena,-2.23111,-45.3,BR
Santa Filomena,-9.11222,-45.92222,BR
Santa Filomena do Maranhão,-5.49783,-44.559,BR
Santa Cruz dos Milagres,-5.80028,-41.95944,BR
Santa Cruz do Piauí,-7.18528,-41.7675,BR
Santa Cruz do Capibaribe,-7.9575,-36.20472,BR
Santa Cruz do Arari,-0.66333,-49.175,BR
Santa Cruz da Baixa Verde,-7.82056,-38.15278,BR
Santa Cruz,-6.53306,-38.06194,BR
Santa Cruz,-6.22944,-36.02278,BR
Santa Brígida,-9.73611,-38.12778,BR
Sanharó,-8.36056,-36.56556,BR
Sambaíba,-7.14028,-45.34611,BR
Salvaterra,-0.75333,-48.51667,BR
Saloá,-8.97583,-36.6875,BR
Salitre,-7.28472,-40.45722,BR
Salinópolis,-0.62099,-47.35422,BR
Salgueiro,-8.07417,-39.11917,BR
Salgado de São Félix,-7.35694,-35.44056,BR
Salgadinho,-7.93639,-35.63278,BR
Salgadinho,-7.10278,-36.84528,BR
Sairé,-8.3275,-35.70556,BR
Saboeiro,-6.54194,-39.90667,BR
Russas,-4.94028,-37.97583,BR
Ruy Barbosa,-5.88139,-35.93472,BR
Roteiro,-9.83278,-35.97778,BR
Rosário,-2.94047,-44.24898,BR
Rodolfo Fernandes,-5.78806,-38.06,BR
Rodelas,-8.84556,-38.76667,BR
Rio Tinto,-6.80306,-35.08056,BR
Rio Largo,-9.47833,-35.85333,BR
Rio Grande do Piauí,-7.77599,-43.13538,BR
Rio Formoso,-8.66877,-35.16277,BR
Rio do Fogo,-5.27278,-35.38306,BR
Ribeiro Gonçalves,-7.55833,-45.24222,BR
Ribeirão,-8.51444,-35.37778,BR
Riachuelo,-5.815,-35.825,BR
Senador Rui Palmeira,-9.4675,-37.4573,BR
Riacho dos Cavalos,-6.43778,-37.65111,BR
Riacho de Santo Antônio,-7.69278,-36.15694,BR
Riacho de Santana,-6.26333,-38.31556,BR
Riacho das Almas,-8.13389,-35.85639,BR
Riacho da Cruz,-5.93639,-37.94639,BR
Riachinho,-6.4375,-48.13833,BR
Riachão do Bacamarte,-7.24806,-35.66278,BR
Riachão,-7.36194,-46.61722,BR
Milton Brandão,-4.70257,-41.4486,BR
Reriutaba,-4.14167,-40.58222,BR
Remígio,-6.96596,-35.7951,BR
Remanso,-9.62167,-42.08139,BR
Regeneração,-6.23122,-42.68691,BR
Redenção do Gurguéia,-9.48888,-44.58228,BR
Redenção,-4.22583,-38.73056,BR
Recife,-8.05389,-34.88111,BR
Raposa,-6.51667,-44.18333,BR
Rafael Fernandes,-6.19472,-38.22583,BR
Quixeré,-5.07417,-37.98861,BR
Quixeramobim,-5.19917,-39.29278,BR
Quixelô,-6.25444,-39.20194,BR
Quixadá,-4.97139,-39.01528,BR
Quixabá,-7.72028,-37.84833,BR
Quixaba,-7.03139,-37.14861,BR
Quipapá,-8.82778,-36.01167,BR
Queimadas,-7.35833,-35.89833,BR
Queimada Nova,-8.57944,-41.41944,BR
Quebrangulo,-9.31889,-36.47111,BR
Quatipuru,-0.89694,-47.00528,BR
Puxinanã,-7.16111,-35.96056,BR
Vila Punaú,-5.36332,-35.41539,BR
Princesa Isabel,-7.73667,-37.99333,BR
Primeira Cruz,-2.51,-43.43833,BR
Primavera,-8.33139,-35.35417,BR
Primavera,-0.94028,-47.11639,BR
Presidente Dutra,-5.29,-44.49,BR
Prata do Piauí,-5.66722,-42.20667,BR
Prata,-7.69083,-37.08028,BR
Prainha,-1.8,-53.48,BR
Potiretama,-5.72389,-38.15611,BR
Barra de São Miguel,-7.75111,-36.31806,BR
Potengi,-7.09056,-40.02667,BR
Santana,-0.03816,-51.17476,BR
Porto Grande,0.71333,-51.41333,BR
Porto Franco,-6.33833,-47.39917,BR
Porto de Pedras,-9.15833,-35.295,BR
Porto de Moz,-1.74833,-52.23833,BR
Porto da Folha,-9.91722,-37.27833,BR
Porto Calvo,-9.045,-35.39833,BR
Porto Alegre do Piauí,-6.97091,-44.1983,BR
Porto,-3.89333,-42.71,BR
Portel,-1.93556,-50.82111,BR
Porteiras,-7.53472,-39.11833,BR
Portalegre,-6.02389,-37.98778,BR
Poranga,-4.74472,-40.92611,BR
Ponta de Pedras,-1.39028,-48.87111,BR
Pombos,-8.14139,-35.39583,BR
Pombal,-6.77028,-37.80167,BR
Poço Redondo,-9.805,-37.68444,BR
Poço das Trincheiras,-9.3125,-37.28556,BR
Poço Dantas,-6.40538,-38.49699,BR
Poço Branco,-5.62278,-35.66278,BR
Pocinhos,-7.07667,-36.06111,BR
Poção de Pedras,-4.75181,-44.94385,BR
Poção,-8.18639,-36.705,BR
Pitimbu,-7.47056,-34.80861,BR
Pirpirituba,-6.78,-35.49861,BR
Piripiri,-4.27333,-41.77694,BR
Pires Ferreira,-4.24667,-40.64528,BR
Pirapemas,-3.72667,-44.22333,BR
Piranhas,-9.62361,-37.75667,BR
Piracuruca,-3.92806,-41.70917,BR
Piquet Carneiro,-5.80361,-39.41778,BR
Pio XII,-3.8325,-45.1525,BR
Pio IX,-6.83535,-40.61297,BR
Pinheiro,-2.52139,-45.0825,BR
Pindoretama,-4.02694,-38.305,BR
Pindoba,-9.47528,-36.29,BR
Pindaré-Mirim,-3.60833,-45.34333,BR
Pimenteiras,-6.24528,-41.41917,BR
Pilar,-9.59722,-35.95667,BR
Pilar,-7.26722,-35.26,BR
Picuí,-6.51056,-36.34694,BR
Picos,-7.07694,-41.46694,BR
Piancó,-7.19806,-37.92917,BR
Petrolina,-9.39861,-40.50083,BR
Jatobá,-9.18306,-38.26889,BR
Pesqueira,-8.35778,-36.69639,BR
Peritoró,-4.38333,-44.33333,BR
Peri Mirim,-2.5775,-44.85417,BR
Pereiro,-6.04167,-38.45972,BR
Pequizeiro,-8.59361,-48.93417,BR
Pentecoste,-3.79278,-39.27028,BR
Pendências,-5.26,-36.72222,BR
Penalva,-3.29417,-45.17361,BR
Penaforte,-7.82895,-39.07539,BR
Peixe-Boi,-1.19194,-47.31222,BR
Pedro Velho,-6.43917,-35.22139,BR
Pedro II,-4.42472,-41.45861,BR
Pedro Avelino,-5.52167,-36.38806,BR
Pedro Afonso,-8.9675,-48.17472,BR
Pedreiras,-4.56889,-44.59194,BR
Pedras de Fogo,-7.40194,-35.11639,BR
Pedra Preta,-5.5825,-36.10472,BR
Pedra Lavrada,-6.75778,-36.47083,BR
Pedra Grande,-5.15028,-35.87889,BR
Pedra Branca,-7.42722,-38.0675,BR
Pedra Branca,-5.45417,-39.71722,BR
Pedra,-8.49694,-36.94083,BR
Pavussu,-7.96583,-43.2225,BR
Paulo Ramos,-4.44771,-45.24053,BR
Paulo Jacinto,-9.36611,-36.36972,BR
Paulo Afonso,-9.40611,-38.21472,BR
Paulistana,-8.14361,-41.14972,BR
Paulista,-7.94083,-34.87306,BR
Paulista,-6.59389,-37.62417,BR
Paulino Neves,-2.71917,-42.53306,BR
Pau dos Ferros,-6.10917,-38.20444,BR
Pau d'Arco,-7.53972,-49.37222,BR
Paudalho,-7.89667,-35.17972,BR
Patu,-6.11,-37.63667,BR
Patos,-7.02444,-37.28,BR
Pastos Bons,-6.60167,-44.07667,BR
Passo de Camaragibe,-9.23833,-35.49333,BR
Passira,-7.995,-35.58056,BR
Passagem Franca,-6.17972,-43.78361,BR
Passagem,-7.1375,-37.04944,BR
Passagem,-6.27889,-35.3775,BR
Parnarama,-5.68167,-43.09333,BR
Parnamirim,-8.09056,-39.57833,BR
Parnamirim,-5.91556,-35.26278,BR
Parnaíba,-2.90472,-41.77667,BR
Paripueira,-9.465,-35.55167,BR
Parintins,-2.62833,-56.73583,BR
Pariconha,-9.25278,-38.00472,BR
Parelhas,-6.68778,-36.6575,BR
Parazinho,-5.22306,-35.83833,BR
Paraú,-5.77444,-37.10139,BR
Parari,-7.32056,-36.65556,BR
Paranatama,-8.92083,-36.65806,BR
Estreito,-6.55573,-47.44149,BR
Paramoti,-4.09694,-39.23944,BR
Parambu,-6.21111,-40.69444,BR
Paraipaba,-3.43944,-39.14833,BR
Paraibano,-6.43306,-43.98361,BR
Paragominas,-2.99565,-47.35488,BR
Paracuru,-3.41,-39.03056,BR
Paquetá,-7.10444,-41.70389,BR
Pão de Açúcar,-9.74833,-37.43667,BR
Panelas,-8.66361,-36.00583,BR
Palmeirina,-9.00444,-36.32583,BR
Palmeirante,-7.86,-47.92583,BR
Palmeirais,-5.97778,-43.06333,BR
Palmeira do Piauí,-8.72644,-44.23657,BR
Palmares,-8.68333,-35.59167,BR
Palmácia,-4.15028,-38.84639,BR
Palhano,-4.74528,-37.95889,BR
Palestina,-9.67194,-37.32917,BR
Pajeú do Piauí,-7.85595,-42.82105,BR
Paes Landim,-7.77778,-42.25556,BR
Padre Marcos,-7.355,-40.90444,BR
Pacujá,-3.98019,-40.69824,BR
Pacoti,-4.225,-38.92333,BR
Pacatuba,-3.98417,-38.62028,BR
Pacajus,-4.1725,-38.46056,BR
Ouro Velho,-7.62333,-37.14944,BR
Ouro Branco,-9.16667,-37.35667,BR
Ouro Branco,-6.70111,-36.94556,BR
Ouricuri,-7.8825,-40.08167,BR
Ourém,-1.55194,-47.11444,BR
Orós,-6.24444,-38.91361,BR
Orobó,-7.745,-35.60222,BR
Oriximiná,-1.76556,-55.86611,BR
Olivença,-9.51861,-37.19056,BR
Olivedos,-6.99056,-36.24417,BR
Olinda,-8.00889,-34.85528,BR
Olho d'Água do Casado,-9.50194,-37.83389,BR
Olho d'Água do Borges,-5.95639,-37.70556,BR
Olho d'Água das Flores,-9.53611,-37.29389,BR
Olho d'Água,-7.22778,-37.75056,BR
Oiapoque,3.84306,-51.835,BR
Oeiras do Pará,-2.00306,-49.85444,BR
Oeiras,-7.02528,-42.13111,BR
Ocara,-4.49083,-38.59667,BR
Óbidos,-1.9175,-55.51806,BR
Novo Oriente do Piauí,-6.4501,-41.92876,BR
Novo Oriente,-5.53444,-40.77417,BR
Novo Lino,-8.915,-35.64667,BR
Areial,-7.06139,-35.92583,BR
Nova Timboteua,-1.20778,-47.3925,BR
Nova Russas,-4.70667,-40.56306,BR
Nova Palmeira,-6.6775,-36.42056,BR
Nova Olinda do Norte,-3.89174,-59.09542,BR
Nova Olinda,-7.63167,-48.4225,BR
Nova Olinda,-7.47972,-38.04222,BR
Nova Olinda,-7.09167,-39.68056,BR
Nova Iorque,-6.73389,-44.04444,BR
Nova Floresta,-6.45528,-36.20333,BR
Nova Cruz,-6.47806,-35.43389,BR
Nossa Senhora dos Remédios,-3.97944,-42.62056,BR
Nísia Floresta,-6.09111,-35.20861,BR
Nhamundá,-2.18611,-56.71306,BR
Nazária,-5.34933,-42.82028,BR
Nazarezinho,-6.91583,-38.32472,BR
Nazaré do Piauí,-6.97333,-42.67194,BR
Nazaré da Mata,-7.74167,-35.22778,BR
Nazaré,-6.37194,-47.66389,BR
Nossa Senhora de Nazaré,-4.63346,-42.17156,BR
Natuba,-7.64139,-35.55,BR
Natal,-5.795,-35.20944,BR
Murici,-9.30667,-35.94333,BR
Santa Filomena,-8.1625,-40.61556,BR
Mulungu,-7.02444,-35.46194,BR
Mulungu,-4.30556,-38.99639,BR
Mucambo,-3.90944,-40.74667,BR
Muaná,-1.52833,-49.21667,BR
Morros,-9.44667,-46.30028,BR
Morros,-2.86444,-44.03944,BR
Morro do Chapéu do Piauí,-3.74272,-42.31139,BR
Morrinhos,-3.22944,-40.125,BR
Moreno,-8.11861,-35.09222,BR
Moraújo,-3.46667,-40.68056,BR
Morada Nova,-5.10667,-38.3725,BR
Monte Santo do Tocantins,-10.00627,-48.99099,BR
Montes Altos,-5.83333,-47.06667,BR
Monteirópolis,-9.60278,-37.24833,BR
Monteiro,-7.88944,-37.12,BR
Monte Horebe,-7.20437,-38.58665,BR
Monte Alegre do Piauí,-9.75389,-45.30389,BR
Monte Alegre,-6.06778,-35.33222,BR
Monte Alegre,-5.88972,-36.30139,BR
Monte Alegre,-2.00082,-54.08102,BR
Montanhas,-6.48583,-35.2875,BR
Monsenhor Tabosa,-4.78944,-40.06333,BR
Monsenhor Hipólito,-6.99639,-41.02972,BR
Monsenhor Gil,-5.56417,-42.60778,BR
Monção,-3.49167,-45.25111,BR
Frutuoso Gomes,-6.15964,-37.84218,BR
Mombaça,-5.74306,-39.6275,BR
Moju,-1.88389,-48.76889,BR
Mogeiro,-7.29944,-35.47944,BR
Mossoró,-5.1875,-37.34417,BR
Mocajuba,-2.58417,-49.50722,BR
Missão Velha,-7.24972,-39.14306,BR
Mirinzal,-2.065,-44.78417,BR
Mirandiba,-8.12028,-38.72944,BR
Miranda do Norte,-3.56516,-44.58018,BR
Miraíma,-3.56944,-39.97,BR
Mirador,-6.37083,-44.36306,BR
Miracema do Tocantins,-9.56722,-48.39167,BR
Minador do Negrão,-9.30528,-36.86472,BR
Milhã,-5.675,-39.19389,BR
Milagres,-7.31333,-38.94556,BR
Miguel Leão,-5.68056,-42.73861,BR
Miguel Alves,-4.16556,-42.89528,BR
Messias,-9.38333,-35.84167,BR
Meruoca,-3.54167,-40.455,BR
Melgaço,-1.80444,-50.71222,BR
Barreiras do Piauí,-9.9228,-45.47718,BR
Mazagão,-0.115,-51.28944,BR
Maxaranguape,-5.51722,-35.25639,BR
Pureza,-5.46694,-35.55611,BR
Mauriti,-7.38917,-38.77444,BR
Maués,-3.38361,-57.71861,BR
Maturéia,-7.26694,-37.35139,BR
Matriz de Camaragibe,-9.15167,-35.53333,BR
Mato Grosso,-6.54305,-37.71504,BR
Matões,-5.51889,-43.19889,BR
Matinhas,-7.125,-35.76667,BR
Matinha,-3.10056,-45.03361,BR
Matias Olímpio,-3.71583,-42.55556,BR
Mataraca,-6.60139,-35.05111,BR
Mata Grande,-9.1175,-37.73222,BR
Massaranduba,-7.20028,-35.78917,BR
Massapê do Piauí,-7.4623,-41.12645,BR
Massapê,-3.52278,-40.34278,BR
Mar Vermelho,-9.4475,-36.38806,BR
Martins,-6.08778,-37.91111,BR
Martinópole,-3.22556,-40.69667,BR
Marizópolis,-6.84167,-38.34722,BR
Maribondo,-9.57722,-36.30528,BR
Mari,-7.06,-35.31944,BR
Marechal Deodoro,-9.71028,-35.895,BR
Marcos Parente,-7.12105,-43.8908,BR
Marcolândia,-7.4425,-40.66111,BR
Marco,-3.12389,-40.14667,BR
Marcelino Vieira,-6.29417,-38.16722,BR
Marcação,-6.77,-35.01472,BR
Maravilha,-9.23556,-37.35,BR
Marapanim,-0.7175,-47.69972,BR
Maranguape,-3.89083,-38.68556,BR
Maraial,-8.7825,-35.80889,BR
Maragogi,-9.01222,-35.2225,BR
Maracanaú,-3.87667,-38.62556,BR
Maracanã,-0.77071,-47.45176,BR
Maracaçumé,-2.04278,-45.95917,BR
Marabá,-5.38146,-49.13232,BR
Manoel Emídio,-8.01278,-43.87167,BR
Manari,-8.96389,-37.62833,BR
Manaíra,-7.70611,-38.15444,BR
Mamanguape,-6.83861,-35.12611,BR
Malta,-6.90444,-37.52194,BR
Major Sales,-6.40611,-38.32389,BR
Major Isidoro,-9.53222,-36.985,BR
Magalhães de Almeida,-3.39611,-42.20389,BR
Mãe d'Água,-7.25861,-37.42694,BR
Madalena,-4.85722,-39.57667,BR
Macururé,-9.1675,-39.0575,BR
Machados,-7.68222,-35.52278,BR
Maceió,-9.66583,-35.73528,BR
Macau,-5.115,-36.63444,BR
Macaparana,-7.55472,-35.45306,BR
Macapá,0.03889,-51.06639,BR
Macaíba,-5.85833,-35.35389,BR
Luzilândia,-3.45778,-42.37028,BR
Luís Gomes,-6.41389,-38.38861,BR
Luís Domingues,-1.32705,-45.8976,BR
Luís Correia,-2.87917,-41.66694,BR
Lucrécia,-6.12,-37.81556,BR
Lucena,-6.90028,-34.86889,BR
Loreto,-7.08444,-45.14111,BR
Lizarda,-9.59417,-46.67306,BR
Livramento,-7.37417,-36.94639,BR
Limoeiro do Norte,-5.14556,-38.09806,BR
Limoeiro do Ajuru,-1.89528,-49.38056,BR
Limoeiro de Anadia,-9.74056,-36.50278,BR
Limoeiro,-7.87472,-35.45028,BR
Lavras da Mangabeira,-6.75333,-38.96444,BR
Lastro,-6.51556,-38.18028,BR
Landri Sales,-7.26583,-43.93028,BR
Lajes Pintadas,-6.15028,-36.11722,BR
Lajes,-5.7,-36.24472,BR
Lajedo,-8.66361,-36.32,BR
Lajeado,-9.75139,-48.35806,BR
Lagoinha do Piauí,-5.83189,-42.63415,BR
Lago da Pedra,-4.56033,-45.13155,BR
Lagoa Seca,-7.17083,-35.85361,BR
Lagoa Salgada,-6.12083,-35.47722,BR
Lagoa Nova,-6.09401,-36.47219,BR
Lagoa Grande,-8.99694,-40.27194,BR
Lagoa de Velhos,-6.00389,-35.87167,BR
Lagoa do Sítio,-6.51333,-41.58417,BR
Lagoa dos Gatos,-8.65833,-35.9,BR
Lagoa de São Francisco,-4.39308,-41.60054,BR
Lagoa do Ouro,-9.1275,-36.45833,BR
Lagoa do Itaenga,-7.93611,-35.29028,BR
Lagoa do Carro,-7.84472,-35.31972,BR
Lagoa de Pedras,-6.14917,-35.43778,BR
Lagoa da Canoa,-9.82972,-36.73778,BR
Lagoa,-6.57056,-37.91583,BR
Juruti,-2.15222,-56.09222,BR
Juru,-7.53694,-37.81861,BR
Juripiranga,-7.37333,-35.23806,BR
Jurema,-9.2223,-43.12915,BR
Jurema,-8.71806,-36.13583,BR
Jupi,-8.71167,-36.415,BR
Junqueiro,-9.92528,-36.47583,BR
Jundiá,-8.93472,-35.57361,BR
Junco do Seridó,-6.99667,-36.71306,BR
Jucurutu,-6.03389,-37.02028,BR
Jucati,-8.70639,-36.48889,BR
Jucás,-6.52528,-39.5275,BR
Juazeiro do Norte,-7.21306,-39.31528,BR
Juazeiro,-9.41167,-40.49861,BR
Juazeiro do Piauí,-5.17373,-41.70763,BR
Juarez Távora,-7.17167,-35.58333,BR
Juá dos Vieiras,-3.53333,-41.3,BR
José de Freitas,-4.75639,-42.57556,BR
José da Penha,-6.31667,-38.28139,BR
Joaquim Nabuco,-8.62444,-35.53333,BR
Joaquim Gomes,-9.13333,-35.74833,BR
Encanto,-6.11056,-38.30528,BR
João Pessoa,-7.115,-34.86306,BR
João Lisboa,-5.44778,-47.40083,BR
João Dias,-6.27444,-37.79611,BR
João Câmara,-5.5375,-35.81972,BR
João Alfredo,-7.85583,-35.58833,BR
Girau do Ponciano,-9.88417,-36.82889,BR
Jerumenha,-7.08778,-43.50972,BR
Jericó,-6.55361,-37.80861,BR
Jati,-7.68853,-39.00576,BR
Jataúba,-7.99,-36.49639,BR
Jardim do Seridó,-6.58444,-36.77444,BR
Jardim de Piranhas,-6.37861,-37.35194,BR
Jardim de Angicos,-5.65361,-35.96889,BR
Jardim,-7.5817,-39.28348,BR
Jardim,-3.46444,-39.05667,BR
Jaramataia,-9.65944,-37.00194,BR
Jaqueira,-8.72667,-35.79333,BR
Japi,-6.465,-35.94667,BR
Japaratinga,-9.08833,-35.25833,BR
Boa Saúde,-6.15833,-35.60056,BR
Janduís,-6.01556,-37.40889,BR
Jandaíra,-5.35639,-36.12806,BR
Jaicós,-7.35917,-41.13778,BR
Jaguaruana,-4.83389,-37.78111,BR
Jaguaribe,-5.89056,-38.62194,BR
Jaguaribara,-5.46033,-38.46263,BR
Jaguaretama,-5.61278,-38.76694,BR
Jacundá,-4.44696,-49.11556,BR
Jacuípe,-8.84167,-35.46,BR
Jacobina do Piauí,-7.93643,-41.2113,BR
Jacaré dos Homens,-9.63556,-37.20472,BR
Jacareacanga,-6.22222,-57.75278,BR
Jacaraú,-6.61222,-35.29278,BR
Jaçanã,-6.42583,-36.205,BR
Jaboatão,-8.18028,-35.00139,BR
Itupiranga,-5.13472,-49.32667,BR
Itaueira,-7.60333,-43.02556,BR
Itaubal,0.71167,-50.8,BR
Itaú,-5.83972,-37.99278,BR
Itatuba,-7.375,-35.62833,BR
Itatira,-4.52889,-39.62222,BR
Itarema,-2.92028,-39.915,BR
Itaquitinga,-7.66778,-35.10167,BR
Itacoatiara,-3.14306,-58.44417,BR
Itapororoca,-6.82972,-35.24722,BR
Itaporanga,-7.30444,-38.15028,BR
Itaporã do Tocantins,-8.57139,-48.68917,BR
Itapiúna,-4.56444,-38.92222,BR
Itapissuma,-7.77639,-34.89222,BR
Itapiranga,-2.74889,-58.02194,BR
Itapipoca,-3.49444,-39.57861,BR
Itapetim,-7.37833,-37.19028,BR
Itapecuru Mirim,-3.3925,-44.35861,BR
Itapagé,-3.68667,-39.58611,BR
Ilha de Itamaracá,-7.74778,-34.82556,BR
Itaituba,-4.27611,-55.98361,BR
Itaitinga,-3.96944,-38.52806,BR
Itaipava do Grajaú,-5.14325,-45.78914,BR
Itainópolis,-7.44694,-41.47833,BR
Itaiçaba,-4.67444,-37.8225,BR
Itaíba,-8.9475,-37.42278,BR
Itaguatins,-5.76889,-47.48333,BR
Itacuruba,-8.72722,-38.68333,BR
Itacajá,-8.39167,-47.76778,BR
Itabaiana,-7.32861,-35.3325,BR
Isaías Coelho,-7.73778,-41.67611,BR
Irituia,-1.77111,-47.43806,BR
Irauçuba,-3.74611,-39.78333,BR
Sebastião Leal,-7.5698,-44.06504,BR
São Benedito do Sul,-8.80728,-35.93348,BR
Iracema,-5.81194,-38.30583,BR
Ipueiras,-7.03333,-40.45,BR
Ipueiras,-4.54167,-40.71889,BR
Ipueira,-6.81417,-37.19889,BR
Ipubi,-7.65194,-40.14889,BR
Ipu,-4.32222,-40.71083,BR
Ipojuca,-8.39889,-35.06389,BR
Ipiranga do Piauí,-6.82833,-41.74056,BR
Ipaumirim,-6.78972,-38.71917,BR
Ipaporanga,-4.9,-40.75889,BR
Ipanguaçu,-5.50762,-36.8593,BR
Inhuma,-6.66833,-41.70778,BR
Inhapi,-9.22139,-37.74861,BR
Inhangapi,-1.42972,-47.91972,BR
Ingazeira,-8.63333,-38.65,BR
Ingá,-7.28083,-35.60444,BR
Independência,-5.39639,-40.30861,BR
Inajá,-8.90167,-37.82389,BR
Imperatriz,-5.52639,-47.49167,BR
Imaculada,-7.38972,-37.50917,BR
Iguatu,-6.35944,-39.29861,BR
Iguaraci,-7.83528,-37.51528,BR
Igarapé Miri,-1.975,-48.95972,BR
Igarapé Grande,-4.66303,-44.85586,BR
Igarapé-Açu,-1.12889,-47.62,BR
Igarassu,-7.83417,-34.90639,BR
Igaci,-9.53694,-36.63361,BR
Ielmo Marinho,-5.82417,-35.55278,BR
Icó,-6.40111,-38.86222,BR
Icatu,-2.77583,-44.06583,BR
Icapuí,-4.71306,-37.35528,BR
Ibirajuba,-8.58056,-36.17944,BR
Ibimirim,-8.54056,-37.69028,BR
Ibicuitinga,-4.97389,-38.63889,BR
Ibiara,-7.50139,-38.40472,BR
Ibiapina,-3.92333,-40.88944,BR
Ibateguara,-8.9725,-35.93944,BR
Ibaretama,-4.82065,-38.82294,BR
Iati,-9.04583,-36.84611,BR
Humberto de Campos,-2.59833,-43.46111,BR
Horizonte,-4.09802,-38.486,BR
Hidrolândia,-4.408,-40.40414,BR
Gurupá,-1.405,-51.64,BR
Gurjão,-7.24852,-36.49358,BR
Gurinhém,-7.12389,-35.42444,BR
Guimarães,-2.13306,-44.60111,BR
Guaribas,-9.39547,-43.69293,BR
Guaramiranga,-4.26333,-38.93306,BR
Guaraciaba do Norte,-4.16694,-40.7475,BR
Guarabira,-6.85472,-35.49,BR
Guaraí,-8.83417,-48.51028,BR
Guamaré,-5.1075,-36.32028,BR
Guajará,-2.96667,-57.66667,BR
Guaiúba,-4.03972,-38.63722,BR
Guadalupe,-6.79092,-43.57064,BR
Barra de Guabiraba,-8.41649,-35.66287,BR
Grossos,-4.97972,-37.15472,BR
Groaíras,-3.91333,-40.38333,BR
Gravatá,-8.20111,-35.56472,BR
Granjeiro,-6.88833,-39.21778,BR
Granja,-3.12028,-40.82611,BR
Granito,-7.71611,-39.61472,BR
Grajaú,-5.81944,-46.13861,BR
Graça,-4.04611,-40.75278,BR
Governador Dix-Sept Rosado,-5.45889,-37.52083,BR
Governador Archer,-5.02222,-44.27111,BR
Gonçalves Dias,-5.15332,-44.30013,BR
Goiatins,-7.71,-47.31417,BR
Goianorte,-8.77583,-48.93167,BR
Goianinha,-6.26617,-35.20969,BR
Goiana,-7.56056,-35.0025,BR
Glória do Goitá,-8.00167,-35.29278,BR
Glória,-9.33806,-38.25472,BR
Gilbués,-9.83167,-45.34389,BR
General Sampaio,-4.05278,-39.45444,BR
Gararu,-9.9675,-37.08333,BR
Garanhuns,-8.88202,-36.50216,BR
Carnaubinha,-5.21492,-35.43523,BR
Gameleira,-8.58444,-35.38667,BR
Galinhos,-5.09056,-36.27528,BR
Fronteiras,-7.08806,-40.61639,BR
Frei Miguelinho,-7.93972,-35.91222,BR
Frei Martinho,-6.40306,-36.45556,BR
Frecheirinha,-3.76,-40.81639,BR
Francisco Santos,-6.99278,-41.13778,BR
Francisco Dantas,-6.08884,-38.12346,BR
Francisco Ayres,-6.62306,-42.69278,BR
Francinópolis,-6.39583,-42.26194,BR
Fortuna,-5.73333,-44.15833,BR
Fortim,-4.45194,-37.79722,BR
Fortaleza dos Nogueiras,-6.96389,-46.17722,BR
Fortaleza,-3.71722,-38.54306,BR
Forquilha,-3.79833,-40.26056,BR
Formosa da Serra Negra,-6.44458,-46.18883,BR
Floriano,-6.76694,-43.0225,BR
Floresta do Piauí,-7.46722,-41.79977,BR
Floresta,-8.60111,-38.56861,BR
Flores do Piauí,-7.79111,-42.92722,BR
Flores,-7.86806,-37.97472,BR
Florânia,-6.12722,-36.81806,BR
Flexeiras,-9.1975,-35.78083,BR
Filadélfia,-7.33611,-47.49028,BR
Ferreiros,-7.4475,-35.24417,BR
Ferreira Gomes,0.85833,-51.18,BR
Fernando Pedroza,-5.69722,-36.53111,BR
Felipe Guerra,-5.59703,-37.69766,BR
Feira Nova,-7.95083,-35.38917,BR
Feira Grande,-9.90028,-36.6775,BR
Fartura do Piauí,-9.48194,-42.78962,BR
Faro,-2.17139,-56.745,BR
Farias Brito,-6.92806,-39.57232,BR
Fagundes,-7.355,-35.775,BR
Exu,-7.51194,-39.72417,BR
Dom Expedito Lopes,-6.95944,-41.64111,BR
Eusébio,-3.89,-38.45056,BR
Extremoz,-5.70556,-35.30722,BR
Estreito,-5.78333,-43.25,BR
Ribeira do Piauí,-7.69153,-42.71313,BR
Espírito Santo,-6.33222,-35.30944,BR
Esperantinópolis,-4.87697,-44.88208,BR
Esperantina,-3.90167,-42.23361,BR
Esperança,-7.03306,-35.85722,BR
Escada,-8.35917,-35.22361,BR
Ereré,-6.03194,-38.34861,BR
Equador,-6.945,-36.71833,BR
Emas,-7.10778,-37.71556,BR
Eliseu Martins,-8.09667,-43.66361,BR
Elesbão Veloso,-6.20194,-42.14028,BR
Duque Bacelar,-4.15556,-42.94444,BR
Duas Estradas,-6.68861,-35.4169,BR
Doutor Severiano,-6.09444,-38.37472,BR
Dona Inês,-6.60375,-35.62702,BR
Dom Pedro,-5.03825,-44.43746,BR
Dois Riachos,-9.3925,-37.10056,BR
Dois Irmãos do Tocantins,-9.25833,-49.06444,BR
Diamante,-7.42778,-38.26417,BR
Desterro,-7.29056,-37.09389,BR
Demerval Lobão,-5.35833,-42.67639,BR
Delmiro Gouveia,-9.38861,-37.99917,BR
Custódia,-8.0875,-37.64306,BR
Cururupu,-1.82833,-44.86833,BR
Curuçá,-0.72889,-47.84806,BR
Curuá,-1.88806,-55.11667,BR
Curral Velho,-7.58111,-38.19833,BR
Dom Inocêncio,-9.00544,-41.97462,BR
Curral Novo do Piauí,-7.83297,-40.90082,BR
Curralinhos,-5.6187,-42.82842,BR
Curralinho,-1.81361,-49.79528,BR
Currais Novos,-6.26083,-36.51778,BR
Currais,-9.01391,-44.39892,BR
Curaçá,-8.99028,-39.90944,BR
Cupira,-8.61667,-35.95,BR
Cumaru,-8.00611,-35.69722,BR
Cuitegi,-6.89333,-35.52333,BR
Cuité,-6.48361,-36.15361,BR
Cruzeta,-6.41167,-36.78972,BR
Cruz do Espírito Santo,-7.14,-35.08639,BR
Santa Cruz,-8.23945,-40.33227,BR
Cruz,-2.9211,-40.17589,BR
Croatá,-4.41594,-40.90471,BR
Cristino Castro,-8.81778,-44.22417,BR
Crato,-7.23417,-39.40944,BR
Crateús,-5.17775,-40.66949,BR
Craíbas,-9.61806,-36.76806,BR
Coxixola,-7.62667,-36.60583,BR
Couto Magalhães,-8.36102,-49.17784,BR
Quiterianópolis,-5.84426,-40.70195,BR
Cortês,-8.47028,-35.54111,BR
Correntes,-9.12889,-36.33028,BR
Coronel João Pessoa,-6.25972,-38.44361,BR
Coronel Ezequiel,-6.3825,-36.21472,BR
Coroatá,-4.13,-44.12417,BR
Coremas,-7.01444,-37.94583,BR
Coreaú,-3.55097,-40.65724,BR
Coqueiro Seco,-9.63833,-35.80306,BR
Congo,-7.79694,-36.65972,BR
Condado,-7.58583,-35.10583,BR
Condado,-6.91021,-37.6001,BR
Conceição do Canindé,-7.87778,-41.59694,BR
Conceição do Araguaia,-8.26441,-49.26982,BR
Conceição,-7.56222,-38.50889,BR
Santa Rosa do Piauí,-6.79726,-42.27932,BR
Colônia Leopoldina,-8.90889,-35.725,BR
Colônia do Piauí,-7.22889,-42.1785,BR
Colinas,-6.02583,-44.24917,BR
Colares,-0.93667,-48.28167,BR
Coivaras,-5.08944,-42.20333,BR
Coité do Nóia,-9.63222,-36.57861,BR
Coelho Neto,-4.25667,-43.01278,BR
Codó,-4.45528,-43.88556,BR
Cocal dos Alves,-3.60147,-41.44311,BR
Cocal,-3.47194,-41.5575,BR
Chorrochó,-8.97972,-39.09639,BR
Chorozinho,-4.30028,-38.49778,BR
Choró,-4.84333,-39.14111,BR
Chaves,-0.16,-49.98833,BR
Chaval,-3.03361,-41.24389,BR
Chã Preta,-9.25528,-36.29611,BR
Chapadinha,-3.74167,-43.36028,BR
Xambioá,-6.41137,-48.53103,BR
Chã Grande,-8.23833,-35.46167,BR
Chã de Alegria,-8.00111,-35.21278,BR
Cerro Corá,-6.04556,-36.34583,BR
Cedro,-7.72167,-39.23889,BR
Cedro,-6.60667,-39.06222,BR
Ceará-Mirim,-5.63444,-35.42556,BR
Caxingó,-3.4175,-41.89611,BR
Caxias,-4.85889,-43.35611,BR
Caucaia,-3.73611,-38.65306,BR
Caturité,-7.42028,-36.02722,BR
Catunda,-4.64778,-40.20139,BR
Catolé do Rocha,-6.34389,-37.74667,BR
Campo Alegre de Lourdes,-9.51729,-43.01026,BR
Catingueira,-7.12556,-37.60889,BR
Catende,-8.66667,-35.71667,BR
Catarina,-6.13083,-39.8775,BR
Castelo do Piauí,-5.32222,-41.5525,BR
Castanhal,-1.29389,-47.92639,BR
Casinhas,-7.74111,-35.72111,BR
Cascavel,-4.13306,-38.24194,BR
Casa Nova,-9.17419,-40.97514,BR
Carutapera,-1.20736,-46.0236,BR
Caruaru,-8.28333,-35.97611,BR
Carrapateira,-7.03889,-38.34361,BR
Carpina,-7.85083,-35.25472,BR
Carolina,-7.33561,-47.46218,BR
Carneiros,-9.4825,-37.37722,BR
Carnaubal,-4.16667,-40.94278,BR
Carnaubais,-5.33752,-36.83421,BR
Carnaúba dos Dantas,-6.55556,-36.595,BR
Carnaubeira da Penha,-8.31855,-38.74357,BR
Carnaíba,-8.7,-37.66667,BR
Carnaíba,-7.80528,-37.79389,BR
Cariús,-6.53722,-39.49667,BR
Caririaçu,-7.04222,-39.28361,BR
Cariré,-3.95056,-40.47333,BR
Caridade do Piauí,-7.73241,-40.988,BR
Caridade,-4.23222,-39.1925,BR
Careiro da Várzea,-3.19695,-59.82674,BR
Caraúbas,-7.72073,-36.49401,BR
Caraúbas,-5.7925,-37.55667,BR
Caracol,-9.27861,-43.33,BR
Capoeiras,-8.73472,-36.62667,BR
Capitão Poço,-1.74639,-47.05944,BR
Capitão de Campos,-4.45667,-41.9425,BR
Capistrano,-4.47,-38.90139,BR
Capim,-6.91611,-35.17167,BR
Capela,-9.4075,-36.07361,BR
Capanema,-1.19583,-47.18083,BR
Canudos,-9.89667,-39.02639,BR
Porto do Mangue,-5.06778,-36.78167,BR
Canto do Buriti,-8.11,-42.94444,BR
Cantanhede,-3.63333,-44.37667,BR
Canindé de São Francisco,-9.66,-37.78944,BR
Canindé,-4.35889,-39.31167,BR
Canhotinho,-8.88222,-36.19111,BR
Canguaretama,-6.38,-35.12889,BR
Cândido Mendes,-1.4532,-45.72831,BR
Canavieira,-7.68806,-43.72056,BR
Canapi,-9.11694,-37.60222,BR
São João da Canabrava,-6.81674,-41.34592,BR
Camutanga,-7.40694,-35.27444,BR
Campos Sales,-7.07444,-40.37611,BR
Campo Redondo,-6.24139,-36.1825,BR
Campo Maior,-4.82778,-42.16861,BR
Campo Largo do Piauí,-3.81079,-42.62896,BR
Campo Grande do Piauí,-7.13366,-41.0376,BR
Campo Alegre,-9.78194,-36.35083,BR
Campo Alegre do Fidalgo,-8.37682,-41.83698,BR
Campinas do Piauí,-7.66028,-41.88167,BR
Campina Grande,-7.23056,-35.88111,BR
Campestre,-8.84583,-35.56806,BR
Camocim de São Félix,-8.35861,-35.76194,BR
Camocim,-2.90222,-40.84111,BR
Cametá,-2.24444,-49.49583,BR
Camaragibe,-8.02167,-34.98111,BR
Camalaú,-7.88889,-36.82333,BR
Calumbi,-7.94139,-38.15,BR
Caldeirão Grande do Piauí,-7.33243,-40.63875,BR
Calçoene,2.4975,-50.94861,BR
Calçado,-8.74222,-36.33389,BR
Cajueiro,-9.70926,-36.44785,BR
Cajueiro,-9.39667,-36.15361,BR
Cajueiro,-5.15212,-35.51688,BR
Cajueiro da Praia,-2.93098,-41.33597,BR
Cajazeiras do Piauí,-6.79329,-42.39378,BR
Cajazeirinhas,-6.96111,-37.80611,BR
Cajazeiras,-6.89028,-38.55528,BR
Cajari,-3.32083,-45.01083,BR
Cajapió,-2.88083,-44.67472,BR
Caicó,-6.45833,-37.09778,BR
Caiçara do Rio do Vento,-5.76028,-35.99833,BR
Caiçara do Norte,-5.06253,-36.05013,BR
Caiçara,-6.615,-35.46861,BR
Caetés,-8.77306,-36.6225,BR
Cacimbinhas,-9.40028,-36.99028,BR
Cacimbas,-7.21111,-37.0575,BR
Cacimba de Dentro,-6.64167,-35.79,BR
Cacimba de Areia,-7.12944,-37.15722,BR
Cachoeirinha,-8.48639,-36.23306,BR
Cachoeira dos Índios,-6.92694,-38.67417,BR
Cachoeira do Arari,-1.01139,-48.96333,BR
Cachoeira Grande,-2.9298,-44.05438,BR
Cabrobó,-8.51417,-39.31,BR
Cabo de Santo Agostinho,-8.28773,-35.02925,BR
Cabedelo,-6.98111,-34.83389,BR
Cabeceiras do Piauí,-4.47611,-42.30858,BR
Morro Cabeça no Tempo,-9.7263,-43.90865,BR
Cabaceiras,-7.48889,-36.28722,BR
Caaporã,-7.51556,-34.90833,BR
Buritirana,-5.59164,-47.01531,BR
Buriti dos Montes,-5.31194,-41.09722,BR
Buriti dos Lopes,-3.175,-41.86694,BR
Buriti Bravo,-5.83722,-43.83361,BR
Buriti,-3.94222,-42.925,BR
Bujaru,-1.515,-48.04472,BR
Buíque,-8.62306,-37.15583,BR
Breves,-1.68222,-50.48028,BR
Brejo Santo,-7.49333,-38.98722,BR
Brejo dos Santos,-6.37667,-37.82472,BR
Brejo do Cruz,-6.34861,-37.49833,BR
Brejo da Madre de Deus,-8.14583,-36.37111,BR
Brejo do Piauí,-8.20673,-42.83468,BR
Brejo,-3.68444,-42.75028,BR
Brejinho,-9.1,-38.28333,BR
Brejinho,-7.34944,-37.28611,BR
Brejinho,-6.19083,-35.35667,BR
Brejão,-9.03028,-36.56861,BR
Brasileira,-4.13044,-41.78228,BR
Branquinha,-9.24556,-36.01528,BR
Bragança,-1.05361,-46.76556,BR
Borborema,-6.80333,-35.58,BR
Borba,-4.39143,-59.58864,BR
Boqueirão,-7.48179,-36.13222,BR
Bonito de Santa Fé,-7.31333,-38.515,BR
Bonito,-8.47028,-35.72861,BR
Bonito,-1.3625,-47.30583,BR
Bonfim do Piauí,-9.16935,-42.8754,BR
Bom Sucesso,-6.445,-37.92944,BR
Bom Princípio do Piauí,-3.1919,-41.64378,BR
Bom Lugar,-4.37204,-45.0337,BR
Bom Jesus,-9.07444,-44.35861,BR
Bom Jesus do Tocantins,-8.965,-48.16639,BR
Bom Jesus,-6.81553,-38.65436,BR
Bom Jesus,-5.98389,-35.58139,BR
Bom Jardim,-7.79583,-35.58722,BR
Bom Jardim,-7.01667,-46.48333,BR
Bom Conselho,-9.16972,-36.67972,BR
Barra de Santana,-7.52285,-35.99779,BR
Bodocó,-7.77833,-39.94111,BR
Bodó,-5.98833,-36.41306,BR
Bocaina,-6.9425,-41.3225,BR
Boca da Mata,-9.64139,-36.22028,BR
Boa Vista,-7.25944,-36.24,BR
Boa Viagem,-5.1275,-39.73222,BR
Boa Cica,-5.28132,-35.56673,BR
Bezerros,-8.23333,-35.79694,BR
Betânia,-8.27472,-38.03417,BR
Bertolínia,-7.64111,-43.95139,BR
Bequimão,-2.44889,-44.7825,BR
Bento Fernandes,-5.69389,-35.81972,BR
Benevides,-1.36139,-48.24472,BR
Benedito Leite,-7.22278,-44.55833,BR
Beneditinos,-5.45,-42.36667,BR
Belterra,-2.63639,-54.93722,BR
Belo Monte,-9.82833,-37.28,BR
Belo Jardim,-8.33556,-36.42417,BR
Belém do Brejo do Cruz,-6.18861,-37.53583,BR
Belém de São Francisco,-8.75389,-38.96583,BR
Belém de Maria,-8.62556,-35.83,BR
Belém,-9.57111,-36.49222,BR
Belém,-6.69167,-35.53333,BR
Belém,-1.45583,-48.50444,BR
Bela Cruz,-3.05056,-40.16778,BR
Beberibe,-4.17972,-38.13056,BR
Bayeux,-7.125,-34.93222,BR
Baturité,-4.32861,-38.88472,BR
Batalha,-9.67778,-37.12472,BR
Batalha,-4.025,-42.075,BR
Barroquinha,-3.01889,-41.13611,BR
Barro Duro,-5.81694,-42.51306,BR
Barro,-7.17846,-38.78003,BR
Barro,-6.71667,-38.86667,BR
Barreiros,-8.81833,-35.18639,BR
Barreirinhas,-2.75556,-42.82591,BR
Barreirinha,-2.79333,-57.07,BR
Barreira,-4.28694,-38.64306,BR
Barras,-4.24444,-42.29444,BR
Barra do Corda,-5.50556,-45.24333,BR
Barra de São Miguel,-9.84,-35.90778,BR
Barra de Santo Antônio,-9.40472,-35.50722,BR
Barra de Santa Rosa,-6.71972,-36.06056,BR
Barcelona,-5.95056,-35.92639,BR
Barcarena,-1.50583,-48.62583,BR
Barbalha,-7.31111,-39.30417,BR
Baraúna,-6.64278,-36.25361,BR
Baraúna,-5.08,-37.61667,BR
Barão de Grajaú,-6.75639,-43.02417,BR
Bananeiras,-6.75,-35.63333,BR
Balsas,-7.5325,-46.03556,BR
Baixio,-6.73,-38.71694,BR
São Miguel da Baixa Grande,-5.86497,-42.18686,BR
Baixa do QuinQuim,-5.21833,-35.61725,BR
Baião,-2.79056,-49.67167,BR
Baía Formosa,-6.36944,-35.00778,BR
Baía da Traição,-6.68833,-34.93583,BR
Bagre,-1.89969,-50.20821,BR
Bacurituba,-2.70583,-44.73778,BR
Bacuri,-1.72751,-45.14216,BR
Bacabal,-4.23246,-44.78164,BR
Babaçulândia,-7.20472,-47.75694,BR
Axixá do Tocantins,-5.6145,-47.76884,BR
Axixá,-2.83694,-44.05333,BR
Aveiro,-3.60556,-55.33167,BR
Autazes,-3.57972,-59.13056,BR
Aurora,-6.9425,-38.9675,BR
Campo Grande,-5.86389,-37.31,BR
Augusto Corrêa,-1.02167,-46.635,BR
Atalaia,-9.50194,-36.02278,BR
Assunção,-7.07444,-36.73111,BR
Assunção do Piauí,-5.86294,-41.04916,BR
Assaré,-6.87444,-39.875,BR
Arraial,-6.65472,-42.53167,BR
Aroeiras,-7.54528,-35.7075,BR
Aroeiras do Itaim,-7.27951,-41.56358,BR
Aroazes,-6.11889,-41.79306,BR
Arneiroz,-6.32361,-40.16056,BR
Arês,-6.19444,-35.16028,BR
Areia de Baraúnas,-7.12278,-36.94111,BR
Areia Branca,-4.95611,-37.13694,BR
Areia,-6.96333,-35.69167,BR
Arcoverde,-8.41889,-37.05389,BR
Aratuba,-4.41833,-39.045,BR
Araruna,-6.55833,-35.74167,BR
Araripina,-7.57611,-40.49833,BR
Araripe,-7.21337,-40.137,BR
Arari,-3.45361,-44.78,BR
Ararendá,-4.75278,-40.83278,BR
Arara,-6.82833,-35.75833,BR
Arapoema,-7.65778,-49.06389,BR
Arapiraca,-9.7525,-36.66111,BR
Araioses,-2.89,-41.90306,BR
Araguatins,-5.65084,-48.11119,BR
Araguanã,-6.58111,-48.64444,BR
Araguaína,-7.19111,-48.20722,BR
Araguacema,-8.80361,-49.55639,BR
Araçoiaba,-7.79028,-35.09083,BR
Aracoiaba,-4.37111,-38.81417,BR
Aracati,-4.56167,-37.76972,BR
Araçagi,-6.85306,-35.38111,BR
Aquiraz,-3.90139,-38.39111,BR
Apuiarés,-3.94889,-39.43167,BR
Apodi,-5.66417,-37.79889,BR
Aparecida,-6.78444,-38.08667,BR
Antônio Martins,-6.21278,-37.90556,BR
Antonina do Norte,-6.775,-39.98917,BR
São João do Rio do Peixe,-6.72917,-38.44889,BR
Angicos,-5.66556,-36.60111,BR
Angical do Piauí,-6.08556,-42.73917,BR
Angelim,-8.89028,-36.28583,BR
Anapurus,-3.67167,-43.11611,BR
Ananindeua,-1.36556,-48.37222,BR
Ananás,-6.36528,-48.07278,BR
Anajatuba,-3.26444,-44.61972,BR
Anajás,-0.98667,-49.94,BR
Anadia,-9.68444,-36.30417,BR
Amparo,-7.56806,-37.06361,BR
Amontada,-3.36167,-39.83167,BR
Amarante do Maranhão,-5.56667,-46.74222,BR
Amarante,-6.24316,-42.84544,BR
Amaraji,-8.38306,-35.4525,BR
Amapá,2.045,-50.78821,BR
Alto Santo,-5.52083,-38.27167,BR
Altos,-5.03806,-42.46,BR
Alto Parnaíba,-9.11083,-45.92972,BR
Alto Longá,-5.25111,-42.21028,BR
Alto do Rodrigues,-5.28833,-36.76222,BR
Altinho,-8.48972,-36.05944,BR
Alter do Chão,-2.50361,-54.9525,BR
Altaneira,-7.00167,-39.74056,BR
Altamira do Maranhão,-4.16638,-45.46515,BR
Altamira,-3.20333,-52.20639,BR
Almino Afonso,-6.15222,-37.76611,BR
Almeirim,-1.52333,-52.58167,BR
Aliança,-7.60333,-35.23083,BR
Alhandra,-7.43861,-34.91444,BR
Algodão de Jandaíra,-6.9043,-36.00833,BR
Alexandria,-6.4125,-38.01583,BR
Alenquer,-1.94167,-54.73833,BR
Alegrete do Piauí,-7.24298,-40.85986,BR
Alcantil,-7.74389,-36.05611,BR
Alcântaras,-3.58889,-40.54556,BR
Alcântara,-2.4041,-44.41669,BR
Alagoinha,-8.46639,-36.77583,BR
Alagoinha do Piauí,-7.00956,-40.93792,BR
Alagoinha,-6.95,-35.545,BR
Alagoa Nova,-7.07083,-35.75833,BR
Alagoa Grande,-7.04159,-35.62699,BR
São Sebastião de Lagoa de Roça,-7.10552,-35.86855,BR
Aiuaba,-6.57361,-40.12361,BR
Aguiar,-7.09194,-38.17056,BR
Águas Belas,-9.11139,-37.12306,BR
Água Preta,-8.7075,-35.53056,BR
Água Nova,-6.20597,-38.29157,BR
Água Branca,-9.26083,-37.93611,BR
Água Branca,-7.51194,-37.64056,BR
Água Branca,-5.89222,-42.63611,BR
Agricolândia,-5.79671,-42.66181,BR
Agrestina,-8.45806,-35.94472,BR
Afuá,-0.15667,-50.38667,BR
Afrânio,-8.515,-41.005,BR
Afonso Bezerra,-5.49833,-36.50556,BR
Afogados da Ingazeira,-7.75083,-37.63917,BR
Acauã,-8.215,-41.08167,BR
Açu,-5.57667,-36.90861,BR
Acopiara,-6.09528,-39.4525,BR
Acari,-6.43556,-36.63889,BR
Acaraú,-2.88556,-40.12,BR
Acarape,-4.22417,-38.70833,BR
Acará,-1.96083,-48.19667,BR
Abreu e Lima,-7.91167,-34.90278,BR
Abaré,-8.72028,-39.11389,BR
Abaiara,-7.36035,-39.04888,BR
Abaetetuba,-1.71806,-48.8825,BR
São João da Baliza,0.95,-59.91181,BR
Madeiro,-3.48278,-42.50444,BR
Murici dos Portelas,-3.32383,-42.08982,BR
Mata Roma,-3.625,-43.11111,BR
Joaquim Pires,-3.50833,-42.19778,BR
São João do Arraial,-3.81484,-42.45241,BR
São Sebastião do Uatumã,-2.56497,-57.87259,BR
Boa Vista do Ramos,-2.96972,-57.58684,BR
Abreulândia,-9.62139,-49.15083,BR
Angico,-6.38917,-47.86444,BR
Aparecida do Rio Negro,-9.95167,-47.97222,BR
Aragominas,-7.15972,-48.5275,BR
Augustinópolis,-5.46854,-47.88863,BR
Barrolândia,-9.83556,-48.72528,BR
Bernardo Sayão,-7.87361,-48.88833,BR
Brasilândia do Tocantins,-8.3875,-48.48111,BR
Buriti do Tocantins,-5.31528,-48.22972,BR
Campos Lindos,-7.99389,-46.86806,BR
Carmolândia,-7.03333,-48.39611,BR
Caseara,-9.27833,-49.95556,BR
Centenário,-8.95056,-47.33583,BR
Colméia,-8.72944,-48.76472,BR
Divinópolis do Tocantins,-9.79972,-49.21389,BR
Esperantina,-5.34278,-48.51139,BR
Fortaleza do Tabocão,-9.05722,-48.51889,BR
Itapiratins,-8.38389,-48.11139,BR
Juarina,-8.11944,-49.06472,BR
Marianópolis do Tocantins,-9.79583,-49.65417,BR
Palmeiras do Tocantins,-6.6125,-47.54583,BR
Presidente Kennedy,-8.53944,-48.50611,BR
Recursolândia,-8.72778,-47.24306,BR
Rio dos Bois,-9.345,-48.53528,BR
Rio Sono,-9.34361,-47.90194,BR
Sampaio,-5.34833,-47.87306,BR
Santa Fé do Araguaia,-7.15583,-48.70278,BR
Santa Maria do Tocantins,-8.77542,-47.74745,BR
São Miguel do Tocantins,-5.55196,-47.57811,BR
Wanderlândia,-6.84917,-47.96306,BR
Maurilândia do Tocantins,-5.95306,-47.50639,BR
Cachoeirinha,-6.12032,-47.9213,BR
Colinas do Tocantins,-8.05917,-48.475,BR
Darcinópolis,-6.70707,-47.74927,BR
Miranorte,-9.52944,-48.59,BR
Muricilândia,-7.14583,-48.61,BR
Piraquê,-6.77361,-48.29694,BR
Zacarias,-21.05222,-50.05083,BR
Xique-Xique,-10.82294,-42.72815,BR
Xaxim,-26.96167,-52.53472,BR
Xavantina,-27.06861,-52.34194,BR
Santa Rita do Pardo,-21.30156,-52.82879,BR
Chavantes,-23.03889,-49.70944,BR
Xanxerê,-26.87694,-52.40417,BR
Xambrê,-23.73611,-53.49,BR
Witmarsum,-26.92611,-49.79583,BR
Wagner,-12.28694,-41.16833,BR
Pedro Alexandre,-10.01252,-37.89466,BR
Votuporanga,-20.42278,-49.97278,BR
Votorantim,-23.54667,-47.43778,BR
Volta Redonda,-22.52306,-44.10417,BR
Volta Grande,-21.77056,-42.53889,BR
Vitorino,-26.26506,-52.78068,BR
Vitória da Conquista,-14.86611,-40.83944,BR
Vitória Brasil,-20.19667,-50.48444,BR
Vitória,-20.31944,-40.33778,BR
Vista Gaúcha,-27.2891,-53.70297,BR
Vista Alegre do Alto,-21.17056,-48.62917,BR
Vista Alegre do Prata,-28.80812,-51.78744,BR
Visconde do Rio Branco,-21.01028,-42.84056,BR
Virmond,-25.38111,-52.19944,BR
Virgolândia,-18.47583,-42.30667,BR
Virginópolis,-18.82278,-42.70389,BR
Virgínia,-22.33333,-45.09167,BR
Virgem da Lapa,-16.80444,-42.34306,BR
Viradouro,-20.87306,-48.29694,BR
Vinhedo,-23.02972,-46.97528,BR
Vila Velha,-20.32972,-40.2925,BR
Modelo,-26.77669,-53.05434,BR
Vila Mariana,-23.58833,-46.63464,BR
Vila Maria,-23.51408,-46.58625,BR
Glória de Dourados,-22.41564,-54.23005,BR
Vila Flores,-28.86278,-51.53333,BR
Vieiras,-20.86583,-42.24361,BR
Videira,-27.00833,-51.15167,BR
Vidal Ramos,-27.39194,-49.35583,BR
Viçosa,-20.75389,-42.88194,BR
Vicente Dutra,-27.16194,-53.40528,BR
Vianópolis,-16.74194,-48.51639,BR
Viana,-20.39028,-40.49611,BR
Viamão,-30.08111,-51.02333,BR
Viadutos,-27.56944,-52.02028,BR
Vespasiano Corrêa,-29.0675,-51.85917,BR
Vespasiano,-19.69194,-43.92333,BR
Vermelho Novo,-20.03611,-42.26694,BR
Veríssimo,-19.66333,-48.30833,BR
Veredinha,-17.39944,-42.73556,BR
Verê,-25.88139,-52.90778,BR
Veranópolis,-28.93611,-51.54944,BR
Vera Cruz,-22.21972,-49.81944,BR
Vera Cruz,-12.63333,-41.03333,BR
Ventania,-24.24583,-50.24278,BR
Venda Nova do Imigrante,-20.32693,-41.13427,BR
Wenceslau Braz,-23.87389,-49.80278,BR
Venâncio Aires,-29.60639,-52.19194,BR
Vazante,-17.98694,-46.90778,BR
Vassouras,-22.40389,-43.6625,BR
Sentinela do Sul,-30.6124,-51.58123,BR
Varzelândia,-15.70139,-44.0275,BR
Varzedo,-12.97167,-39.39389,BR
Várzea Paulista,-23.21139,-46.82833,BR
Várzea Nova,-11.25552,-40.9469,BR
Várzea Grande,-15.64667,-56.1325,BR
Várzea do Poço,-11.52917,-40.32028,BR
Várzea da Palma,-17.5976,-44.73367,BR
Varre-Sai,-20.93111,-41.86861,BR
Varjão,-17.04528,-49.63111,BR
Varginha,-21.55139,-45.43028,BR
Vargem Grande do Sul,-21.83222,-46.89361,BR
Várzea da Roça,-11.60667,-40.13722,BR
Vargem Bonita,-20.32667,-46.36611,BR
Vargem Alta,-20.67139,-41.00694,BR
Vargem Alegre,-19.60833,-42.29833,BR
Vargem,-22.88889,-46.41361,BR
Wanderley,-12.12,-43.8875,BR
Valparaíso,-21.22778,-50.86833,BR
Valinhos,-22.97056,-46.99583,BR
Valério,-11.63333,-48.23333,BR
Valentim Gentil,-20.42222,-50.0875,BR
Valente,-11.41222,-39.46194,BR
Valença,-22.24556,-43.70028,BR
Valença,-13.37028,-39.07306,BR
Vacaria,-28.51222,-50.93389,BR
Utinga,-12.08167,-41.09444,BR
Urutaí,-17.46361,-48.20167,BR
Urussanga,-28.51778,-49.32083,BR
Urupês,-21.20167,-49.29,BR
Urupema,-27.95278,-49.87306,BR
Uruguaiana,-29.75472,-57.08833,BR
Urucuia,-16.1325,-45.74222,BR
Uruçuca,-14.59306,-39.28444,BR
Urucânia,-20.35083,-42.73944,BR
Urubici,-28.015,-49.59167,BR
Uruana,-15.5036,-49.68266,BR
Uruaçu,-14.52472,-49.14083,BR
Uru,-21.78389,-49.28083,BR
Urânia,-20.24611,-50.64306,BR
Urandi,-14.77139,-42.655,BR
Uraí,-23.1975,-50.79639,BR
Unistalda,-29.04722,-55.15028,BR
Uniflor,-23.08694,-52.15722,BR
Nova União,-19.6879,-43.58335,BR
União da Vitória,-26.23,-51.08639,BR
União Paulista,-20.88824,-49.89815,BR
Unaí,-16.3575,-46.90611,BR
Una,-15.29333,-39.07528,BR
Umuarama,-23.76639,-53.325,BR
Umburatiba,-17.25583,-40.57278,BR
Umburanas,-10.73278,-41.32639,BR
Umbaúba,-11.38333,-37.65778,BR
Uibaí,-11.33694,-42.1325,BR
Uchoa,-20.95278,-49.17472,BR
Ubiretama,-28.04611,-54.68056,BR
Ubirajara,-22.52667,-49.66306,BR
Uberlândia,-18.91861,-48.27722,BR
Uberaba,-19.74833,-47.93194,BR
Ubatuba,-23.43389,-45.07111,BR
Ubatã,-14.20906,-39.52641,BR
Ubarana,-21.16556,-49.7175,BR
Ubaporanga,-19.63528,-42.10556,BR
Ubaitaba,-14.3125,-39.32333,BR
Ubaíra,-13.26806,-39.66278,BR
Ubaí,-16.28528,-44.77806,BR
Ubá,-21.12,-42.94278,BR
Turvo,-28.92611,-49.67917,BR
Turvo,-25.04278,-51.52972,BR
Turvânia,-16.61444,-50.13417,BR
Turmalina,-20.05167,-50.47611,BR
Turmalina,-17.28556,-42.73,BR
Turiúba,-20.94919,-50.10774,BR
Tupi Paulista,-21.38111,-51.57056,BR
Boa Vista do Tupim,-12.6623,-40.60652,BR
Tuparendi,-27.75639,-54.48167,BR
Tupandi,-29.47639,-51.42111,BR
Tupanciretã,-29.08056,-53.83583,BR
Tupaciguara,-18.59222,-48.705,BR
Tupã,-21.93472,-50.51361,BR
Tuneiras do Oeste,-23.87056,-52.87611,BR
Tunas,-29.10306,-52.95611,BR
Tumiritinga,-18.97917,-41.64528,BR
Tuiuti,-22.81639,-46.69361,BR
Tucuruvi,-23.47544,-46.60609,BR
Tucunduva,-27.65694,-54.44028,BR
Tucano,-10.95817,-38.79084,BR
Tubarão,-28.46667,-49.00694,BR
Trombudo Central,-27.29917,-49.79028,BR
Vale do Sol,-29.60817,-52.6818,BR
Trombas,-13.50861,-48.74,BR
Triunfo,-29.94333,-51.71806,BR
Novo Triunfo,-10.33503,-38.4201,BR
David Canabarro,-28.38881,-51.84703,BR
Trindade do Sul,-27.52104,-52.89495,BR
Trindade,-16.64944,-49.48889,BR
Treze Tílias,-27.00167,-51.40639,BR
Treze de Maio,-28.55889,-49.14778,BR
Santo Antônio das Missões,-28.51069,-55.22726,BR
Treviso,-28.51556,-49.4575,BR
Três Rios,-22.11667,-43.20917,BR
Três Ranchos,-18.35389,-47.7825,BR
Três Pontas,-21.36667,-45.5125,BR
Três Passos,-27.45556,-53.93194,BR
Três Lagoas,-20.78765,-51.70338,BR
Três Fronteiras,-20.235,-50.89028,BR
Três de Maio,-27.77333,-54.24,BR
Três Coroas,-29.51694,-50.77778,BR
Três Corações,-21.69694,-45.25333,BR
Três Cachoeiras,-29.45556,-49.92444,BR
Três Barras,-26.10639,-50.32222,BR
Três Barras do Paraná,-25.42166,-53.18304,BR
Três Arroios,-27.49806,-52.14889,BR
Tremembé,-22.95833,-45.54944,BR
Tremedal,-14.97583,-41.41083,BR
Amélia Rodrigues,-12.39904,-38.75519,BR
Tramandaí,-29.98472,-50.13361,BR
Trajano de Morais,-22.06333,-42.06639,BR
Trabiju,-22.04167,-48.33556,BR
Torrinha,-22.42611,-48.16917,BR
Torres,-29.33528,-49.72694,BR
Torre de Pedra,-23.24444,-48.19472,BR
Toropi,-29.47833,-54.22806,BR
Torixoreu,-16.19944,-52.55556,BR
Tombos,-20.90472,-42.02278,BR
Tomazina,-23.77833,-49.94972,BR
Tomar do Geru,-11.37333,-37.84056,BR
Toledo,-24.71361,-53.74306,BR
Toledo,-22.74306,-46.37194,BR
Tocos do Moji,-22.37056,-46.09556,BR
Tocantins,-21.175,-43.01778,BR
Tobias Barreto,-11.18389,-37.99833,BR
Tiros,-19.00389,-45.96444,BR
Itaguaçu da Bahia,-11.01299,-42.39859,BR
Tiradentes do Sul,-27.39439,-54.08654,BR
Tiradentes,-21.11028,-44.17806,BR
Timóteo,-19.58106,-42.64953,BR
Timburi,-23.20528,-49.60667,BR
Timbó,-26.82333,-49.27167,BR
Timbé do Sul,-28.83161,-49.84575,BR
Tijucas do Sul,-25.92842,-49.18008,BR
Tijucas,-27.24139,-48.63361,BR
Presidente Kubitschek,-18.61518,-43.56169,BR
Tietê,-23.10194,-47.71472,BR
Tibagi,-24.50944,-50.41361,BR
Teutônia,-29.44806,-51.80639,BR
Tesouro,-16.07917,-53.5525,BR
Terra Roxa,-23.85571,-50.0314,BR
Terra Roxa,-20.78889,-48.32972,BR
Terra Rica,-22.72643,-52.6202,BR
Terra Preta,-22.63333,-47.05,BR
Terra Nova,-12.36667,-40.66667,BR
Terra de Areia,-29.58528,-50.07083,BR
Terra Boa,-23.76806,-52.44417,BR
Terra Nova,-12.39167,-38.625,BR
Teresópolis,-22.4167,-42.97822,BR
Santa Terezinha de Goiás,-14.43783,-49.70706,BR
Vera Cruz,-29.71671,-52.50321,BR
Terenos,-20.44222,-54.86028,BR
Teófilo Otoni,-17.8575,-41.50528,BR
Teodoro Sampaio,-22.5325,-52.1675,BR
Tenente Portela,-27.37111,-53.75833,BR
Telêmaco Borba,-24.32389,-50.61556,BR
Tejupá,-23.34278,-49.37639,BR
Teixeira Soares,-25.36833,-50.46056,BR
Teixeiras,-20.65111,-42.85667,BR
Tavares,-31.28722,-51.09361,BR
Taubaté,-23.02639,-45.55528,BR
Tatuí,-23.35556,-47.85694,BR
Tarumirim,-19.28083,-42.00667,BR
Tarumã,-22.74667,-50.57722,BR
Tarabai,-22.3025,-51.55917,BR
Taquarivaí,-23.92444,-48.69306,BR
Taquarituba,-23.53306,-49.24444,BR
Taquaritinga,-21.40611,-48.50472,BR
Taquari,-29.79972,-51.86444,BR
Alto Taquari,-17.83614,-53.28247,BR
Taquaral,-21.07194,-48.41028,BR
Taquaral de Goiás,-16.05369,-49.60312,BR
Taquaruçu do Sul,-27.39991,-53.46748,BR
Taquaraçu de Minas,-19.67005,-43.68858,BR
Taquara,-29.65056,-50.78056,BR
Tapiratiba,-21.46833,-46.74861,BR
Tapiramutá,-11.84722,-40.79139,BR
Tapiraí,-23.96361,-47.50722,BR
Tapiraí,-19.88778,-46.02028,BR
Baianópolis,-12.30754,-44.53923,BR
Tapira,-19.92222,-46.82306,BR
Tapes,-30.67333,-51.39583,BR
Taperoá,-13.53806,-39.09861,BR
Tapera,-28.62611,-52.87,BR
Tapejara,-28.06806,-52.01389,BR
Tapejara,-23.73306,-52.87333,BR
Taparuba,-19.75861,-41.61556,BR
Teresina de Goiás,-13.77727,-47.26319,BR
Tanquinho,-11.97861,-39.10389,BR
Tanque Novo,-13.54639,-42.49139,BR
Tanhaçu,-14.02139,-41.24806,BR
Tanguá,-22.73028,-42.71417,BR
Tangará,-27.10472,-51.24722,BR
Tanabi,-20.62639,-49.64917,BR
Tamboara,-23.19978,-52.5004,BR
Tambaú,-21.705,-47.27444,BR
Tamarana,-23.72333,-51.09722,BR
Taiúva,-21.12389,-48.45167,BR
Taipas do Tocantins,-12.18833,-46.98861,BR
Taiobeiras,-15.80778,-42.23306,BR
Taió,-27.11639,-49.99806,BR
Taiaçu,-21.14444,-48.5125,BR
Taguatinga,-12.40389,-46.43611,BR
Taguaí,-23.45194,-49.40889,BR
Tacuru,-23.6325,-55.01583,BR
Taciba,-22.38972,-51.28472,BR
Tabuleiro,-21.35889,-43.24778,BR
Tabocas do Brejo Velho,-12.70358,-44.00959,BR
Taboão da Serra,-23.62611,-46.79167,BR
Tabatinga,-21.73655,-48.68566,BR
Tabapuã,-20.96417,-49.03167,BR
Tabaí,-29.64306,-51.68222,BR
Suzano,-23.5425,-46.31083,BR
Sumidouro,-22.04972,-42.67472,BR
Sumaré,-22.82194,-47.26694,BR
Sulina,-25.70194,-52.72222,BR
Sud Mennucci,-20.69083,-50.92389,BR
Souzas,-22.87917,-46.96444,BR
Sorocaba,-23.50167,-47.45806,BR
Sombrio,-29.11389,-49.61667,BR
Soledade de Minas,-22.06,-45.045,BR
Soledade,-28.81833,-52.51028,BR
Socorro,-22.59139,-46.52889,BR
Sobrália,-19.23472,-42.09833,BR
Sobradinho,-29.42139,-53.02861,BR
Sobradinho,-15.64713,-47.79315,BR
Sobradinho,-12.83333,-39.1,BR
Sítio do Quinto,-10.36565,-38.2028,BR
Sítio do Mato,-13.08472,-43.46528,BR
Sítio dAbadia,-14.80528,-46.25306,BR
Siriri,-10.60389,-37.11278,BR
Siqueira Campos,-23.68889,-49.83389,BR
Sinimbu,-29.53861,-52.52167,BR
Simonésia,-20.12389,-42.00139,BR
Simão Pereira,-21.96361,-43.31194,BR
Simão Dias,-10.73833,-37.81111,BR
Silvianópolis,-22.02944,-45.835,BR
Silveiras,-22.66444,-44.85278,BR
Silveirânia,-21.15889,-43.21528,BR
Silveira Martins,-29.6425,-53.58556,BR
Silvânia,-16.66663,-48.61252,BR
Silva Jardim,-22.65083,-42.39167,BR
Sidrolândia,-20.93194,-54.96139,BR
Siderópolis,-28.59778,-49.42444,BR
Severínia,-20.80944,-48.80278,BR
Sete Lagoas,-19.46583,-44.24667,BR
Sete de Setembro,-28.13111,-54.46333,BR
Sete Barras,-24.38778,-47.92556,BR
Sertãozinho,-21.13778,-47.99028,BR
Sertão Santana,-30.46028,-51.60333,BR
Sertão,-27.97972,-52.25972,BR
Sertanópolis,-23.05861,-51.03639,BR
Sertaneja,-23.03697,-50.81709,BR
Serrolândia,-11.41583,-40.30167,BR
Serro,-18.60472,-43.37944,BR
Serrinha,-11.66417,-39.0075,BR
Serra Preta,-12.16028,-39.33167,BR
Serranos,-21.89028,-44.51,BR
Serranópolis,-18.30611,-51.96222,BR
Serranópolis de Minas,-15.81143,-42.87099,BR
Serrania,-21.54806,-46.03972,BR
Serra Negra,-22.61222,-46.70056,BR
Serrana,-21.21139,-47.59556,BR
Serra do Salitre,-19.11139,-46.68972,BR
Serra dos Aimorés,-17.7825,-40.2475,BR
Serra Azul,-21.31083,-47.56556,BR
Serra,-20.12861,-40.30778,BR
Seropédica,-22.74389,-43.7075,BR
Seritinga,-21.90917,-44.51917,BR
Sério,-29.38333,-52.26861,BR
Sericita,-20.47389,-42.48194,BR
Serafina Corrêa,-28.71167,-51.935,BR
Senhor do Bonfim,-10.46139,-40.18944,BR
Senhora dos Remédios,-21.02806,-43.5825,BR
Senhora do Porto,-18.89222,-43.08417,BR
Senhora de Oliveira,-20.79389,-43.34444,BR
Sengés,-24.11335,-49.46315,BR
Senador José Bento,-22.16444,-46.17889,BR
Senador Firmino,-20.91194,-43.09667,BR
Senador Cortes,-21.80056,-42.94556,BR
Senador Canedo,-16.70806,-49.09306,BR
Senador Amaral,-22.58722,-46.17667,BR
Sem-Peixe,-20.10917,-42.83944,BR
Selbach,-28.62861,-52.9525,BR
Foz do Jordão,-25.73715,-52.11844,BR
Segrêdo,-12.01477,-41.66952,BR
Sede Nova,-27.63472,-53.94556,BR
Seberi,-27.47806,-53.4025,BR
Sebastianópolis do Sul,-20.655,-49.92111,BR
Seara,-27.14944,-52.31056,BR
Seabra,-12.41713,-41.77049,BR
Schroeder,-26.4125,-49.07306,BR
Saúde,-10.94111,-40.41889,BR
Saudades,-26.92417,-53.00306,BR
Saubara,-12.7375,-38.76861,BR
Sátiro Dias,-11.60389,-38.58313,BR
Sarzedo,-20.03528,-44.14472,BR
Sarutaiá,-23.27306,-49.48028,BR
Sardoá,-18.78361,-42.365,BR
Sarapuí,-23.64056,-47.82472,BR
Sarandi,-27.94389,-52.92306,BR
Sarandi,-23.44361,-51.87389,BR
Saquarema,-22.89889,-42.46985,BR
Sapucaí-Mirim,-22.74778,-45.7425,BR
Sapucaia do Sul,-29.81782,-51.14551,BR
Sapucaia,-21.995,-42.91444,BR
Sapopema,-23.91083,-50.58028,BR
Sapiranga,-29.63806,-51.00694,BR
Sapeaçu,-12.7275,-39.18194,BR
São Vicente de Minas,-21.7125,-44.44417,BR
São Vicente,-23.96306,-46.39194,BR
São Vendelino,-29.36889,-51.37694,BR
São Valentim do Sul,-29.05097,-51.76791,BR
São Valentim,-27.55833,-52.52361,BR
São Thomé das Letras,-21.72222,-44.98528,BR
São Tomé,-23.53778,-52.59083,BR
São Tomás de Aquino,-20.78444,-47.09806,BR
São Tiago,-20.91306,-44.50917,BR
São Simão,-21.47917,-47.55083,BR
São Simão,-18.99111,-50.54361,BR
São Sepé,-30.16056,-53.56528,BR
São Sebastião do Rio Verde,-22.21833,-44.97611,BR
São Sebastião do Rio Preto,-19.29194,-43.17389,BR
São Sebastião do Passé,-12.5125,-38.49528,BR
São Sebastião do Paraíso,-20.91694,-46.99139,BR
São Sebastião do Maranhão,-18.08444,-42.57139,BR
São Sebastião do Caí,-29.58667,-51.37556,BR
São Sebastião do Alto,-21.95722,-42.13472,BR
São Sebastião da Grama,-21.71056,-46.82083,BR
São Sebastião da Bela Vista,-22.15917,-45.75417,BR
São Sebastião da Amoreira,-23.46528,-50.76111,BR
São Sebastião,-23.76,-45.40972,BR
São Roque,-23.52917,-47.13528,BR
São Roque do Canaã,-19.7393,-40.65784,BR
São Romão,-16.36861,-45.06944,BR
São Pedro do Turvo,-22.74694,-49.73972,BR
São Pedro do Sul,-29.62056,-54.17889,BR
São Pedro do Suaçuí,-18.36583,-42.6025,BR
São Pedro dos Ferros,-20.17028,-42.52389,BR
São Pedro do Ivaí,-23.86528,-51.85639,BR
Dom Pedro de Alcântara,-29.36944,-49.84972,BR
São Pedro de Alcântara,-27.56611,-48.80528,BR
São Pedro da União,-21.12667,-46.61528,BR
São Pedro da Cipa,-16.00056,-54.92139,BR
São Pedro da Aldeia,-22.83917,-42.10278,BR
São Pedro,-22.54861,-47.91389,BR
São Paulo,-23.5475,-46.63611,BR
São Nicolau,-28.1825,-55.26722,BR
São Miguel,-23.49417,-46.43222,BR
São Miguel do Iguaçu,-25.34806,-54.23778,BR
São Miguel d'Oeste,-26.72528,-53.51806,BR
São Miguel do Araguaia,-13.275,-50.16278,BR
São Miguel do Anta,-20.70722,-42.71889,BR
São Miguel das Missões,-28.56278,-54.55417,BR
São Miguel das Matas,-13.04778,-39.45556,BR
São Miguel Arcanjo,-23.87833,-47.99722,BR
São Miguel do Passa Quatro,-17.05747,-48.66395,BR
São Mateus do Sul,-25.87417,-50.38278,BR
São Mateus,-18.72011,-39.85891,BR
São Martinho da Serra,-29.53358,-53.85429,BR
São Martinho,-27.70722,-53.96861,BR
São Marcos,-28.97111,-51.06806,BR
São Manuel,-22.73111,-48.57056,BR
São Luiz Gonzaga,-28.40833,-54.96083,BR
São Luís do Paraitinga,-23.22167,-45.31,BR
São Luís de Montes Belos,-16.525,-50.37222,BR
São Lourenço do Sul,-31.36528,-51.97833,BR
São Lourenço do Oeste,-26.35917,-52.85111,BR
São Lourenço da Serra,-23.8525,-46.9425,BR
São Lourenço,-22.11639,-45.05444,BR
São Leopoldo,-29.76028,-51.14722,BR
São José dos Pinhais,-25.5302,-49.20836,BR
São José dos Campos,-23.17944,-45.88694,BR
São José do Vale do Rio Preto,-22.15214,-42.92335,BR
São José do Rio Preto,-20.81972,-49.37944,BR
São José do Rio Pardo,-21.59556,-46.88861,BR
São José do Ouro,-27.76944,-51.59444,BR
São José do Norte,-32.01472,-52.04167,BR
São José do Mantimento,-20.00528,-41.74472,BR
São José do Jacuri,-18.27528,-42.67028,BR
São José do Jacuípe,-11.50389,-40.02222,BR
São José do Inhacorá,-27.72472,-54.12917,BR
São José do Hortêncio,-29.53056,-51.24806,BR
São José do Goiabal,-19.92861,-42.705,BR
São José do Herval,-29.04417,-52.29528,BR
São José do Divino,-18.47861,-41.38944,BR
São José do Cerrito,-27.66306,-50.58,BR
São José do Cedro,-26.455,-53.49417,BR
São José do Calçado,-21.02528,-41.65444,BR
São José do Barreiro,-22.645,-44.57778,BR
São José do Alegre,-22.32861,-45.52639,BR
São José de Ubá,-21.3575,-41.9425,BR
São José da Varginha,-19.70972,-44.55694,BR
São José da Safira,-18.32444,-42.14333,BR
São José da Boa Vista,-23.91583,-49.65222,BR
São José da Bela Vista,-20.59306,-47.64,BR
São José da Barra,-20.71806,-46.31139,BR
São José,-28.21344,-49.16383,BR
São José das Missões,-27.77733,-53.11711,BR
São José,-27.61528,-48.6275,BR
São José da Vitória,-15.08104,-39.33832,BR
São Jorge do Ivaí,-23.43278,-52.29306,BR
São Jorge d'Oeste,-25.70556,-52.91833,BR
São Jorge,-28.50056,-51.70361,BR
São Joaquim de Bicas,-20.04917,-44.27389,BR
São Joaquim da Barra,-20.58139,-47.85472,BR
São Joaquim,-28.29389,-49.93167,BR
São João Nepomuceno,-21.54,-43.01056,BR
São João Evangelista,-18.54778,-42.76333,BR
São João do Triunfo,-25.68333,-50.29722,BR
São João do Pau d'Alho,-21.26806,-51.66583,BR
São João do Paraíso,-15.31361,-42.01444,BR
São João do Pacuí,-16.54194,-44.51611,BR
São João do Oriente,-19.33861,-42.15778,BR
São João do Manhuaçu,-20.39361,-42.15139,BR
São João do Caiuá,-22.85194,-52.33694,BR
São João de Meriti,-22.80389,-43.37222,BR
São João do Manteninha,-18.72139,-41.16028,BR
São João del Rei,-21.13556,-44.26167,BR
São João de Iracema,-20.51333,-50.35222,BR
São João da Urtiga,-27.82028,-51.8275,BR
São João das Duas Pontes,-20.38944,-50.37806,BR
São João da Ponte,-15.92917,-44.00778,BR
São João do Ivaí,-23.99376,-51.8188,BR
São João da Mata,-21.93,-45.92889,BR
São João da Lagoa,-16.85306,-44.35194,BR
São João da Boa Vista,-21.96917,-46.79806,BR
São João da Barra,-21.64028,-41.05111,BR
São João d'Aliança,-14.70556,-47.52472,BR
São João Batista do Glória,-20.64139,-46.50556,BR
São João Batista,-27.27611,-48.84944,BR
São João do Oeste,-27.09905,-53.59203,BR
São João,-25.82778,-52.72528,BR
São Jerônimo da Serra,-23.7159,-50.74147,BR
São Jerônimo,-29.95917,-51.72222,BR
São Gotardo,-19.31111,-46.04889,BR
São Gonçalo dos Campos,-12.43394,-38.95057,BR
São Gonçalo do Sapucaí,-21.89222,-45.59528,BR
São Gonçalo do Rio Abaixo,-19.82611,-43.36222,BR
São Gonçalo do Pará,-19.98278,-44.85889,BR
São Gonçalo do Abaeté,-18.33833,-45.83333,BR
São Gonçalo,-22.82694,-43.05389,BR
São Geraldo do Baixio,-18.9,-41.36,BR
São Geraldo da Piedade,-18.83611,-42.28806,BR
São Geraldo,-20.92416,-42.83462,BR
São Gabriel,-30.33639,-54.32,BR
São Gabriel da Palha,-19.01809,-40.5373,BR
São Francisco do Sul,-26.24333,-48.63806,BR
São Francisco do Glória,-20.78944,-42.2675,BR
São Francisco do Conde,-12.6275,-38.68,BR
São Francisco de Sales,-19.86278,-49.77417,BR
São Francisco de Paula,-29.44806,-50.58361,BR
São Francisco de Paula,-20.71,-44.98528,BR
São Francisco de Goiás,-15.93056,-49.26111,BR
São Francisco de Assis,-29.55028,-55.13111,BR
São Francisco,-15.94861,-44.86444,BR
São Francisco,-10.33333,-36.88778,BR
São Felipe,-12.84722,-39.08944,BR
São Fidélis,-21.64611,-41.74694,BR
São Félix de Minas,-18.59078,-41.488,BR
São Félix,-12.60472,-38.97222,BR
São Felipe,-14.84011,-41.39483,BR
São Domingos do Sul,-28.53083,-51.88778,BR
São Domingos do Prata,-19.865,-42.96833,BR
São Domingos,-26.55806,-52.53167,BR
São Domingos do Norte,-19.14455,-40.62213,BR
São Domingos,-13.39833,-46.31833,BR
São Domingos,-10.79139,-37.56778,BR
São Desidério,-12.36333,-44.97333,BR
São Cristóvão,-11.01472,-37.20639,BR
São Carlos do Ivaí,-23.31528,-52.47583,BR
São Carlos,-27.0775,-53.00389,BR
São Carlos,-22.0175,-47.89083,BR
São Caetano do Sul,-23.62306,-46.55111,BR
São Brás do Suaçuí,-20.625,-43.94917,BR
São Brás,-10.12778,-36.90056,BR
São Borja,-28.66056,-56.00444,BR
São Bonifácio,-27.90139,-48.92917,BR
São Bernardo do Campo,-23.69389,-46.565,BR
São Bento do Sul,-26.25028,-49.37861,BR
São Bento do Sapucaí,-22.68889,-45.73083,BR
Santos Dumont,-21.45667,-43.5525,BR
Santos,-23.96083,-46.33361,BR
Santo Inácio,-22.69778,-51.79389,BR
Santo Hipólito,-18.29694,-44.22306,BR
Santo Expedito,-21.85056,-51.39222,BR
Santo Estêvão,-12.43028,-39.25139,BR
Santo Cristo,-27.82389,-54.66278,BR
Santo Augusto,-27.85083,-53.77722,BR
Santo Antônio do Sudoeste,-26.07361,-53.72528,BR
Santo Antônio do Rio Abaixo,-19.22833,-43.25389,BR
Santo Antônio do Pinhal,-22.82722,-45.6625,BR
Santo Antônio do Paraíso,-23.49361,-50.64556,BR
Santo Antônio do Monte,-20.08722,-45.29361,BR
Santo Antônio do Leverger,-15.86556,-56.07667,BR
Santo Antônio do Jardim,-22.11505,-46.68357,BR
Santo Antônio do Jacinto,-16.53389,-40.17583,BR
Santo Antônio do Itambé,-18.46583,-43.30667,BR
Santo Antônio do Grama,-20.31444,-42.60861,BR
Santo Antônio do Caiuá,-22.73472,-52.34222,BR
Santo Antônio do Amparo,-20.94639,-44.91889,BR
Santo Antônio de Posse,-22.60611,-46.91944,BR
Santo Antônio de Pádua,-21.53944,-42.18028,BR
Santo Antônio de Jesus,-12.96889,-39.26139,BR
Santo Antônio da Platina,-23.295,-50.07722,BR
Santo Antônio da Alegria,-21.08694,-47.15111,BR
Santo Antônio da Patrulha,-29.8175,-50.51972,BR
Santo Ângelo,-28.29917,-54.26306,BR
Santo André,-23.66389,-46.53833,BR
Santo Amaro das Brotas,-10.78889,-37.05444,BR
Santo Amaro da Imperatriz,-27.68806,-48.77861,BR
Santo Amaro,-23.64542,-46.70394,BR
Santo Amaro,-12.54667,-38.71194,BR
Santiago,-29.19167,-54.86722,BR
Santa Vitória do Palmar,-33.51889,-53.36806,BR
Santa Vitória,-18.83861,-50.12139,BR
Santa Terezinha,-12.77194,-39.52333,BR
Santa Terezinha,-10.47059,-50.51359,BR
Santa Tereza,-29.16889,-51.73528,BR
Santa Tereza do Oeste,-25.05312,-53.61712,BR
Santa Teresa,-19.93556,-40.60028,BR
Santa Tereza de Goiás,-13.71786,-49.01617,BR
Santa Rosa de Viterbo,-21.47278,-47.36306,BR
Santa Rosa de Lima,-10.64639,-37.19389,BR
Santa Rosa,-27.87083,-54.48139,BR
Nova Santa Rosa,-24.46712,-53.95425,BR
Santa Rosa do Tocantins,-11.44889,-48.12056,BR
Santa Rita do Sapucaí,-22.25222,-45.70333,BR
Ritápolis,-21.02563,-44.32373,BR
Santa Rita do Passa Quatro,-21.71028,-47.47806,BR
Santa Rita do Itueto,-19.35972,-41.38,BR
Santa Rita d'Oeste,-20.14361,-50.83,BR
Santa Rita do Araguaia,-17.32556,-53.20528,BR
Santa Rita de Jacutinga,-22.14944,-44.095,BR
Santa Rita de Caldas,-22.02861,-46.33667,BR
Nova Santa Rita,-29.8522,-51.27696,BR
Santa Rita de Minas,-19.87432,-42.13221,BR
Santanópolis,-12.02494,-38.8657,BR
Santana dos Montes,-20.78778,-43.69167,BR
Santana do Paraíso,-19.36361,-42.56861,BR
Santana do Manhuaçu,-20.1075,-41.92528,BR
Sant'Ana do Livramento,-30.89083,-55.53278,BR
Santana do Jacaré,-20.89778,-45.13083,BR
Santana do Itararé,-23.755,-49.62917,BR
Santana do Garambéu,-21.60139,-44.10444,BR
Santana do Deserto,-21.95,-43.16639,BR
Santana de Pirapama,-19.00611,-44.04306,BR
Santana de Parnaíba,-23.44417,-46.91778,BR
Santana de Cataguases,-21.28722,-42.55722,BR
Santana da Vargem,-21.24917,-45.50667,BR
Santana da Ponte Pensa,-20.25306,-50.79722,BR
Santana da Boa Vista,-30.87194,-53.11528,BR
Santana,-14.46667,-41.8,BR
Santana,-12.98333,-44.05111,BR
Santa Mercedes,-21.35083,-51.75528,BR
Santa Mariana,-23.15083,-50.51861,BR
Santa Maria Madalena,-21.95528,-42.00806,BR
Santa Maria do Suaçuí,-18.19028,-42.41417,BR
Santa Maria do Salto,-16.24889,-40.14944,BR
Santa Maria do Herval,-29.49806,-50.99278,BR
Santa Maria de Itabira,-19.44944,-43.1125,BR
Santa Maria da Vitória,-13.38814,-44.19868,BR
Santa Maria da Serra,-22.56722,-48.16056,BR
Santa Maria,-29.68417,-53.80694,BR
Santa Margarida,-20.38389,-42.25056,BR
Santa Luzia do Itanhy,-11.35525,-37.44943,BR
Santa Luzia,-19.76972,-43.85139,BR
Santaluz,-11.25583,-39.37472,BR
Santa Lúcia,-21.685,-48.08417,BR
Santa Leopoldina,-20.10056,-40.52972,BR
Santa Juliana,-19.30861,-47.52528,BR
Santa Isabel do Ivaí,-23.00278,-53.19667,BR
Santa Isabel,-23.31556,-46.22139,BR
Santa Inês,-22.6375,-51.9025,BR
Santa Inês,-13.29222,-39.81889,BR
Santa Helena de Goiás,-17.81361,-50.59694,BR
Santa Helena,-24.86028,-54.33278,BR
Santa Gertrudes,-22.45667,-47.53028,BR
Santa Fé do Sul,-20.21111,-50.92583,BR
Santa Fé,-23.0375,-51.80528,BR
Santa Ernestina,-21.46278,-48.39083,BR
Santa Efigênia de Minas,-18.82507,-42.43846,BR
Santa Cruz do Sul,-29.7175,-52.42583,BR
Santa Cruz do Rio Pardo,-22.89889,-49.6325,BR
Santa Cruz de Monte Castelo,-22.95333,-53.29722,BR
Santa Cruz do Escalvado,-20.23611,-42.81389,BR
Santa Cruz de Salinas,-16.09833,-41.74639,BR
Santa Cruz de Goiás,-17.31583,-48.48167,BR
Santa Cruz da Vitória,-14.96111,-39.81167,BR
Santa Cruz das Palmeiras,-21.82694,-47.24861,BR
Santa Cruz da Conceição,-22.14028,-47.45194,BR
Santa Cruz Cabrália,-16.27806,-39.02472,BR
Santa Clara do Sul,-29.46889,-52.0875,BR
Santa Clara d'Oeste,-20.09389,-50.92639,BR
Santa Cecília do Pavão,-23.51722,-50.78361,BR
Santa Cecília do Sul,-28.16111,-51.93111,BR
Santa Cecília,-26.96083,-50.42694,BR
Santa Branca,-23.39667,-45.88389,BR
Santa Bárbara do Sul,-28.35833,-53.24722,BR
Santa Bárbara do Monte Verde,-21.95917,-43.70222,BR
Santa Bárbara d'Oeste,-22.75361,-47.41361,BR
Santa Bárbara do Leste,-19.9778,-42.14261,BR
Santa Bárbara,-19.95944,-43.41528,BR
Engenheiro Caldas,-19.20008,-42.04726,BR
Santa Bárbara de Goiás,-16.57762,-49.69759,BR
Santa Amélia,-23.26583,-50.42417,BR
Santa Albertina,-20.03194,-50.72778,BR
Santa Adélia,-21.24278,-48.80417,BR
Sangão,-28.63778,-49.12917,BR
Sandovalina,-22.45611,-51.76306,BR
Sananduva,-27.94972,-51.80667,BR
Salvador,-12.97563,-38.49096,BR
Salto Grande,-22.89278,-49.98556,BR
Salto do Itararé,-23.60139,-49.62583,BR
Salto de Pirapora,-23.64889,-47.57333,BR
Salto da Divisa,-16.00278,-39.94694,BR
Salto Veloso,-26.90655,-51.40626,BR
Salto,-23.20083,-47.28694,BR
Saltinho,-22.84667,-47.67694,BR
Salmourão,-21.62417,-50.86056,BR
Salinas da Margarida,-12.87111,-38.76444,BR
Salinas,-16.17028,-42.29028,BR
Senador Salgado Filho,-28.02653,-54.54411,BR
Salgado Filho,-26.17028,-53.36139,BR
Salgado,-11.03194,-37.475,BR
Salesópolis,-23.52909,-45.84904,BR
Sales Oliveira,-20.77194,-47.83806,BR
Sales,-21.34194,-49.49871,BR
Saldanha Marinho,-28.39333,-53.09472,BR
Sagres,-21.88361,-50.95611,BR
Sacramento,-19.86528,-47.44,BR
Sabinópolis,-18.66611,-43.08389,BR
Sabino,-21.45972,-49.57833,BR
Sabáudia,-23.3175,-51.5525,BR
Sabará,-19.88639,-43.80667,BR
Ruy Barbosa,-12.28389,-40.49389,BR
Rubinéia,-20.17944,-51.00222,BR
Rubim,-16.37472,-40.5375,BR
Rubiataba,-15.16444,-49.80333,BR
Rubiácea,-21.30056,-50.72667,BR
Rubelita,-16.4075,-42.2625,BR
Roseira,-22.89806,-45.30528,BR
Rosário Oeste,-14.83611,-56.4275,BR
Rosário do Sul,-30.25833,-54.91417,BR
Rosário do Catete,-10.69611,-37.03056,BR
Rosário da Limeira,-20.97889,-42.51194,BR
Roque Gonzales,-28.13139,-55.02556,BR
Rondonópolis,-16.47083,-54.63556,BR
Rondon,-23.41083,-52.76139,BR
Rondinha,-27.82806,-52.90972,BR
Ronda Alta,-27.76667,-52.80194,BR
Roncador,-24.59618,-52.27445,BR
Romelândia,-26.67611,-53.31444,BR
Romaria,-18.8825,-47.58556,BR
Rolante,-29.65056,-50.57583,BR
Rolândia,-23.30972,-51.36917,BR
Rolador,-28.25667,-54.81611,BR
Rodeiro,-21.2,-42.865,BR
Rodeio Bonito,-27.47056,-53.16889,BR
Rodeio,-26.92278,-49.36639,BR
Rochedo de Minas,-21.62972,-43.01972,BR
Rochedo,-19.95306,-54.8925,BR
Roca Sales,-29.28417,-51.8675,BR
Riozinho,-29.64111,-50.4525,BR
Rio Vermelho,-18.29361,-43.00917,BR
Rio Verde de Mato Grosso,-18.91806,-54.84417,BR
Rio Verde,-17.79806,-50.92806,BR
Rio Tavares,-27.64529,-48.47486,BR
Rio Rufino,-27.86056,-49.77917,BR
Rio Real,-11.48472,-37.93278,BR
Rio Preto,-22.08917,-43.82778,BR
Rio Pomba,-21.27472,-43.17917,BR
Rio Piracicaba,-19.92917,-43.17417,BR
Rio Pardo de Minas,-15.60972,-42.53972,BR
Rio Pardo,-29.98972,-52.37806,BR
Rio Paranaíba,-19.19361,-46.24722,BR
Rio Novo do Sul,-20.8625,-40.93639,BR
Rio Novo,-21.47703,-43.12589,BR
Rio Negro,-26.10583,-49.7975,BR
Rio Negro,-19.44944,-54.98694,BR
Rio Negrinho,-26.25444,-49.51833,BR
Rio Manso,-20.26528,-44.30778,BR
Riolândia,-19.98083,-49.68194,BR
Rio Grande da Serra,-23.74417,-46.39833,BR
Rio Grande,-32.035,-52.09861,BR
Rio Fortuna,-28.13111,-49.10528,BR
Rio Espera,-20.85528,-43.47444,BR
Rio do Sul,-27.21417,-49.64306,BR
Rio dos Índios,-27.30028,-52.84083,BR
Rio dos Cedros,-26.73833,-49.27417,BR
Rio do Prado,-16.60833,-40.56972,BR
Rio do Pires,-13.12778,-42.29194,BR
Rio do Oeste,-27.1925,-49.79667,BR
Rio Doce,-20.24472,-42.89583,BR
Rio do Campo,-26.94889,-50.14139,BR
Rio do Antônio,-14.41139,-42.07556,BR
Rio de Janeiro,-22.90642,-43.18223,BR
Rio de Contas,-13.5853,-41.81624,BR
Rio das Pedras,-22.84333,-47.60611,BR
Rio das Ostras,-22.52694,-41.945,BR
Rio das Flores,-22.1675,-43.58556,BR
Rio das Antas,-26.89861,-51.07444,BR
Wenceslau Guimarães,-13.686,-39.47803,BR
Rio Claro,-22.72306,-44.13556,BR
Rio Claro,-22.41139,-47.56139,BR
Rio Casca,-20.22611,-42.65083,BR
Rio Brilhante,-21.80194,-54.54639,BR
Rio Branco do Sul,-25.19,-49.31417,BR
Rio Bonito do Iguaçu,-25.49116,-52.52616,BR
Rio Bonito,-22.70861,-42.60972,BR
Rio Bom,-23.76222,-51.41056,BR
Rio Bananal,-19.265,-40.33333,BR
Rio Azul,-25.73278,-50.79639,BR
Rio Acima,-20.0875,-43.78944,BR
Rinópolis,-21.72583,-50.72222,BR
Novo Cabrais,-29.7353,-52.95021,BR
Rincão,-21.58694,-48.07083,BR
Rifaina,-20.08056,-47.42139,BR
Ribeirópolis,-10.53944,-37.41667,BR
Ribeira do Amparo,-11.04722,-38.43333,BR
Riversul,-23.82856,-49.4332,BR
Ribeirão Vermelho,-21.19056,-45.06194,BR
Ribeirão Preto,-21.1775,-47.81028,BR
Ribeirão Pires,-23.71056,-46.41333,BR
Salete,-26.97904,-50.00518,BR
Ribeirão dos Índios,-21.83807,-51.602,BR
Ribeirão do Pinhal,-23.4075,-50.35667,BR
Ribeirão das Neves,-19.76694,-44.08667,BR
Ribeirão da Ilha,-27.69934,-48.53219,BR
Ribeirão Corrente,-20.45694,-47.59028,BR
Ribeirão Claro,-23.19417,-49.75806,BR
Ribeirão Branco,-24.22083,-48.76556,BR
Ribeirão Bonito,-22.06667,-48.17611,BR
Ribeira do Pombal,-10.83444,-38.53583,BR
Ribeira,-24.65694,-49.00889,BR
Ribas do Rio Pardo,-20.44306,-53.75917,BR
Rianápolis,-15.44694,-49.51,BR
Rialma,-15.315,-49.58444,BR
Riachuelo,-10.72833,-37.18722,BR
Santana do Riacho,-19.169,-43.71387,BR
Riacho Frio,-10.12528,-44.9525,BR
Riacho dos Machados,-16.00611,-43.04944,BR
Riacho de Santana,-13.60917,-42.93889,BR
Riachão do Jacuípe,-11.80694,-39.38556,BR
Riachão do Dantas,-11.06889,-37.725,BR
Riachão das Neves,-11.74611,-44.91,BR
Retirolândia,-11.495,-39.42556,BR
Turvolândia,-21.87603,-45.78747,BR
Santo Antônio do Retiro,-15.34276,-42.62226,BR
Restinga Sêca,-29.81333,-53.375,BR
Restinga,-20.60333,-47.48278,BR
Ressaquinha,-21.0625,-43.76278,BR
Resplendor,-19.32556,-41.25528,BR
Reserva do Iguaçu,-25.83683,-52.02742,BR
Reserva,-24.65028,-50.85056,BR
Resende Costa,-20.92222,-44.2375,BR
Resende,-22.46889,-44.44667,BR
Renascença,-26.15806,-52.96889,BR
Relvado,-29.11139,-52.07167,BR
Registro,-24.4875,-47.84361,BR
Reginópolis,-21.88806,-49.22528,BR
Regente Feijó,-22.22139,-51.30278,BR
Reduto,-20.21889,-41.9825,BR
Redentora,-27.66444,-53.63778,BR
Redenção da Serra,-23.28224,-45.53344,BR
Recreio,-21.525,-42.46917,BR
Rebouças,-25.62056,-50.69278,BR
Realeza,-25.76889,-53.5325,BR
Raul Soares,-20.10194,-42.4525,BR
Raposos,-19.96722,-43.80417,BR
Rancho Queimado,-27.6725,-49.02167,BR
Rancho Alegre,-23.07,-50.91306,BR
Rancharia,-22.22917,-50.89306,BR
Nova Ramada,-28.06598,-53.69692,BR
Rafard,-23.01167,-47.52694,BR
Quissamã,-22.10667,-41.47222,BR
Quirinópolis,-18.44833,-50.45167,BR
Quinze de Novembro,-28.74833,-53.09361,BR
Quintana,-22.0725,-50.3075,BR
Quinta do Sol,-23.85222,-52.12972,BR
Quilombo,-26.72611,-52.72056,BR
Quijingue,-10.7525,-39.20917,BR
Quevedos,-29.3525,-54.07167,BR
Querência do Norte,-23.08361,-53.48444,BR
Queluzito,-20.74,-43.88444,BR
Queluz,-22.53857,-44.77393,BR
Queiroz,-21.79889,-50.24028,BR
Queimados,-22.71611,-43.55528,BR
Queimadas,-10.97833,-39.62639,BR
Marmelópolis,-22.44934,-45.165,BR
Quatro Pontes,-24.575,-53.97694,BR
Quatro Irmãos,-27.82833,-52.41417,BR
Quatro Barras,-25.36556,-49.07694,BR
Quatis,-22.40722,-44.25806,BR
Quatiguá,-23.56722,-49.91361,BR
Quatá,-22.2475,-50.69833,BR
Quartel Geral,-19.27361,-45.55722,BR
Quaraí,-30.3875,-56.45139,BR
Quadra,-23.29944,-48.05472,BR
Putinga,-29.00194,-52.15417,BR
Prudentópolis,-25.21306,-50.97778,BR
Prudente de Morais,-19.48194,-44.155,BR
Protásio Alves,-28.75722,-51.47278,BR
Propriá,-10.21111,-36.84028,BR
Promissão,-21.53667,-49.85806,BR
Progresso,-29.24417,-52.31222,BR
Primeiro de Maio,-22.85056,-51.02833,BR
Primavera do Leste,-15.55158,-54.30173,BR
Presidente Venceslau,-21.87611,-51.84389,BR
Alto Jequitibá,-20.42766,-41.96459,BR
Presidente Prudente,-22.12556,-51.38889,BR
Presidente Olegário,-18.41778,-46.41806,BR
Presidente Getúlio,-27.05056,-49.62278,BR
Presidente Epitácio,-21.76333,-52.11556,BR
Presidente Bernardes,-22.00611,-51.55306,BR
Presidente Bernardes,-20.76861,-43.1875,BR
Presidente Alves,-22.1,-49.43806,BR
Pratinha,-19.75111,-46.37806,BR
Pratápolis,-20.74472,-46.86083,BR
Pratânia,-22.80833,-48.66611,BR
Prata,-19.30722,-48.92417,BR
São Martinho,-28.16472,-48.97944,BR
Praia Grande,-29.19667,-49.95028,BR
Praia Grande,-24.00583,-46.40278,BR
Prados,-21.0575,-44.07972,BR
Pradópolis,-21.35944,-48.06556,BR
Prado,-17.34111,-39.22083,BR
Pracinha,-21.85111,-51.08667,BR
Poxoréu,-15.83722,-54.38917,BR
Pouso Redondo,-27.25806,-49.93389,BR
Pouso Novo,-29.17083,-52.2075,BR
Pouso Alto,-22.19361,-44.9725,BR
Pouso Alegre,-22.23,-45.93639,BR
Potirendaba,-21.04278,-49.37722,BR
Potiraguá,-15.59472,-39.87667,BR
Poté,-17.80667,-41.78639,BR
Posse,-14.09306,-46.36944,BR
Porto Xavier,-27.90556,-55.1375,BR
Porto Vitória,-26.16111,-51.23167,BR
Porto União,-26.23806,-51.07833,BR
Porto Seguro,-16.44972,-39.06472,BR
Porto Rico,-22.77222,-53.26694,BR
Porto Real do Colégio,-10.18583,-36.84,BR
Porto Real,-22.41972,-44.29028,BR
Porto Nacional,-10.70806,-48.41722,BR
Porto Murtinho,-21.69889,-57.8825,BR
Porto Mauá,-27.57528,-54.66806,BR
Porto Lucena,-27.85611,-55.01639,BR
Porto Firme,-20.67333,-43.08444,BR
Porto Ferreira,-21.85389,-47.47917,BR
Porto Feliz,-23.21472,-47.52389,BR
Euclides da Cunha Paulista,-22.5572,-52.58972,BR
Porto Estrela,-15.32444,-57.2275,BR
Porto Esperidião,-15.85278,-58.46028,BR
Porto dos Gaúchos,-11.53528,-57.41444,BR
Porto Belo,-27.15778,-48.55306,BR
Pôrto Barra do Ivinheima,-22.96667,-53.66667,BR
Angélica,-22.15988,-53.77217,BR
Porto Amazonas,-25.54472,-49.89028,BR
Porto Alegre,-30.03283,-51.23019,BR
Porteirinha,-15.74333,-43.02833,BR
Portão,-29.70167,-51.24194,BR
Porecatu,-22.75583,-51.37917,BR
Porciúncula,-20.96278,-42.04083,BR
Porangatu,-13.44083,-49.14861,BR
Porangaba,-23.17583,-48.125,BR
Populina,-19.93278,-50.5375,BR
Ponto Novo,-10.86278,-40.13361,BR
Pontes Gestal,-20.16667,-49.70333,BR
Ponte Serrada,-26.87167,-52.01583,BR
Pontes e Lacerda,-15.22611,-59.33528,BR
Ponte Nova,-20.41639,-42.90861,BR
Presidente Juscelino,-18.63884,-44.06045,BR
Ribeirãozinho,-16.48907,-52.6943,BR
Ponte Alta do Norte,-27.15833,-50.46444,BR
Ponte Alta do Tocantins,-10.74389,-47.53611,BR
Ponte Alta do Bom Jesus,-12.09083,-46.47917,BR
Ponte Alta,-27.48417,-50.38028,BR
Ponta Porã,-22.53611,-55.72556,BR
Pontalinda,-20.44083,-50.52333,BR
Pontalina,-17.525,-49.44722,BR
Pontal,-21.0225,-48.03722,BR
Ponta Grossa,-25.095,-50.16194,BR
Pongaí,-21.73639,-49.36667,BR
Pompéu,-19.22444,-44.93528,BR
Pompéu,-19.22446,-44.99804,BR
Pompéia,-22.10861,-50.17167,BR
Pomerode,-26.74056,-49.17694,BR
Poloni,-20.78528,-49.82361,BR
Pojuca,-12.43056,-38.32778,BR
Pocrane,-19.61972,-41.63694,BR
Poço Verde,-10.70833,-38.18333,BR
Poços de Caldas,-21.78778,-46.56139,BR
Poconé,-16.25667,-56.62278,BR
Poço Fundo,-21.78083,-45.965,BR
Poções,-14.52972,-40.36528,BR
Poço das Antas,-29.44944,-51.67083,BR
Poá,-23.52806,-46.34472,BR
Platina,-22.63778,-50.20389,BR
Planura,-20.13778,-48.70194,BR
Planalto,-27.32889,-53.05861,BR
Planalto,-21.03444,-49.92917,BR
Planaltina do Paraná,-23.02303,-52.91616,BR
Planaltina,-15.45278,-47.61417,BR
Piúma,-20.83778,-40.72194,BR
Pium,-10.4425,-49.18222,BR
Piumhi,-20.46528,-45.95806,BR
Pitangui,-19.68278,-44.89028,BR
Pitangueiras,-23.23056,-51.58556,BR
Pitangueiras,-21.00944,-48.22167,BR
Pitanga,-24.75722,-51.76139,BR
Piritiba,-11.73028,-40.55528,BR
Piripá,-14.94,-41.72,BR
Pires do Rio,-17.29972,-48.27944,BR
Pirenópolis,-15.85072,-48.96087,BR
Piraúba,-21.27639,-43.02639,BR
Piratuba,-27.41972,-51.77194,BR
Piratininga,-22.41278,-49.13472,BR
Piratini,-31.44806,-53.10417,BR
Piraquara,-25.44227,-49.06795,BR
Pirapozinho,-22.27528,-51.5,BR
Pirapora do Bom Jesus,-23.39694,-47.00222,BR
Pirapora,-17.345,-44.94194,BR
Pirapó,-28.04472,-55.19889,BR
Piranhas,-16.42694,-51.82222,BR
Piranguinho,-22.40111,-45.53167,BR
Piranguçu,-22.52778,-45.49528,BR
Pirangi,-21.09139,-48.65778,BR
Piranga,-20.68472,-43.30028,BR
Pirambu,-10.73778,-36.85611,BR
Pirajuí,-21.99861,-49.45722,BR
Pirajuba,-19.90694,-48.70056,BR
Piraju,-23.19361,-49.38389,BR
Piraí do Sul,-24.52611,-49.94861,BR
Piraí do Norte,-13.76194,-39.37889,BR
Piraí,-22.62917,-43.89806,BR
Pirassununga,-21.99611,-47.42583,BR
Piracicaba,-22.72528,-47.64917,BR
Piracema,-20.50778,-44.4825,BR
Piracanjuba,-17.30278,-49.01667,BR
Piracaia,-23.05389,-46.35806,BR
Piquete,-22.61361,-45.17611,BR
Piquerobi,-21.88897,-51.73139,BR
Pinto Bandeira,-29.09722,-51.45056,BR
Pintadas,-11.8125,-39.90861,BR
Pinheiros,-23.56729,-46.69232,BR
Pinheiro,-29.79216,-52.74064,BR
Pinheiro Preto,-27.05056,-51.23083,BR
Pinheiro Machado,-31.57833,-53.38111,BR
Pinheiral,-22.51278,-44.00056,BR
Pinhão,-25.69556,-51.65972,BR
Pinhão,-10.56722,-37.72278,BR
Pinhalzinho,-26.84806,-52.99194,BR
Janiópolis,-24.14302,-52.77798,BR
Pinhalzinho,-22.77944,-46.59056,BR
Pinhal Grande,-29.34611,-53.30667,BR
Pinhal da Serra,-27.875,-51.17222,BR
Pinhalão,-23.7925,-50.05583,BR
Balneário Pinhal,-30.25885,-50.23866,BR
Espírito Santo do Pinhal,-22.19591,-46.74884,BR
Pindorama,-21.18583,-48.90722,BR
Pindorama do Tocantins,-11.13861,-47.57861,BR
Pindobaçu,-10.74167,-40.36083,BR
Pindamonhangaba,-22.92389,-45.46167,BR
Pindaí,-14.4925,-42.68722,BR
Pimenta,-20.48389,-45.79889,BR
Pilar do Sul,-23.81306,-47.71639,BR
Pilar de Goiás,-14.76389,-49.57833,BR
Piên,-26.09806,-49.42917,BR
Piedade dos Gerais,-20.47111,-44.22722,BR
Piedade do Rio Grande,-21.46861,-44.19611,BR
Piedade de Ponte Nova,-20.24528,-42.73417,BR
Piedade,-23.71194,-47.42778,BR
Piedade de Caratinga,-19.76091,-42.07566,BR
Balneário Piçarras,-26.76389,-48.67167,BR
Nova Hartz,-29.58425,-50.90278,BR
Piau,-21.50944,-43.32278,BR
Piatã,-13.15194,-41.77278,BR
Piacatu,-21.59222,-50.59917,BR
Piaçabuçu,-10.40556,-36.43444,BR
Petrópolis,-22.505,-43.17861,BR
Petrolina de Goiás,-16.095,-49.33806,BR
Pescaria Brava,-28.3743,-48.88277,BR
Pescador,-18.35694,-41.59806,BR
Perus,-23.40472,-46.75472,BR
Peruíbe,-24.32,-46.99833,BR
Pérola d'Oeste,-25.82502,-53.74051,BR
Doresópolis,-20.28749,-45.90294,BR
Perobal,-23.89611,-53.40972,BR
Pérola,-23.80472,-53.68361,BR
Periquito,-19.15527,-42.24125,BR
Pereiras,-23.07611,-47.97583,BR
Pereira Barreto,-20.63833,-51.10917,BR
Perdões,-21.09083,-45.09139,BR
Perdizes,-19.35278,-47.29278,BR
Perdigão,-19.95278,-45.08417,BR
Pequi,-19.63278,-44.65889,BR
Pequeri,-21.83417,-43.12056,BR
Penha,-26.76944,-48.64583,BR
Penedo,-10.29028,-36.58639,BR
Penápolis,-21.41972,-50.0775,BR
Serra Dourada,-12.76073,-43.94998,BR
Pelotas,-31.76997,-52.34101,BR
Pejuçara,-28.42333,-53.65583,BR
Peixe,-12.025,-48.53917,BR
Pedro Teixeira,-21.70639,-43.74556,BR
Pedro Leopoldo,-19.61806,-44.04306,BR
Pedro Gomes,-18.10056,-54.55194,BR
Pedro de Toledo,-24.27472,-47.23278,BR
Pedrinópolis,-19.22778,-47.46222,BR
Pedrinhas Paulista,-22.81506,-50.79245,BR
Pedrinhas,-11.19167,-37.67389,BR
Pedreira,-22.74194,-46.90139,BR
Pedregulho,-20.25694,-47.47667,BR
Pedras Grandes,-28.43583,-49.185,BR
Pedras de Maria da Cruz,-15.60667,-44.39139,BR
Pedras Altas,-31.71667,-53.58778,BR
Pedrão,-12.14573,-38.64251,BR
Pedranópolis,-20.2475,-50.11028,BR
Pedra Mole,-10.61667,-37.68694,BR
Pedralva,-22.24278,-45.46583,BR
Pedra Dourada,-20.83028,-42.15417,BR
Pedra do Indaiá,-20.25833,-45.20889,BR
Pedra do Anta,-20.59722,-42.71361,BR
Pedra Bonita,-20.52056,-42.33,BR
Pedra Bela,-22.79306,-46.44306,BR
Pedra Azul,-16.00528,-41.29722,BR
Pé de Serra,-11.83389,-39.6125,BR
Pederneiras,-22.35167,-48.775,BR
Peçanha,-18.54861,-42.55694,BR
Peabiru,-23.91278,-52.34306,BR
Paverama,-29.55167,-51.73028,BR
Pavão,-17.42778,-40.99889,BR
Paulo Lopes,-27.96167,-48.68361,BR
Paulo Frontin,-26.03972,-50.83583,BR
Paulo de Faria,-20.03171,-49.40583,BR
Paulo Bento,-27.70194,-52.42167,BR
Paulistas,-18.4275,-42.86833,BR
Paulistânia,-22.57833,-49.40278,BR
Paulínia,-22.76111,-47.15417,BR
Paulicéia,-21.31778,-51.83056,BR
Paula Freitas,-26.20833,-50.93806,BR
Paula Cândido,-20.87417,-42.98028,BR
Pau Brasil,-15.46417,-39.65111,BR
Patrocínio Paulista,-20.63944,-47.28167,BR
Patrocínio do Muriaé,-21.1525,-42.21472,BR
Patrocínio,-18.94389,-46.9925,BR
Pinheiros,-18.41334,-40.21488,BR
Patos de Minas,-18.57889,-46.51806,BR
Pato Branco,-26.22861,-52.67056,BR
Pato Bragado,-24.62639,-54.22472,BR
Patis,-16.07639,-44.08194,BR
Paty do Alferes,-22.42861,-43.41861,BR
Posto da Mata,-17.88608,-39.85887,BR
Passos,-20.71889,-46.60972,BR
Passo Fundo,-28.26278,-52.40667,BR
Passo do Sobrado,-29.74806,-52.27472,BR
São João do Sul,-29.22333,-49.81,BR
Alvorada,-30.00018,-51.07632,BR
Passa Vinte,-22.20944,-44.23444,BR
Passa Tempo,-20.65056,-44.49556,BR
Passa Quatro,-22.39028,-44.96667,BR
Passabém,-19.35333,-43.13639,BR
Parobé,-29.62861,-50.83472,BR
Parnaguá,-10.2275,-44.63917,BR
Parisi,-20.30361,-50.01472,BR
Pariquera-Açu,-24.715,-47.88111,BR
Paripiranga,-10.6875,-37.86167,BR
Parelheiros,-23.8275,-46.72694,BR
Pareci Novo,-29.63833,-51.3975,BR
Pardinho,-23.08111,-48.37361,BR
Paraúna,-16.94778,-50.44861,BR
Paratinga,-12.69056,-43.18417,BR
Rafael Jambeiro,-12.40829,-39.50094,BR
Paraty,-23.21778,-44.71306,BR
Parapuã,-21.78339,-50.7915,BR
Paraopeba,-19.27444,-44.40417,BR
Paranoá,-15.77553,-47.78117,BR
Paranhos,-23.89278,-55.43111,BR
Paranavaí,-23.07306,-52.46528,BR
Paranapuã,-20.10355,-50.58657,BR
Paranapoema,-22.65509,-52.08584,BR
Paranapanema,-23.3863,-48.72441,BR
Paranaíba,-19.67722,-51.19083,BR
Paranaguá,-25.51626,-48.52537,BR
Paranacity,-22.93,-52.15111,BR
Paranã,-12.61528,-47.88306,BR
Paramirim,-13.4425,-42.23889,BR
Paraisópolis,-22.55417,-45.78,BR
Paraíso do Sul,-29.66861,-53.14889,BR
Paraíso do Norte,-23.28083,-52.60222,BR
Paraíso,-26.61389,-53.67194,BR
Paraíso,-21.01639,-48.77361,BR
Paraíso das Águas,-19.0175,-53.01222,BR
Paraibuna,-23.38611,-45.66222,BR
Paraíba do Sul,-22.15847,-43.29321,BR
Paraí,-28.59666,-51.79092,BR
Paraguaçu Paulista,-22.41278,-50.57583,BR
Paraguaçu,-21.54722,-45.7375,BR
Pará de Minas,-19.86028,-44.60833,BR
Paracatu,-17.22222,-46.87472,BR
Paracambi,-22.6083,-43.70948,BR
Papanduva,-26.37028,-50.14444,BR
Papagaios,-19.44917,-44.74778,BR
Pantano Grande,-30.19139,-52.37361,BR
Pantano do Sul,-27.77972,-48.50861,BR
Panorama,-21.35639,-51.85972,BR
Pancas,-19.225,-40.85139,BR
Panambi,-28.2925,-53.50167,BR
Panamá,-18.17667,-49.35417,BR
Fronteira dos Vales,-16.88975,-40.92532,BR
Palotina,-24.28389,-53.84,BR
Palmópolis,-16.735,-40.42,BR
Palmitos,-27.0675,-53.16111,BR
Palmitinho,-27.355,-53.555,BR
Palmital,-24.89306,-52.20278,BR
Palmital,-22.78889,-50.2175,BR
Palminópolis,-16.79611,-50.16472,BR
Palmelo,-17.32444,-48.42333,BR
Palmeiras de Goiás,-16.805,-49.92583,BR
Palmeiras,-12.52889,-41.55889,BR
Palmeira d'Oeste,-20.41639,-50.76194,BR
Palmeira das Missões,-27.89944,-53.31361,BR
Palmeira,-27.58278,-50.15944,BR
Palmeira,-25.42944,-50.00639,BR
Palmas de Monte Alto,-14.26722,-43.16194,BR
Palmas,-26.48417,-51.99056,BR
Palmares Paulista,-21.08306,-48.80083,BR
Palmares do Sul,-30.25778,-50.50972,BR
Brunópolis,-27.31086,-50.83865,BR
Palma,-21.375,-42.31417,BR
Palhoça,-27.64528,-48.66778,BR
Palestina,-20.39,-49.43306,BR
Paiva,-21.28917,-43.41583,BR
Pains,-20.37056,-45.66139,BR
Painel,-27.92889,-50.105,BR
Paineiras,-18.89963,-45.534,BR
Paim Filho,-27.71056,-51.76056,BR
Paiçandu,-23.4575,-52.04861,BR
Padre Paraíso,-17.07417,-41.48444,BR
Padre Bernardo,-15.16538,-48.28416,BR
Pacatuba,-10.45333,-36.65139,BR
Santa Bárbara,-11.95833,-38.975,BR
Pacaembu,-21.56222,-51.26056,BR
Ouvidor,-18.23361,-47.83889,BR
Ouro Verde de Minas,-18.07056,-41.26972,BR
Ouro Verde,-26.69444,-52.31194,BR
Ouro Verde do Oeste,-24.77321,-53.90438,BR
Ouro Verde,-21.48944,-51.70028,BR
Ouro Preto,-20.39484,-43.50517,BR
Ouro Fino,-22.28306,-46.36889,BR
Ouro Branco,-20.52334,-43.69486,BR
Ourolândia,-10.97141,-41.0796,BR
Ouro,-27.34139,-51.61806,BR
Ourizona,-23.405,-52.19889,BR
Ourinhos,-22.97889,-49.87056,BR
Ouriçangas,-12.01162,-38.62827,BR
Otacílio Costa,-27.48306,-50.12194,BR
Osvaldo Cruz,-21.79667,-50.87861,BR
Osório,-29.88667,-50.26972,BR
Oscar Bressane,-22.31833,-50.28139,BR
Osasco,-23.5325,-46.79167,BR
Ortigueira,-24.20833,-50.94944,BR
Orleans,-28.35889,-49.29139,BR
Orlândia,-20.72028,-47.88667,BR
Orizona,-17.03139,-48.29583,BR
Orizânia,-20.50639,-42.21,BR
Orindiúva,-20.18222,-49.35139,BR
Oriente,-22.15278,-50.09083,BR
Oratórios,-20.43056,-42.80556,BR
Onda Verde,-20.60779,-49.29469,BR
Onça,-19.72866,-44.80507,BR
Oliveira Fortes,-21.33889,-43.45639,BR
Oliveira dos Brejinhos,-12.31694,-42.89611,BR
Oliveira,-20.69639,-44.82722,BR
Olindina,-11.36667,-38.33333,BR
Pedro Osório,-31.86557,-52.82718,BR
Olímpio Noronha,-22.06778,-45.26389,BR
Olímpia,-20.73722,-48.91472,BR
Olhos d'Água,-17.39694,-43.57333,BR
Olho d'Água Grande,-10.05833,-36.81667,BR
Óleo,-22.94139,-49.34194,BR
Olaria,-21.86083,-43.93722,BR
Ocauçu,-22.43889,-49.92278,BR
Nuporanga,-20.73095,-47.75177,BR
Núcleo Bandeirante,-15.8707,-47.96892,BR
Novo Horizonte,-21.46806,-49.22083,BR
Novo Hamburgo,-29.67833,-51.13056,BR
Novo Cruzeiro,-17.46806,-41.87528,BR
Novo Brasil,-16.03417,-50.71111,BR
Nova Viçosa,-17.89194,-39.37194,BR
Nova Veneza,-28.63667,-49.49778,BR
Nova Veneza,-16.37083,-49.32306,BR
Nova Venécia,-18.71056,-40.40056,BR
Nova Trento,-27.28583,-48.92972,BR
Nova Soure,-11.23333,-38.48333,BR
Nova Serrana,-19.87611,-44.98361,BR
Nova Roma do Sul,-28.9892,-51.40854,BR
Nova Roma,-13.74194,-46.88028,BR
Nova Resende,-21.12611,-46.42028,BR
Nova Prata,-28.78389,-51.61,BR
Nova Ponte,-19.1525,-47.67472,BR
Nova Petrópolis,-29.37639,-51.11444,BR
Nova Palma,-29.47167,-53.46889,BR
Nova Pádua,-29.02861,-51.30667,BR
Nova Olímpia,-14.79722,-57.28806,BR
Nova Odessa,-22.7775,-47.29583,BR
Nova Módica,-18.43722,-41.50139,BR
Maripá,-24.41833,-53.83,BR
Nova Luzitânia,-20.85611,-50.26167,BR
Nova Londrina,-22.76583,-52.985,BR
Nova Lima,-19.98556,-43.84667,BR
Nova Laranjeiras,-25.30694,-52.54139,BR
Nova Itarana,-13.02694,-40.06861,BR
Severiano de Almeida,-27.43306,-52.11611,BR
Novais,-20.99222,-48.91861,BR
Nova Independência,-21.10389,-51.49,BR
Nova Iguaçu,-22.75917,-43.45111,BR
Nova Ibiá,-13.81,-39.62556,BR
Nova Guataporanga,-21.33444,-51.64389,BR
Nova Granada,-20.53389,-49.31417,BR
Nova Friburgo,-22.28194,-42.53111,BR
Nova Fátima,-23.43222,-50.56389,BR
Nova Europa,-21.77833,-48.56083,BR
Nova Esperança do Sul,-29.40994,-54.8285,BR
Nova Esperança,-23.18361,-52.20472,BR
Nova Era,-19.75,-43.0375,BR
Nova Canaã,-14.79417,-40.1425,BR
Nova Bréscia,-29.21444,-52.0275,BR
Nova Bassano,-28.72361,-51.70472,BR
Nova Aurora,-24.5255,-53.2573,BR
Nova Aurora,-18.0575,-48.25361,BR
Nova Araçá,-28.65944,-51.745,BR
Nova América da Colina,-23.33056,-50.7175,BR
Nova América,-15.02167,-49.89583,BR
Nova Aliança do Ivaí,-23.17667,-52.60194,BR
Nova Aliança,-21.01583,-49.49611,BR
Nossa Senhora do Socorro,-10.855,-37.12611,BR
Milagres,-12.87,-39.85889,BR
Freguesia do Ó,-23.49877,-46.69983,BR
Nossa Senhora do Livramento,-15.775,-56.34556,BR
Nossa Senhora de Lourdes,-10.07944,-37.05778,BR
Nossa Senhora das Graças,-22.91361,-51.79444,BR
Nossa Senhora das Dores,-10.49167,-37.19333,BR
Nossa Senhora da Glória,-10.21833,-37.42028,BR
Nortelândia,-14.45472,-56.80278,BR
Nordestina,-10.8225,-39.42694,BR
Nonoai,-27.36167,-52.77139,BR
Nobres,-14.72028,-56.3275,BR
Niterói,-22.88333,-43.10361,BR
Niquelândia,-14.47389,-48.45972,BR
Nipoã,-20.91333,-49.77778,BR
Nioaque,-21.13528,-55.83,BR
Nilópolis,-22.8075,-43.41389,BR
Nilo Peçanha,-13.59944,-39.10694,BR
Coronel Sapucaia,-23.27346,-55.53135,BR
Nhandeara,-20.6897,-50.0407,BR
Neves Paulista,-20.84611,-49.62972,BR
Nerópolis,-16.40639,-49.21861,BR
Nepomuceno,-21.23342,-45.23488,BR
Neópolis,-10.32,-36.57944,BR
Nazário,-16.58167,-49.88167,BR
Nazaré Paulista,-23.18111,-46.395,BR
Nazareno,-21.21639,-44.61139,BR
Nazaré,-13.035,-39.01444,BR
Naviraí,-23.065,-54.19056,BR
Navegantes,-26.89889,-48.65417,BR
Natividade,-21.04222,-41.97333,BR
Natividade da Serra,-23.37556,-45.44194,BR
Natividade,-11.70871,-47.728,BR
Natércia,-22.12,-45.51167,BR
Narandiba,-22.40722,-51.52444,BR
Naque,-19.23028,-42.32833,BR
Não-Me-Toque,-28.45917,-52.82083,BR
Nanuque,-17.83917,-40.35389,BR
Nantes,-22.62056,-51.23694,BR
Muzambinho,-21.37583,-46.52556,BR
Mutunópolis,-13.7325,-49.275,BR
Mutum,-19.8,-41.43833,BR
Dom Aquino,-15.81023,-54.92058,BR
Mutuípe,-13.22861,-39.50472,BR
Murutinga do Sul,-20.99333,-51.2775,BR
Muritiba,-12.91667,-39.25,BR
Muritiba,-12.62639,-38.99,BR
Muribeca,-10.42722,-36.95917,BR
Muriaé,-21.13056,-42.36639,BR
Muqui,-20.95167,-41.34583,BR
Muniz Freire,-20.46417,-41.41306,BR
Muniz Ferreira,-13.00278,-39.11,BR
Munhoz de Melo,-23.14806,-51.77389,BR
Munhoz,-22.61306,-46.36056,BR
Mundo Novo,-11.85889,-40.4725,BR
Mulungu do Morro,-11.96611,-41.63889,BR
Muliterno,-28.32944,-51.7675,BR
Muitos Capões,-28.31417,-51.18167,BR
Mucurici,-18.09333,-40.51583,BR
Mucuri,-18.08639,-39.55083,BR
Muçum,-29.16472,-51.86778,BR
Mucugê,-13.00845,-41.37237,BR
Motuca,-21.50806,-48.15111,BR
Mostardas,-31.1068,-50.91723,BR
Mossâmedes,-16.12667,-50.215,BR
Mozarlândia,-14.74472,-50.57056,BR
Morungaba,-22.87914,-46.79575,BR
Mortugaba,-15.02333,-42.36806,BR
Morro Reuter,-29.53806,-51.08083,BR
Morro do Pilar,-19.21556,-43.37639,BR
Morro do Chapéu,-11.54852,-41.15804,BR
Pedro Canário,-18.29664,-39.95299,BR
Morro da Garça,-18.54694,-44.6025,BR
Morro da Fumaça,-28.65083,-49.21,BR
Barão do Monte Alto,-21.24489,-42.23609,BR
Morro Agudo,-20.73139,-48.05778,BR
Morrinhos,-17.73111,-49.09944,BR
Morretes,-25.47694,-48.83444,BR
Morpará,-11.55861,-43.28083,BR
Mormaço,-28.69222,-52.69222,BR
Moreira Sales,-24.04952,-53.00998,BR
Morada Nova de Minas,-18.60444,-45.35667,BR
Montividiu,-17.44417,-51.17472,BR
Montezuma,-15.17194,-42.49722,BR
Monte Sião,-22.4325,-46.5725,BR
Montes Claros,-16.735,-43.86167,BR
Monte Santo de Minas,-21.18972,-46.98028,BR
Monte Santo,-10.43778,-39.33278,BR
Montenegro,-29.68861,-51.46111,BR
Monte Mor,-22.94667,-47.31583,BR
Monteiro Lobato,-22.95667,-45.83972,BR
Monte do Carmo,-10.76333,-48.10889,BR
Monte Castelo,-26.46222,-50.23111,BR
Monte Castelo,-21.29944,-51.56861,BR
Monte Carmelo,-18.72472,-47.49861,BR
Monte Belo do Sul,-29.16317,-51.63272,BR
Monte Belo,-21.32639,-46.3675,BR
Monte Formoso,-16.8675,-41.25463,BR
Monte Azul Paulista,-20.90722,-48.64139,BR
Monte Azul,-15.155,-42.87472,BR
Monte Aprazível,-20.7725,-49.71417,BR
Monte Alto,-21.26111,-48.49639,BR
Monte Alegre do Sul,-22.68194,-46.68083,BR
Monte Alegre de Sergipe,-10.02722,-37.56222,BR
Monte Alegre de Minas,-18.87056,-48.88083,BR
Monte Alegre de Goiás,-13.2597,-46.88844,BR
Montauri,-28.65194,-52.07,BR
Montanha,-18.12694,-40.36333,BR
Monsenhor Paulo,-21.7575,-45.54111,BR
Monjolos,-18.32528,-44.11917,BR
Mongaguá,-24.09306,-46.62083,BR
Mondaí,-27.10278,-53.40194,BR
Monções,-20.85028,-50.09167,BR
Mombuca,-22.92917,-47.56611,BR
Moita Bonita,-10.5775,-37.34278,BR
Moiporá,-16.54611,-50.73917,BR
Mogi Mirim,-22.43194,-46.95778,BR
Mogi Guaçu,-22.3677,-46.94552,BR
Mogi das Cruzes,-23.52278,-46.18833,BR
Moema,-19.84333,-45.41083,BR
Moeda,-20.33306,-44.05278,BR
Mococa,-21.46778,-47.00472,BR
São João das Missões,-14.883,-44.0828,BR
Mirim Doce,-27.19639,-50.07667,BR
Mirassolândia,-20.61667,-49.46389,BR
Mirassol,-20.81917,-49.52111,BR
Mirante do Paranapanema,-22.29194,-51.90639,BR
Mirante,-14.24194,-40.77833,BR
Mirangaba,-10.95444,-40.57583,BR
Mirandópolis,-21.13361,-51.10167,BR
Miranda,-20.24056,-56.37833,BR
Miraí,-21.19528,-42.61417,BR
Mira Estrela,-19.97944,-50.13722,BR
Miradouro,-20.89056,-42.3425,BR
Mirador,-23.2575,-52.77639,BR
Miracema,-21.41222,-42.19667,BR
Miracatu,-24.28139,-47.45972,BR
Mirabela,-16.26278,-44.16444,BR
Mineiros do Tietê,-22.40944,-48.45056,BR
Mineiros,-17.56944,-52.55111,BR
Minduri,-21.68194,-44.60389,BR
Minas Novas,-17.21861,-42.59028,BR
Mimoso do Sul,-21.06417,-41.36639,BR
Mimoso de Goiás,-15.0585,-48.1617,BR
Miguel Pereira,-22.45389,-43.46889,BR
Miguelópolis,-20.17944,-48.03194,BR
Miguel Calmon,-11.42889,-40.595,BR
Mesquita,-19.2225,-42.60722,BR
Meridiano,-20.35917,-50.17333,BR
Senador Modestino Gonçalves,-17.94795,-43.22318,BR
Mercês,-21.19417,-43.34139,BR
Mercedes,-24.45389,-54.16167,BR
Mendonça,-21.18465,-49.57954,BR
Mendes Pimentel,-18.66111,-41.40472,BR
Mendes,-22.52667,-43.73278,BR
Vale Verde,-29.78384,-52.18433,BR
Meleiro,-28.82861,-49.63583,BR
Medina,-16.2225,-41.47694,BR
Medianeira,-25.29528,-54.09389,BR
Medeiros Neto,-17.37389,-40.22056,BR
Medeiros,-19.99556,-46.22611,BR
Maximiliano de Almeida,-27.63222,-51.80333,BR
Itapuca,-28.78015,-52.1723,BR
Mauá,-23.66778,-46.46139,BR
Matutina,-19.2225,-45.96861,BR
Matozinhos,-19.55778,-44.08139,BR
Mato Verde,-15.39722,-42.86639,BR
Matos Costa,-26.47306,-51.14833,BR
Vila Bela da Santíssima Trindade,-15.00806,-59.95056,BR
Matipó,-20.28389,-42.34111,BR
Matinhos,-25.83219,-48.53966,BR
Matina,-13.90944,-42.84944,BR
Matias Cardoso,-14.85472,-43.92194,BR
Matias Barbosa,-21.86917,-43.31944,BR
Mateus Leme,-19.98639,-44.42778,BR
Matelândia,-25.24039,-53.9824,BR
Mata Verde,-15.68639,-40.74111,BR
Matão,-21.60333,-48.36583,BR
Mato Leitão,-29.52444,-52.12861,BR
Mata de São João,-12.53028,-38.29917,BR
Mata,-29.56556,-54.46028,BR
Massaranduba,-26.61056,-49.00833,BR
Maçambara,-29.14278,-56.065,BR
Mascote,-15.56306,-39.3025,BR
Marzagão,-17.98139,-48.64028,BR
Marumbi,-23.70611,-51.63944,BR
Maruim,-10.7375,-37.08167,BR
Martins Soares,-20.25694,-41.87694,BR
Martinópolis,-22.14583,-51.17083,BR
Martinho Campos,-19.33167,-45.23694,BR
Marquinho,-25.11333,-52.25417,BR
Marques de Souza,-29.3275,-52.0925,BR
Marmeleiro,-26.14944,-53.02611,BR
Marliéria,-19.71222,-42.73222,BR
Maripá de Minas,-21.69695,-42.96263,BR
Mariópolis,-26.35472,-52.55861,BR
Marinópolis,-20.44056,-50.82306,BR
Maringá,-23.42528,-51.93861,BR
Mariluz,-24.00222,-53.14611,BR
Marília,-22.21389,-49.94583,BR
Marilena,-22.73583,-53.04,BR
Marilândia do Sul,-23.74472,-51.30778,BR
Marilândia,-19.41278,-40.54167,BR
Marilac,-18.50806,-42.08389,BR
Maricá,-22.91944,-42.81861,BR
Mariápolis,-21.79889,-51.18139,BR
Mariana Pimentel,-30.3525,-51.58306,BR
Mariana,-20.37778,-43.41611,BR
Marialva,-23.485,-51.79167,BR
Nova Marilândia,-14.36593,-56.97398,BR
Maria Helena,-23.61639,-53.205,BR
Maria da Fé,-22.30806,-45.37528,BR
Vila Maria,-28.53472,-52.15361,BR
Marema,-26.80222,-52.62528,BR
Marechal Floriano,-20.41278,-40.68306,BR
Marechal Cândido Rondon,-24.55611,-54.05667,BR
Mar de Espanha,-21.86722,-43.00972,BR
Marcelino Ramos,-27.46167,-51.90639,BR
Maravilhas,-19.51611,-44.67639,BR
Maravilha,-26.76083,-53.1725,BR
Marau,-28.44917,-52.2,BR
Maraú,-14.10395,-39.0149,BR
Marataizes,-21.04333,-40.82444,BR
Maratá,-29.54889,-51.55389,BR
Marapoama,-21.25917,-49.12889,BR
Maragogipe,-12.77778,-38.91944,BR
Maracás,-13.44111,-40.43083,BR
Maracaju,-21.61444,-55.16833,BR
Maracajá,-28.8464,-49.46337,BR
Maracaí,-22.61056,-50.66722,BR
Marabá Paulista,-22.10806,-51.9625,BR
Maquiné,-29.675,-50.20722,BR
Manoel Viana,-29.58917,-55.48278,BR
Manoel Ribas,-24.51639,-51.66778,BR
Mantenópolis,-18.8625,-41.12278,BR
Mantena,-18.78167,-40.98028,BR
Mansidão,-10.71639,-44.03444,BR
Manhumirim,-20.35778,-41.95806,BR
Manhuaçu,-20.25806,-42.03361,BR
Aurora do Tocantins,-12.71189,-46.40642,BR
Mangueirinha,-25.94111,-52.17556,BR
Mangaratiba,-22.95972,-44.04056,BR
Manga,-14.75583,-43.93222,BR
Manduri,-23.00333,-49.32194,BR
Mandirituba,-25.77889,-49.32611,BR
Mandaguari,-23.52098,-51.68179,BR
Mandaguaçu,-23.34722,-52.09528,BR
Cordeiros,-15.03861,-41.93472,BR
Mamonas,-15.05028,-42.94944,BR
Mamborê,-24.31944,-52.53,BR
Mambaí,-14.48778,-46.11306,BR
Mallet,-25.87778,-50.82111,BR
Malhador,-10.65778,-37.30472,BR
Malhada dos Bois,-10.34944,-36.92417,BR
Malhada de Pedras,-14.38806,-41.87917,BR
Malhada,-14.33611,-43.77361,BR
Malacacheta,-17.84222,-42.07667,BR
Major Vieira,-26.36778,-50.32806,BR
Major Gercino,-27.41734,-48.95244,BR
Mairipotaba,-17.29917,-49.49139,BR
Mairiporã,-23.31861,-46.58667,BR
Mairinque,-23.54583,-47.18333,BR
Mairi,-11.71139,-40.14889,BR
Maiquinique,-15.62111,-40.26611,BR
Magé,-22.65278,-43.04056,BR
Magda,-20.64389,-50.22611,BR
Mafra,-26.11139,-49.80528,BR
Maetinga,-14.66333,-41.49167,BR
Materlândia,-18.47359,-43.0603,BR
Madre de Deus de Minas,-21.4825,-44.33028,BR
Madre de Deus,-12.74083,-38.62083,BR
Macuco,-21.98389,-42.25278,BR
Macieira,-26.85556,-51.37806,BR
Machado,-21.67472,-45.91972,BR
Machadinho,-27.56694,-51.66778,BR
Machacalis,-17.07722,-40.71639,BR
Macedônia,-20.14583,-50.19444,BR
Macaúbas,-13.01944,-42.69861,BR
Macaubal,-20.80583,-49.96389,BR
Macatuba,-22.50222,-48.71139,BR
Macarani,-15.56833,-40.42306,BR
Macambira,-10.66639,-37.54083,BR
Macajuba,-12.13611,-40.36,BR
Macaé,-22.38484,-41.78324,BR
Luziânia,-16.2525,-47.95028,BR
Luzerna,-27.13278,-51.46722,BR
Luz,-19.80139,-45.68556,BR
Lutécia,-22.34,-50.39222,BR
Lupionópolis,-22.75528,-51.65722,BR
Lupércio,-22.415,-49.81722,BR
Luminárias,-21.51111,-44.90333,BR
Luiziânia,-21.67583,-50.32667,BR
Luiziana,-24.28611,-52.27583,BR
Luisburgo,-20.43972,-42.10278,BR
Luís Antônio,-21.555,-47.70444,BR
Luiz Alves,-26.72056,-48.93278,BR
Luciara,-11.22163,-50.66722,BR
Lucianópolis,-22.43111,-49.5225,BR
Lucélia,-21.72028,-51.01889,BR
Lucas,-16.33333,-55.93333,BR
Louveira,-23.08639,-46.95056,BR
Lourdes,-20.96694,-50.22417,BR
Lorena,-22.73083,-45.12472,BR
Lontras,-27.16611,-49.54194,BR
Lontra,-15.90333,-44.305,BR
Londrina,-23.31028,-51.16278,BR
Lobato,-23.00833,-51.95056,BR
Loanda,-22.92306,-53.13722,BR
Livramento do Brumado,-13.65145,-41.84564,BR
Lins,-21.67861,-49.7425,BR
Linhares,-19.39111,-40.07222,BR
Lindóia,-22.52306,-46.65,BR
Limeira,-22.56472,-47.40167,BR
Lima Duarte,-21.8425,-43.79306,BR
Licínio de Almeida,-14.68222,-42.5075,BR
Liberdade,-23.56338,-46.63228,BR
Liberdade,-22.02889,-44.31972,BR
Liberato Salzano,-27.6,-53.07278,BR
Leópolis,-23.08,-50.75111,BR
Leopoldo de Bulhões,-16.61917,-48.74361,BR
Leopoldina,-21.53194,-42.64306,BR
Lençóis Paulista,-22.59861,-48.80028,BR
Lençóis,-12.56306,-41.39,BR
Leme do Prado,-17.08333,-42.6925,BR
Leme,-22.18556,-47.39028,BR
Lebon Régis,-26.92889,-50.69528,BR
Minas do Leão,-30.14022,-52.04513,BR
Leandro Ferreira,-19.71806,-45.025,BR
Lavrinhas,-22.57083,-44.90222,BR
Lavras do Sul,-30.81306,-53.895,BR
Lavras,-21.24528,-44.99972,BR
Lavínia,-21.16833,-51.03972,BR
Lauro Müller,-28.39278,-49.39667,BR
Laurentino,-27.21667,-49.73306,BR
Lassance,-17.88667,-44.5775,BR
Ribeirão do Largo,-15.45917,-40.74111,BR
Laranjeiras do Sul,-25.40778,-52.41611,BR
Laranjeiras,-10.80639,-37.17,BR
Laranjal Paulista,-23.04972,-47.83667,BR
Laranjal,-24.88667,-52.46944,BR
Laranjal,-21.37444,-42.47694,BR
Laranja da Terra,-19.89889,-41.05667,BR
Lapão,-11.38333,-41.83194,BR
Lapa,-23.52355,-46.70726,BR
Lapa,-25.76972,-49.71583,BR
Lamim,-20.79028,-43.47417,BR
Lambari,-21.97556,-45.35028,BR
Lamarão,-11.7933,-38.88435,BR
Lajinha,-20.15139,-41.62278,BR
Lages,-27.81611,-50.32611,BR
Teolândia,-13.60234,-39.49241,BR
Lajedo do Tabocal,-13.475,-40.22306,BR
Lajedinho,-12.35583,-40.90556,BR
Laje do Muriaé,-21.20639,-42.1225,BR
Lajedão,-17.61361,-40.34472,BR
Lajeado Grande,-26.85806,-52.56722,BR
Lajeado,-29.46694,-51.96139,BR
Laje,-13.18222,-39.425,BR
Laje,-10.18355,-40.96144,BR
Laguna Carapã,-22.54639,-55.14972,BR
Laguna,-28.4825,-48.78083,BR
Lagoinha,-23.09056,-45.19028,BR
Lagoa Vermelha,-28.20861,-51.52583,BR
Lagoa Santa,-19.63006,-43.9009,BR
Lagoa Real,-14.03472,-42.14222,BR
Lagoão,-29.235,-52.79583,BR
Lagoa Formosa,-18.77861,-46.4075,BR
Lagoa Dourada,-20.91444,-44.07833,BR
Lagoa dos Patos,-16.98333,-44.58222,BR
Nova Fátima,-11.60847,-39.62993,BR
Lagoa da Prata,-20.0225,-45.54361,BR
Presidente Dutra,-11.2951,-41.98605,BR
Lagoa,-27.60491,-48.46713,BR
Lagarto,-10.91722,-37.65,BR
Lagamar,-18.17833,-46.8075,BR
Ladário,-19.00472,-57.60167,BR
Ladainha,-17.63222,-41.7375,BR
Lacerdópolis,-27.26,-51.55583,BR
Kaloré,-23.82431,-51.66774,BR
Juti,-22.86056,-54.60278,BR
Jussiape,-13.51667,-41.5925,BR
Jussari,-15.19139,-39.49528,BR
Jussara,-23.62139,-52.46944,BR
Juruaia,-21.25278,-46.57694,BR
Juranda,-24.42028,-52.84306,BR
Juramento,-16.84806,-43.58694,BR
Juquitiba,-23.93167,-47.06833,BR
Juquiá,-24.32083,-47.63472,BR
Jupiá,-26.39833,-52.72778,BR
Junqueirópolis,-21.51472,-51.43361,BR
Jundiaí do Sul,-23.43667,-50.2475,BR
Jundiaí,-23.18639,-46.88417,BR
Jumirim,-23.08667,-47.78417,BR
Júlio Mesquita,-22.00889,-49.78722,BR
Júlio de Castilhos,-29.22694,-53.68167,BR
Juiz de Fora,-21.76417,-43.35028,BR
Jussara,-15.865,-50.86806,BR
Juatuba,-19.95194,-44.34278,BR
Joviânia,-17.80583,-49.61278,BR
José Raydan,-18.21944,-42.49861,BR
Josenópolis,-16.54722,-42.51528,BR
José Bonifácio,-21.05278,-49.68833,BR
José Boiteux,-26.95833,-49.62806,BR
Jordânia,-15.90028,-40.17806,BR
Joinville,-26.30444,-48.84556,BR
Jóia,-28.64667,-54.12222,BR
Joaquim Távora,-23.49887,-49.92591,BR
Joaquim Felício,-17.7575,-44.17222,BR
Joaquim Egídio,-22.88778,-46.94306,BR
João Ramalho,-22.25028,-50.76778,BR
João Pinheiro,-17.7425,-46.1725,BR
João Neiva,-19.7575,-40.38556,BR
João Monlevade,-19.81,-43.17361,BR
Joanópolis,-22.93028,-46.27556,BR
Picada Café,-29.45152,-51.13335,BR
Joanésia,-19.17222,-42.67861,BR
Joaíma,-16.65417,-41.03056,BR
Joaçaba,-27.17806,-51.50472,BR
Jitaúna,-14.01274,-39.89833,BR
Jiquiriça,-13.25667,-39.57222,BR
Jetibá,-20.02069,-40.68145,BR
Jesuânia,-21.99778,-45.29111,BR
Jerônimo Monteiro,-20.78944,-41.395,BR
Jeriquara,-20.31111,-47.58917,BR
Jeremoabo,-10.076,-38.34725,BR
Jequitinhonha,-16.43389,-41.00333,BR
Jequitibá,-19.23556,-44.02778,BR
Jequitaí,-17.23556,-44.44556,BR
Jequié,-13.85875,-40.08512,BR
Jequiá da Praia,-10.01095,-36.02509,BR
Jequeri,-20.45583,-42.66583,BR
Jeceaba,-20.53411,-43.99192,BR
Jaupaci,-16.17806,-50.95306,BR
Jaú,-22.29639,-48.55778,BR
Jateí,-22.48194,-54.3025,BR
Jataizinho,-23.25417,-50.98,BR
Jataí,-17.87939,-51.72166,BR
Jarinu,-23.10139,-46.72833,BR
Jari,-29.29139,-54.22389,BR
Jardinópolis,-21.01778,-47.76389,BR
Jardim Alegre,-24.17917,-51.69222,BR
Jardim,-21.48028,-56.13806,BR
Novo Jardim,-11.81991,-46.62561,BR
Jaraguari,-20.14167,-54.39944,BR
Jaraguá do Sul,-26.48611,-49.06667,BR
Jaraguá,-23.44077,-46.73774,BR
Jaraguá,-15.75694,-49.33444,BR
Jaquirana,-28.88472,-50.35778,BR
Japurá,-23.47,-52.55333,BR
Japoatã,-10.34667,-36.80111,BR
Japira,-23.81306,-50.13861,BR
Japeri,-22.64306,-43.65333,BR
Japaratuba,-10.59333,-36.94028,BR
Japaraíba,-20.14139,-45.50333,BR
Januária,-15.47949,-44.3652,BR
Jangada,-15.23556,-56.48917,BR
Jandira,-23.5275,-46.9025,BR
Jandaíra,-11.56417,-37.78444,BR
Jandaia do Sul,-23.60306,-51.64333,BR
Jandaia,-17.04861,-50.14611,BR
Janaúba,-15.8025,-43.30889,BR
Jampruca,-18.46278,-41.80389,BR
Jambeiro,-23.25361,-45.68778,BR
Jales,-20.26889,-50.54583,BR
Jaguaruna,-28.62145,-49.02529,BR
Jaguariúna,-22.70556,-46.98583,BR
Jaguaripe,-13.11333,-38.89556,BR
Jaguariaíva,-24.24423,-49.70932,BR
Jaguari,-29.4975,-54.69,BR
Jaguarari,-10.26389,-40.19583,BR
Jaguarão,-32.56611,-53.37583,BR
Jaguaraçu,-19.64917,-42.74972,BR
Jaguaquara,-13.53056,-39.97083,BR
Jaguapitã,-23.11278,-51.53194,BR
Jacutinga,-27.72889,-52.535,BR
Jacutinga,-22.28556,-46.61222,BR
Jacupiranga,-24.6925,-48.00222,BR
Jacuizinho,-29.03222,-53.06333,BR
Jacuí,-21.01667,-46.74111,BR
Jacobina,-11.18143,-40.51372,BR
Jacinto Machado,-28.9975,-49.76361,BR
Jacinto,-16.14444,-40.29333,BR
Jaciara,-15.96528,-54.96833,BR
Jaci,-20.88222,-49.57,BR
Jacarezinho,-23.16056,-49.96944,BR
Jacareí,-23.30528,-45.96583,BR
Jaguaré,-18.90556,-40.07611,BR
Jacaraci,-14.84972,-42.43333,BR
Jaboticabal,-21.25472,-48.32222,BR
Jaboticaba,-27.63083,-53.27722,BR
Jaboticatubas,-19.51361,-43.745,BR
Jaboti,-23.74333,-50.07583,BR
Jaborandi,-20.68806,-48.4125,BR
Jaborá,-27.17583,-51.73361,BR
Ivoti,-29.59111,-51.16056,BR
Ivorá,-29.52028,-53.58056,BR
Ivolândia,-16.60194,-50.79389,BR
Ivatuba,-23.61861,-52.22139,BR
Ivinhema,-22.30127,-53.82866,BR
Ivaiporã,-24.24778,-51.68472,BR
Ivaí,-25.01083,-50.85889,BR
Iúna,-20.34583,-41.53583,BR
Iuiu,-14.41389,-43.55444,BR
Ituverava,-20.33944,-47.78056,BR
Itutinga,-21.29806,-44.65778,BR
Iturama,-19.72806,-50.19556,BR
Ituporanga,-27.41444,-49.6025,BR
Itupeva,-23.15306,-47.05778,BR
Itumirim,-21.31694,-44.87111,BR
Itumbiara,-18.41917,-49.21528,BR
Ituiutaba,-18.97428,-49.46212,BR
Itueta,-19.39622,-41.2261,BR
Ituberá,-13.73538,-39.14785,BR
Ituaçu,-13.81333,-41.29667,BR
Itu,-23.26417,-47.29917,BR
Itororó,-15.11694,-40.07028,BR
Itobi,-21.73694,-46.975,BR
Itiúba,-10.69167,-39.85361,BR
Itiruçu,-13.53167,-40.15028,BR
Itirapuã,-20.64083,-47.21917,BR
Itirapina,-22.25278,-47.82278,BR
Itiquira,-17.20889,-54.15028,BR
Antônio Gonçalves,-10.57154,-40.27589,BR
Itinga,-16.61306,-41.76528,BR
Itaverava,-20.67806,-43.61,BR
Itaúna do Sul,-22.73056,-52.88722,BR
Itaúna,-20.07528,-44.57639,BR
Itaú de Minas,-20.73944,-46.75222,BR
Itauçu,-16.20056,-49.60806,BR
Itatinga,-23.10167,-48.61583,BR
Itatiba do Sul,-27.38504,-52.45556,BR
Itatiba,-23.00583,-46.83889,BR
Itatiaiuçu,-20.19667,-44.42111,BR
Itatiaia,-22.49611,-44.56333,BR
Itati,-29.48972,-50.10056,BR
Itarumã,-18.76917,-51.34806,BR
Itariri,-24.28917,-47.17444,BR
Itararé,-24.1125,-49.33167,BR
Itarantim,-15.65972,-40.06556,BR
Itarana,-19.87389,-40.87528,BR
Itaqui,-29.12528,-56.55306,BR
Itaquera,-23.53194,-46.44417,BR
Itaquara,-13.45083,-39.94111,BR
Itaquaquecetuba,-23.48611,-46.34833,BR
Itapuranga,-15.56222,-49.94861,BR
Itapura,-20.64611,-51.50889,BR
Itapuí,-22.23333,-48.71917,BR
Itaporanga d'Ajuda,-10.99806,-37.31056,BR
Itaporanga,-23.70778,-49.48972,BR
Itaporã,-22.07889,-54.78944,BR
Itápolis,-21.59556,-48.81278,BR
Itapitanga,-14.42278,-39.565,BR
Fernandes Tourinho,-19.15263,-42.08024,BR
Teofilândia,-11.4835,-38.99681,BR
Itapirapuã Paulista,-24.57397,-49.17076,BR
Itapirapuã,-15.82333,-50.61333,BR
Itapiranga,-27.16944,-53.71222,BR
Itapira,-22.43611,-46.82167,BR
Itapicuru,-11.31667,-38.23333,BR
Itapevi,-23.54889,-46.93417,BR
Itapeva,-23.98222,-48.87556,BR
Itapeva,-22.76806,-46.22083,BR
Itapetininga,-23.59167,-48.05306,BR
Itapetinga,-15.24889,-40.24778,BR
Itaperuna,-21.205,-41.88778,BR
Itaperuçu,-25.22,-49.34778,BR
Itapemirim,-21.01111,-40.83389,BR
Itapema,-27.09028,-48.61139,BR
Itapoá,-26.11694,-48.61611,BR
Itapejara d'Oeste,-25.96616,-52.81601,BR
Itapecerica da Serra,-23.71694,-46.84917,BR
Itapecerica,-20.4725,-45.12556,BR
Itapebi,-15.96909,-39.5334,BR
Itapé,-14.89833,-39.42111,BR
Itaparica,-12.88833,-38.67861,BR
Itapagipe,-19.90861,-49.38139,BR
Itapaci,-14.95083,-49.54944,BR
Itaocara,-21.66917,-42.07611,BR
Itaoca,-24.64,-48.84278,BR
Itanhomi,-19.17194,-41.86528,BR
Itanhém,-17.16639,-40.33,BR
Itanhandu,-22.29583,-44.93472,BR
Itanhaém,-24.18306,-46.78889,BR
Itanagra,-12.26306,-38.04167,BR
Itamonte,-22.28389,-44.87,BR
Itamogi,-21.07806,-47.04833,BR
Itambé do Mato Dentro,-19.41444,-43.32111,BR
Itambé,-23.66111,-51.99028,BR
Itambé,-15.245,-40.62444,BR
Itambaracá,-23.01778,-50.40639,BR
Itambacuri,-18.03111,-41.685,BR
Itamari,-13.77806,-39.68361,BR
Itamarati de Minas,-21.41659,-42.81649,BR
Itamarandiba,-17.85722,-42.85889,BR
Itamaraju,-17.03917,-39.53111,BR
Italva,-21.42083,-41.69083,BR
Itajuípe,-14.67806,-39.375,BR
Itajubá,-22.42556,-45.45278,BR
Itaju,-21.98111,-48.80472,BR
Itajobi,-21.31806,-49.05444,BR
Itagibá,-14.28361,-39.84278,BR
Itajaí,-26.90778,-48.66194,BR
Itajá,-19.0675,-51.54444,BR
Itaipé,-17.40194,-41.66861,BR
Itaiópolis,-26.33639,-49.90639,BR
Itaí,-23.41778,-49.09056,BR
Itaguaru,-15.75833,-49.63417,BR
Itaguara,-20.39222,-44.4875,BR
Itaguajé,-22.61806,-51.96611,BR
Itaguaí,-22.85222,-43.77528,BR
Itaguaçu,-19.80194,-40.85556,BR
Itagimirim,-16.08756,-39.61629,BR
Itagi,-14.16278,-40.00611,BR
Itaeté,-12.98639,-40.9725,BR
Itacaré,-14.2789,-38.99584,BR
Itacarambi,-15.10222,-44.09194,BR
Itacambira,-17.06472,-43.30889,BR
Itabuna,-14.78556,-39.28028,BR
Itaboraí,-22.74444,-42.85944,BR
Itabirito,-20.25333,-43.80139,BR
Itabirinha,-18.56639,-41.23306,BR
Itabira,-19.61917,-43.22694,BR
Itabi,-10.12639,-37.10306,BR
Itaberaí,-16.02028,-49.81028,BR
Itaberaba,-12.5275,-40.30694,BR
Itaberá,-23.86194,-49.13722,BR
Itabaianinha,-11.27389,-37.79,BR
Itabaiana,-10.685,-37.42528,BR
Itaara,-29.60972,-53.76472,BR
Itá,-27.27782,-52.32737,BR
Israelândia,-16.31778,-50.90806,BR
Irupi,-20.34528,-41.64111,BR
Presidente Castelo Branco,-23.27829,-52.15375,BR
Iretama,-24.42389,-52.10583,BR
Irecê,-11.30417,-41.85583,BR
Irati,-25.46722,-50.65111,BR
Irará,-12.05,-38.76667,BR
Iraquara,-12.24861,-41.61944,BR
Irapuru,-21.57083,-51.345,BR
Miraguaí,-27.49417,-53.68611,BR
Irapuã,-21.27944,-49.40889,BR
Irani,-27.02472,-51.90167,BR
Iramaia,-13.28556,-40.95111,BR
Irajuba,-13.25139,-40.08444,BR
Iraí de Minas,-18.98389,-47.46139,BR
Iraí,-27.19361,-53.25056,BR
Iraceminha,-26.8225,-53.27444,BR
Iracemápolis,-22.58056,-47.51861,BR
Ipupiara,-11.82028,-42.61417,BR
Ipumirim,-27.07667,-52.13556,BR
Ipuiúna,-22.09889,-46.18972,BR
Ipueiras,-11.23861,-48.46333,BR
Ipuaçu,-26.63139,-52.455,BR
Ipuã,-20.43806,-48.01222,BR
Iporanga,-24.58556,-48.59306,BR
Iporã do Oeste,-26.98802,-53.53462,BR
Iporã,-24.00306,-53.70417,BR
Iporá,-16.44194,-51.11778,BR
Ipiranga,-23.59957,-46.61599,BR
Ipiranga,-25.02389,-50.58417,BR
Ipira,-27.40361,-51.77306,BR
Ipirá,-12.15833,-39.73722,BR
Ipiguá,-20.65667,-49.38722,BR
Ipiaú,-14.13449,-39.73948,BR
Ipiaçu,-18.69222,-49.94278,BR
Ipeúna,-22.43583,-47.71889,BR
Iperó,-23.35028,-47.68861,BR
Ipecaetá,-12.31577,-39.30745,BR
Ipê,-28.82,-51.27917,BR
Ipaussu,-23.05667,-49.62639,BR
Ipatinga,-19.46833,-42.53667,BR
Ipanema,-22.98436,-43.20285,BR
Ipanema,-19.80083,-41.71306,BR
Ipameri,-17.72194,-48.15972,BR
Ipaba,-19.41361,-42.41944,BR
Iomerê,-27.00417,-51.24222,BR
Inúbia Paulista,-21.76972,-50.96194,BR
Inocência,-19.72556,-51.93,BR
Inimutaba,-18.72917,-44.36056,BR
Inhumas,-16.35778,-49.49611,BR
Inhaúma,-19.49111,-44.38972,BR
Inhapim,-19.54917,-42.12,BR
Inhambupe,-11.78444,-38.35306,BR
Inhacorá,-27.88306,-54.01694,BR
Ingaí,-21.40111,-44.91722,BR
Indiaroba,-11.51917,-37.51167,BR
Indiaporã,-19.98,-50.28972,BR
Indianópolis,-23.47639,-52.69611,BR
Indianópolis,-19.03861,-47.91694,BR
Indiana,-22.17444,-51.25167,BR
Independência,-27.83333,-54.18833,BR
Indaiatuba,-23.08842,-47.2119,BR
Indaial,-26.89778,-49.23167,BR
Indaiabira,-15.49167,-42.19722,BR
Inconfidentes,-22.31694,-46.32778,BR
Inajá,-22.74917,-52.19806,BR
Inácio Martins,-25.57111,-51.07889,BR
Divino de São Lourenço,-20.62023,-41.68323,BR
Imbituva,-25.23,-50.60444,BR
Imbituba,-28.24,-48.67028,BR
Imbé de Minas,-19.59806,-41.96969,BR
Imbaú,-24.445,-50.76083,BR
Imaruí,-28.34139,-48.82,BR
Ilópolis,-28.92667,-52.12417,BR
Ilicínea,-20.93583,-45.83278,BR
Ilhota,-26.89972,-48.82722,BR
Ilhéus,-14.79909,-39.03228,BR
Ilha Solteira,-20.43278,-51.3425,BR
Ilha das Flores,-10.43639,-36.54,BR
Ilhabela,-23.77806,-45.35806,BR
Ijuí,-28.38778,-53.91472,BR
Ijaci,-21.17,-44.92528,BR
Iguatemi,-23.68028,-54.56111,BR
Iguatama,-20.17444,-45.71139,BR
Iguaraçu,-23.19694,-51.8275,BR
Iguape,-24.70806,-47.55528,BR
Iguaí,-14.75639,-40.08917,BR
Iguaba Grande,-22.83917,-42.22889,BR
Iguaba,-10.28501,-37.92673,BR
Igrejinha,-29.57444,-50.79028,BR
Igreja Nova,-10.12528,-36.66194,BR
Igrapiúna,-13.82639,-39.14222,BR
Igaratinga,-19.95528,-44.70917,BR
Igaratá,-23.20444,-46.15611,BR
Igarapé,-20.07028,-44.30167,BR
Igarapava,-20.03833,-47.74694,BR
Igaraçu do Tietê,-22.50917,-48.55778,BR
Igaporã,-13.77333,-42.71417,BR
Iepê,-22.66056,-51.07611,BR
Iconha,-20.79306,-40.81111,BR
Pilão Arcado,-10.00053,-42.47975,BR
Ichu,-11.74861,-39.19222,BR
Icém,-20.34167,-49.195,BR
Icaraíma,-23.39556,-53.61389,BR
Içara,-28.71333,-49.3,BR
Ibotirama,-12.18528,-43.22056,BR
Ibiúna,-23.65639,-47.2225,BR
Ibituruna,-21.1525,-44.74778,BR
Ibitiúra de Minas,-22.06226,-46.43977,BR
Ibititá,-11.54722,-41.9775,BR
Ibitirama,-20.54139,-41.66722,BR
Santa Rita de Ibitipoca,-21.56278,-43.91472,BR
Ibitinga,-21.75778,-48.82889,BR
Belmiro Braga,-21.94861,-43.415,BR
Ibitiara,-12.65222,-42.21778,BR
Ibirubá,-28.6275,-53.08972,BR
Ibirité,-20.02194,-44.05889,BR
Ibirataia,-14.06694,-39.64056,BR
Ibirarema,-22.8175,-50.0725,BR
Ibirapuitã,-28.62472,-52.51139,BR
Ibirapuã,-17.68778,-40.10917,BR
Ibirapitanga,-14.16417,-39.37361,BR
Ibirama,-27.05694,-49.51778,BR
Ibiraiaras,-28.37,-51.63639,BR
Ibiraçu,-19.83194,-40.36972,BR
Ibiraci,-20.46222,-47.12222,BR
Ibiracatu,-15.66361,-44.16389,BR
Ibirá,-21.08028,-49.24083,BR
Ibiquera,-12.65111,-40.93361,BR
Ibiporã,-23.26917,-51.04806,BR
Ibipitanga,-12.88222,-42.48583,BR
Santa Rita de Cássia,-11.00861,-44.51944,BR
Ibipeba,-11.64083,-42.01111,BR
Ibicuí,-14.84167,-39.98667,BR
Ibicoara,-13.41316,-41.28572,BR
Ibicaré,-27.09194,-51.365,BR
Ibicaraí,-14.865,-39.5875,BR
Ibiassucê,-14.25944,-42.25694,BR
Ibiam,-27.18139,-51.23694,BR
Ibiaí,-16.86111,-44.91444,BR
Canápolis,-13.07132,-44.20161,BR
Ibiaçá,-28.05694,-51.85472,BR
Ibiá,-19.47833,-46.53889,BR
Ibertioga,-21.43,-43.96306,BR
Ibatiba,-20.23389,-41.51056,BR
Ibaté,-21.95472,-47.99667,BR
Ibarama,-29.41944,-53.13472,BR
Ibaiti,-23.84861,-50.18778,BR
Iaras,-22.87083,-49.16278,BR
Iapu,-19.43667,-42.21778,BR
Iaçu,-12.76722,-40.21167,BR
Iacri,-21.85833,-50.68944,BR
Iaciara,-14.09583,-46.63167,BR
Iacanga,-21.89,-49.02472,BR
Humaitá,-27.56306,-53.97417,BR
Hulha Negra,-31.40417,-53.86944,BR
Hortolândia,-22.85833,-47.22,BR
Horizontina,-27.62583,-54.30778,BR
Hidrolina,-14.72444,-49.465,BR
Hidrolândia,-16.96222,-49.22806,BR
Herval,-32.02361,-53.39556,BR
Herculândia,-22.00361,-50.38528,BR
Heliópolis,-10.68333,-38.28611,BR
Heliodora,-22.06722,-45.54222,BR
Harmonia,-29.54778,-51.42556,BR
Guzolândia,-20.64972,-50.66194,BR
Gurupi,-11.72917,-49.06861,BR
Gurinhatã,-19.21333,-49.78639,BR
Guiricema,-21.00778,-42.71778,BR
Guiratinga,-16.34534,-53.76177,BR
Guimarânia,-18.84389,-46.79306,BR
Guidoval,-21.15194,-42.79667,BR
Guia Lopes da Laguna,-21.45778,-56.11417,BR
Guaxupé,-21.30528,-46.71278,BR
Guatapará,-21.49608,-48.03491,BR
Guatambú,-27.13194,-52.78722,BR
Guarulhos,-23.46278,-46.53333,BR
Guarujá do Sul,-26.38482,-53.52589,BR
Guarujá,-23.99306,-46.25639,BR
Lunardelli,-24.07797,-51.74205,BR
Guarinos,-14.73167,-49.70167,BR
Guariba,-21.36,-48.22833,BR
Guareí,-23.37278,-48.18417,BR
Guarda-Mor,-17.77083,-47.09833,BR
Guaratuba,-25.88278,-48.57472,BR
Guaratinguetá,-22.81639,-45.1925,BR
Guaratinga,-16.58197,-39.78117,BR
Guararema,-23.415,-46.035,BR
Guararapes,-21.26083,-50.64278,BR
Guarará,-21.73194,-43.0375,BR
Guaraqueçaba,-25.30667,-48.32889,BR
Guarapuava,-25.39048,-51.46541,BR
Guarapari,-20.67182,-40.50196,BR
Guarantã,-21.895,-49.58972,BR
Guarani d'Oeste,-20.07472,-50.33944,BR
Guarani das Missões,-28.14083,-54.55806,BR
Guaraniaçu,-25.10083,-52.87806,BR
Guarani,-21.35222,-43.04694,BR
Guaranésia,-21.29917,-46.8025,BR
Guaramirim,-26.47306,-49.00278,BR
Guaraciama,-17.01389,-43.67306,BR
Guaraciaba,-26.59917,-53.51806,BR
Guaraciaba,-20.57083,-43.0075,BR
Guaraci,-22.97306,-51.64972,BR
Guaraci,-20.49861,-48.94472,BR
Guaraçaí,-21.02833,-51.20667,BR
Guará,-20.42833,-47.82417,BR
Guará,-15.80976,-47.97202,BR
Cristais Paulista,-20.40497,-47.41823,BR
Guaporema,-23.34306,-52.77861,BR
Guaporé,-28.84556,-51.89028,BR
Guapó,-16.83056,-49.53194,BR
Guapirama,-23.51611,-50.03972,BR
Guapimirim,-22.53722,-42.98194,BR
Guapiara,-24.185,-48.53278,BR
Guapiaçu,-20.795,-49.22028,BR
Guapé,-20.76167,-45.9175,BR
Guanhães,-18.775,-42.9325,BR
Guanambi,-14.22333,-42.78139,BR
Guamiranga,-25.19139,-50.80472,BR
Guajeru,-14.54722,-41.94028,BR
Guairaçá,-22.93444,-52.68556,BR
Guaíra,-24.08204,-54.24622,BR
Guaíra,-20.31833,-48.31056,BR
Engenheiro Coelho,-22.49123,-47.21182,BR
Guaimbê,-21.91,-49.89667,BR
Guaiçara,-21.62194,-49.79861,BR
Guaianases,-23.54333,-46.41083,BR
Guaçuí,-20.77556,-41.67944,BR
Guabiju,-28.54083,-51.69028,BR
Grupiara,-18.49417,-47.72222,BR
Gravatal,-28.33111,-49.03528,BR
Gravataí,-29.94218,-50.99278,BR
Grão-Pará,-28.185,-49.21472,BR
Grão Mogol,-16.56611,-42.89333,BR
Grandes Rios,-24.14639,-51.50639,BR
Gramado Xavier,-29.26806,-52.57889,BR
Gracho Cardoso,-10.22667,-37.19833,BR
Governador Valadares,-18.85111,-41.94944,BR
Governador Lindenberg,-19.25278,-40.46,BR
Gouveia,-18.45444,-43.74083,BR
Gonzaga,-18.82222,-42.47917,BR
Gongogi,-14.32506,-39.46838,BR
Gonçalves,-22.65889,-45.85583,BR
Goioxim,-25.19472,-51.9925,BR
Goioerê,-24.18472,-53.0275,BR
Goiatuba,-18.0125,-49.35472,BR
Goiás,-15.93444,-50.14028,BR
Goianira,-16.49611,-49.42639,BR
Goiânia,-16.67861,-49.25389,BR
Goianésia,-15.3175,-49.1175,BR
Goiandira,-18.13167,-48.085,BR
Goianápolis,-16.51056,-49.02389,BR
Goianá,-21.53722,-43.20167,BR
Goiabeira,-18.98222,-41.2225,BR
Glorinha,-29.88056,-50.78306,BR
Glicério,-21.37611,-50.20583,BR
Glaucilândia,-16.84972,-43.69722,BR
Giruá,-28.02833,-54.34972,BR
Getúlio Vargas,-27.89028,-52.2275,BR
Getulina,-21.79861,-49.92861,BR
Gentio do Ouro,-11.42889,-42.50278,BR
São Vicente do Sul,-29.69167,-54.67944,BR
General Salgado,-20.64833,-50.36056,BR
General Carneiro,-26.4275,-51.31556,BR
General Carneiro,-15.71083,-52.75528,BR
General Câmara,-29.905,-51.76028,BR
Gavião Peixoto,-21.83889,-48.49472,BR
Gavião,-11.47056,-39.78389,BR
Gaurama,-27.58417,-52.09417,BR
Gastão Vidigal,-20.79861,-50.18694,BR
Gaspar,-26.93139,-48.95889,BR
Garuva,-26.02667,-48.855,BR
Garruchos,-28.18361,-55.63889,BR
Garopaba,-28.02333,-48.61333,BR
Garibaldi,-29.25611,-51.53361,BR
Garça,-22.21056,-49.65611,BR
Gandu,-13.74389,-39.48667,BR
Gameleiras,-15.08222,-43.12361,BR
Gama,-16.02511,-48.07121,BR
Galvão,-26.455,-52.68583,BR
Galiléia,-18.99944,-41.5375,BR
Gália,-22.29139,-49.55278,BR
Divinópolis de Goiás,-13.28992,-46.39709,BR
Gabriel Monteiro,-21.53111,-50.55472,BR
São Gabriel,-11.22871,-41.87649,BR
Funilândia,-19.3675,-44.05611,BR
Fundão,-19.93408,-40.40473,BR
Frutal,-20.02472,-48.94056,BR
Fruta de Leite,-16.11695,-42.52811,BR
Bonfinópolis de Minas,-16.56632,-45.9866,BR
Frei Rogério,-27.17472,-50.80472,BR
Frei Paulo,-10.54944,-37.53444,BR
Frei Inocêncio,-18.56472,-41.91444,BR
Frei Gaspar,-18.06611,-41.42944,BR
Frederico Westphalen,-27.35917,-53.39444,BR
Franco da Rocha,-23.32167,-46.72694,BR
Francisco Sá,-16.47583,-43.48833,BR
Francisco Morato,-23.28167,-46.74528,BR
Lucas do Rio Verde,-13.07127,-55.91479,BR
Francisco Beltrão,-26.08111,-53.055,BR
Francisco Badaró,-16.9925,-42.35194,BR
Francisco Alves,-24.06583,-53.84778,BR
Franca,-20.53861,-47.40083,BR
Foz do Iguaçu,-25.54778,-54.58806,BR
Fortuna de Minas,-19.56139,-44.44727,BR
Fortaleza dos Valos,-28.79722,-53.22278,BR
Forquilhinha,-28.7475,-49.47222,BR
Formoso,-14.94667,-46.23194,BR
Formoso,-13.65361,-48.88194,BR
Formoso do Araguaia,-11.79667,-49.52889,BR
Formosa do Rio Preto,-11.04833,-45.19306,BR
Formosa,-15.53722,-47.33444,BR
Formigueiro,-30.00028,-53.49917,BR
Formiga,-20.46444,-45.42639,BR
Fontoura Xavier,-28.98278,-52.34583,BR
Florínea,-22.90333,-50.73778,BR
Flórida Paulista,-21.61452,-51.17235,BR
Flórida,-23.08722,-51.95361,BR
Florianópolis,-27.59667,-48.54917,BR
Floriano Peixoto,-27.86056,-52.08444,BR
Florestópolis,-22.86333,-51.38722,BR
Florestal,-19.88944,-44.4325,BR
Floresta Azul,-14.86,-39.65972,BR
Floresta,-23.61097,-52.08174,BR
Flores da Cunha,-29.02889,-51.18167,BR
Floreal,-20.67667,-50.14528,BR
Flora Rica,-21.67583,-51.38417,BR
Floraí,-23.31694,-52.30361,BR
Firminópolis,-16.58194,-50.305,BR
Firmino Alves,-14.98528,-39.92361,BR
Filadélfia,-10.74278,-40.13194,BR
Figueira,-23.84917,-50.40306,BR
Fervedouro,-20.72556,-42.27889,BR
Ferros,-19.23194,-43.02333,BR
Ferraz de Vasconcelos,-23.54083,-46.36861,BR
Fernão,-22.35861,-49.52083,BR
Fernando Prestes,-21.26444,-48.68528,BR
Fernandópolis,-20.28389,-50.24639,BR
Fernandes Pinheiro,-25.41333,-50.5475,BR
Fênix,-23.91611,-51.97917,BR
Feliz Deserto,-10.29194,-36.30611,BR
Felisburgo,-16.63861,-40.76139,BR
Feliz,-29.45083,-51.30639,BR
Felixlândia,-18.75806,-44.89889,BR
São Gonçalo do Rio Preto,-18.00325,-43.37972,BR
Felício dos Santos,-18.07722,-43.24694,BR
Feira de Santana,-12.26667,-38.96667,BR
Fazenda Nova,-16.18306,-50.77972,BR
Faxinal do Soturno,-29.57472,-53.44472,BR
Faxinal dos Guedes,-26.85278,-52.26028,BR
Faxinal,-24.00028,-51.31944,BR
Fátima,-10.6,-38.21667,BR
Fartura,-23.38833,-49.51,BR
Farroupilha,-29.225,-51.34778,BR
Farol,-24.09972,-52.62333,BR
Faria Lemos,-20.80587,-42.01194,BR
Fama,-21.40639,-45.82861,BR
Fagundes Varela,-28.88083,-51.6975,BR
Extrema,-22.85472,-46.31833,BR
Eunápolis,-16.3775,-39.58028,BR
Eugenópolis,-21.09861,-42.18667,BR
Eugênio de Castro,-28.52611,-54.14917,BR
Euclides da Cunha,-10.5075,-39.01583,BR
Ewbank da Câmara,-21.55081,-43.50914,BR
Estrela do Sul,-18.74556,-47.69278,BR
Estrela do Norte,-22.48806,-51.66028,BR
Estrela do Norte,-13.86833,-49.0725,BR
Estrela do Indaiá,-19.52222,-45.7875,BR
Estrela d'Oeste,-20.28778,-50.40083,BR
Estrela Dalva,-21.74194,-42.46111,BR
Estrela,-29.50194,-51.96639,BR
Estrela,-28.06111,-50.93833,BR
Estiva,-22.46278,-46.01722,BR
Esteio,-29.86139,-51.17917,BR
Estância Velha,-29.64833,-51.17389,BR
Estância,-11.26833,-37.43833,BR
Espumoso,-28.72472,-52.84972,BR
Esplanada,-11.79611,-37.945,BR
Espírito Santo do Turvo,-22.69222,-49.43028,BR
Espírito Santo do Dourado,-22.04639,-45.95083,BR
Espinosa,-14.92611,-42.81917,BR
Espigão Alto do Iguaçu,-25.42516,-52.84035,BR
Esperança do Sul,-27.36299,-53.99001,BR
Espera Feliz,-20.65028,-41.90722,BR
Esmeraldas,-19.7625,-44.31389,BR
Esmeralda,-28.05361,-51.19028,BR
Herveiras,-29.40667,-52.6525,BR
Erval Velho,-27.27556,-51.44194,BR
Erval Seco,-27.54917,-53.50417,BR
Ervália,-20.84,-42.65722,BR
Erval Grande,-27.39056,-52.57056,BR
Herval d'Oeste,-27.17524,-51.49215,BR
Ernestina,-28.49889,-52.57333,BR
Erechim,-27.63461,-52.2754,BR
São Bento Abade,-21.58392,-45.07227,BR
Erebango,-27.85528,-52.30194,BR
Entre Rios de Minas,-20.67083,-44.06556,BR
Entre Rios,-11.94194,-38.08444,BR
Entre-Ijuís,-28.35889,-54.26778,BR
Entre Folhas,-19.62528,-42.23056,BR
Engenheiro Paulo de Frontin,-22.54972,-43.67833,BR
Engenheiro Navarro,-17.27972,-43.95,BR
Engenheiro Beltrão,-23.79722,-52.26917,BR
Encruzilhada do Sul,-30.54389,-52.52194,BR
Encruzilhada,-15.53139,-40.90944,BR
Encantado,-29.23611,-51.86972,BR
Emilianópolis,-21.83306,-51.48306,BR
Embu-Guaçu,-23.83222,-46.81139,BR
Embu das Artes,-23.64889,-46.85222,BR
Embaúba,-20.9825,-48.83556,BR
Elói Mendes,-21.61,-45.56528,BR
Elisiário,-21.16556,-49.11167,BR
Elias Fausto,-23.04278,-47.37389,BR
Eldorado,-24.52,-48.10806,BR
Eldorado,-23.78694,-54.28361,BR
Edéia,-17.33833,-49.93139,BR
Ecoporanga,-18.37333,-40.83056,BR
Echaporã,-22.42944,-50.20056,BR
Durandé,-20.20333,-41.79778,BR
Duque de Caxias,-22.78556,-43.31167,BR
Dumont,-21.23639,-47.97333,BR
Dueré,-11.34389,-49.27056,BR
Duas Barras,-22.05111,-42.52167,BR
Duartina,-22.41444,-49.40389,BR
Dracena,-21.4825,-51.53278,BR
Augusto Pestana,-28.51486,-53.99253,BR
Doutor Pedrinho,-26.71444,-49.48333,BR
Doutor Maurício Cardoso,-27.50583,-54.36083,BR
Dourados,-22.22111,-54.80556,BR
Douradoquara,-18.43139,-47.60861,BR
Dourado,-22.1,-48.3175,BR
Dores do Turvo,-20.97556,-43.18917,BR
Dores do Indaiá,-19.46333,-45.60167,BR
Dores de Guanhães,-19.05833,-42.92917,BR
Dores de Campos,-21.10889,-44.02306,BR
Dona Francisca,-29.62167,-53.35722,BR
Dona Euzébia,-21.31639,-42.81056,BR
Dom Viçoso,-22.25444,-45.16111,BR
Dom Silvério,-20.16,-42.96778,BR
Dom Pedrito,-30.98278,-54.67306,BR
Dom Macedo Costa,-12.905,-39.1925,BR
Dom Joaquim,-18.96722,-43.25583,BR
Domingos Martins,-20.36333,-40.65917,BR
Dom Feliciano,-30.70417,-52.1075,BR
Dom Cavati,-19.37389,-42.10639,BR
Dom Basílio,-13.76028,-41.77139,BR
Dolcinópolis,-20.12306,-50.51333,BR
Dois Vizinhos,-25.73361,-53.05722,BR
Dois Lajeados,-28.9834,-51.84268,BR
Dois Irmãos,-29.58028,-51.08528,BR
Dois Córregos,-22.36611,-48.38028,BR
Dobrada,-21.51667,-48.39389,BR
Divisópolis,-15.72556,-41.0,BR
Divisa Nova,-21.51111,-46.19583,BR
Dores do Rio Preto,-20.68889,-41.84528,BR
Divisa Alegre,-15.7215,-41.34411,BR
Divinópolis,-20.14355,-44.89065,BR
Divinolândia,-21.66139,-46.73917,BR
Divinolândia de Minas,-18.80204,-42.61499,BR
Divinésia,-20.9904,-43.00361,BR
Divino das Laranjeiras,-18.77778,-41.47972,BR
Divino,-20.61444,-42.14861,BR
Divina Pastora,-10.68861,-37.14833,BR
Diorama,-16.23417,-51.25556,BR
Dionísio Cerqueira,-26.255,-53.63972,BR
Dionísio,-19.8412,-42.77767,BR
Diogo de Vasconcelos,-20.48778,-43.19833,BR
Dias d'Ávila,-12.6125,-38.29694,BR
Dianópolis,-11.62778,-46.82056,BR
Diamantino,-14.40861,-56.44611,BR
Diamantina,-18.24692,-43.60345,BR
Diamante do Sul,-25.04322,-52.68019,BR
Diamante d'Oeste,-24.94493,-54.10374,BR
Diadema,-23.68611,-46.62278,BR
Desterro do Melo,-21.14722,-43.51778,BR
Desterro de Entre Rios,-20.66,-44.3325,BR
Descoberto,-21.45972,-42.9675,BR
Descanso,-26.82611,-53.50167,BR
Descalvado,-21.90389,-47.61944,BR
Derrubadas,-27.26472,-53.86083,BR
Delfinópolis,-20.34389,-46.85389,BR
Delfim Moreira,-22.50917,-45.28,BR
Datas,-18.44556,-43.65583,BR
Damolândia,-16.2525,-49.37,BR
Damianópolis,-14.56389,-46.17722,BR
Curvelo,-18.75639,-44.43083,BR
Curral de Dentro,-15.9375,-41.84444,BR
Curiúva,-24.0325,-50.45833,BR
Curitibanos,-27.28278,-50.58444,BR
Curitiba,-25.42778,-49.27306,BR
Curimatá,-10.03639,-44.30611,BR
Cuparaque,-18.96944,-41.09917,BR
Cunha Porã,-26.89361,-53.16806,BR
Cunha,-23.07444,-44.95972,BR
Cumbe,-10.355,-37.18306,BR
Cumari,-18.26306,-48.15111,BR
Cuiabá,-15.59611,-56.09667,BR
Cubatão,-23.895,-46.42528,BR
Cruz Machado,-26.0175,-51.34667,BR
Cruzília,-21.83861,-44.80833,BR
Cruzeiro do Sul,-29.51278,-51.98528,BR
Cruzeiro do Sul,-22.96194,-52.16056,BR
Cruzeiro do Oeste,-23.785,-53.07333,BR
Cruzeiro da Fortaleza,-18.94583,-46.67361,BR
Cruzeiro,-22.57316,-44.97108,BR
Cruz das Almas,-12.67,-39.10194,BR
Santa Cruz da Esperança,-21.29083,-47.42972,BR
Cruz Alta,-28.64397,-53.60633,BR
Cruzália,-22.73556,-50.79361,BR
Crucilândia,-20.38389,-44.33694,BR
Cromínia,-17.28667,-49.38139,BR
Crixás,-14.54889,-49.96917,BR
Cristinápolis,-11.47556,-37.75528,BR
Cristina,-22.21194,-45.26417,BR
Cristianópolis,-17.19917,-48.70583,BR
Cristiano Otoni,-20.83222,-43.80556,BR
Cristalina,-16.76769,-47.6153,BR
Cristália,-16.71781,-42.86584,BR
Cristalândia,-10.60028,-49.19306,BR
Cristais,-20.87556,-45.51861,BR
Crissiumal,-27.49972,-54.10111,BR
Crisópolis,-11.51056,-38.15,BR
Crisólita,-17.23722,-40.91194,BR
Criciúma,-28.6775,-49.36972,BR
Cravinhos,-21.34028,-47.72944,BR
Coxim,-18.50667,-54.76,BR
Coxilha,-28.12722,-52.29611,BR
Couto de Magalhães de Minas,-18.07401,-43.47329,BR
Cotiporã,-28.99444,-51.69583,BR
Cotia,-23.60389,-46.91917,BR
Cotegipe,-12.02833,-44.25778,BR
Costa Rica,-23.41667,-54.65,BR
Cosmorama,-20.47778,-49.77778,BR
Cosmópolis,-22.64583,-47.19611,BR
Candói,-25.57056,-52.0512,BR
Colinas,-29.38933,-51.86929,BR
Coruripe,-10.12556,-36.17556,BR
Corupá,-26.42528,-49.24306,BR
Corumbataí,-22.22,-47.62583,BR
Corumbaíba,-18.1425,-48.56139,BR
Corumbá de Goiás,-15.92361,-48.80861,BR
Corumbá,-19.00917,-57.65333,BR
Correntina,-13.34333,-44.63667,BR
Corrente,-10.44333,-45.16222,BR
Correia Pinto,-27.58472,-50.36111,BR
Córrego Novo,-19.83194,-42.39639,BR
Córrego Fundo,-20.44917,-45.555,BR
Córrego do Bom Jesus,-22.63028,-46.02,BR
Córrego do Ouro,-16.29389,-50.54806,BR
Córrego Danta,-19.82361,-45.90444,BR
Coronel Vivida,-25.97972,-52.56778,BR
Coronel Pilar,-29.27222,-51.68583,BR
Passos Maia,-26.78026,-52.0606,BR
Coronel Pacheco,-21.58778,-43.26556,BR
Coronel Murta,-16.61889,-42.18222,BR
Coronel Martins,-26.51222,-52.66917,BR
Coronel Macedo,-23.63111,-49.31361,BR
Coronel Freitas,-26.90861,-52.70306,BR
Coronel Fabriciano,-19.51861,-42.62889,BR
Coronel Bicaco,-27.71556,-53.70139,BR
Coronel Barros,-28.38306,-54.06556,BR
Coromandel,-18.47333,-47.20028,BR
Coronel Xavier Chaves,-21.02444,-44.2233,BR
Coroados,-21.35194,-50.28139,BR
Coroaci,-18.62194,-42.28583,BR
Cornélio Procópio,-23.18111,-50.64667,BR
Corinto,-18.38083,-44.45639,BR
Coribe,-13.82917,-44.45444,BR
Corguinho,-19.83167,-54.82944,BR
Cordisburgo,-19.125,-44.32083,BR
Cordeirópolis,-22.48194,-47.45667,BR
Cordeiro,-22.02861,-42.36083,BR
Corbélia,-24.79889,-53.30667,BR
Coração de Maria,-12.23333,-38.75,BR
Coração de Jesus,-16.68528,-44.365,BR
Coqueiros do Sul,-28.11875,-52.78185,BR
Coqueiral,-21.18944,-45.44056,BR
Contendas do Sincorá,-13.76278,-41.04111,BR
Contenda,-25.67916,-49.53718,BR
Contagem,-19.93167,-44.05361,BR
Constantina,-27.73472,-52.99222,BR
Consolação,-22.55139,-45.92111,BR
Conselheiro Pena,-19.17222,-41.47222,BR
Conselheiro Mairinck,-23.62972,-50.16861,BR
Conselheiro Lafaiete,-20.66028,-43.78611,BR
Conquista,-19.93722,-47.54167,BR
Congonhinhas,-23.55111,-50.55361,BR
Congonhas do Norte,-18.80722,-43.68139,BR
Congonhas,-20.50525,-43.8588,BR
Congonhal,-22.15278,-46.03944,BR
Confins,-19.6325,-43.98278,BR
Cônego Marinho,-15.29417,-44.41806,BR
Condor,-28.20778,-53.48722,BR
Condeúba,-14.89528,-41.96861,BR
Conde,-11.81361,-37.61056,BR
Concórdia,-27.23417,-52.02778,BR
Conchas,-23.01528,-48.01056,BR
Conchal,-22.33028,-47.1725,BR
Conceição dos Ouros,-22.41306,-45.79806,BR
Conceição do Rio Verde,-21.88083,-45.08528,BR
Conceição do Pará,-19.75306,-44.89667,BR
Conceição do Tocantins,-12.21861,-47.29833,BR
Rio da Conceição,-11.40028,-46.88333,BR
Conceição do Mato Dentro,-19.03722,-43.425,BR
Conceição do Coité,-11.56389,-39.28278,BR
Conceição do Castelo,-20.36833,-41.24389,BR
Conceição do Almeida,-12.77944,-39.17,BR
Conceição de Macabu,-22.08528,-41.86833,BR
Conceição do Jacuípe,-12.31667,-38.76667,BR
Conceição de Ipanema,-19.92806,-41.69389,BR
Conceição das Alagoas,-19.91472,-48.38833,BR
Conceição das Pedras,-22.16,-45.45472,BR
Conceição da Feira,-12.50583,-38.99861,BR
Conceição da Barra,-18.59333,-39.73222,BR
Conceição da Aparecida,-21.09417,-46.20444,BR
Vera Cruz,-12.96028,-38.60861,BR
Comercinho,-16.29611,-41.79333,BR
Comendador Gomes,-19.69833,-49.08056,BR
Coluna,-18.23389,-42.84028,BR
Colorado,-28.52389,-52.99417,BR
Colorado,-22.8375,-51.97306,BR
Colombo,-25.29167,-49.22417,BR
Colômbia,-20.17583,-48.68889,BR
Colinas do Sul,-14.1538,-48.07353,BR
Colina,-20.71333,-48.54083,BR
Colatina,-19.53944,-40.63056,BR
Coimbra,-20.85667,-42.80278,BR
Cocos,-14.18389,-44.53444,BR
Victor Graeff,-28.56174,-52.74653,BR
Cocalinho,-14.39722,-50.99583,BR
Cocal do Sul,-28.59914,-49.32334,BR
Coaraci,-14.64083,-39.55111,BR
Clevelândia,-26.40471,-52.35106,BR
Clementina,-21.55972,-50.44917,BR
Cláudio,-20.44333,-44.76583,BR
Claro dos Poções,-17.07972,-44.20861,BR
Claraval,-20.4014,-47.28499,BR
Ciríaco,-28.34361,-51.87639,BR
Cipotânea,-20.90528,-43.36556,BR
Cipó,-11.09972,-38.51361,BR
Cidreira,-30.18111,-50.20556,BR
Cidade Gaúcha,-23.38028,-52.94472,BR
Cícero Dantas,-10.6,-38.38333,BR
Cianorte,-23.66333,-52.605,BR
Chuí,-33.69111,-53.45667,BR
Chopinzinho,-25.85583,-52.52333,BR
Chiapetta,-27.92278,-53.94139,BR
Chiador,-22.0025,-43.05778,BR
Nova Xavantina,-14.66429,-52.35859,BR
Charrua,-27.95222,-52.015,BR
Charqueadas,-29.95472,-51.62528,BR
Charqueada,-22.50972,-47.77806,BR
Doutor Camargo,-23.55583,-52.21806,BR
Chapecó,-27.09639,-52.61833,BR
Chapada dos Guimarães,-15.46056,-55.74972,BR
Chapada,-28.05528,-53.06778,BR
Chapada do Norte,-17.09295,-42.54134,BR
Chapada da Natividade,-11.61258,-47.74987,BR
Jussara,-11.04404,-41.97102,BR
Chalé,-20.04361,-41.68778,BR
Chácara,-21.67222,-43.22167,BR
Céu Azul,-25.14667,-53.84861,BR
Cesário Lange,-23.22667,-47.95306,BR
Cerro Negro,-27.79528,-50.87583,BR
Cerro Largo,-28.14861,-54.73806,BR
Cerro Grande do Sul,-30.59722,-51.75121,BR
Cerro Branco,-29.65444,-52.93361,BR
Cerro Azul,-24.82361,-49.26111,BR
Cerrito,-31.85639,-52.81278,BR
Cerquilho,-23.165,-47.74361,BR
Cerqueira César,-23.03556,-49.16611,BR
Ceres,-15.30833,-49.59833,BR
Centralina,-18.58389,-49.19944,BR
Central de Minas,-18.76194,-41.30639,BR
Central,-11.13556,-42.11278,BR
Centenário do Sul,-22.82111,-51.59528,BR
Centenário,-27.76139,-51.99889,BR
Celso Ramos,-27.63444,-51.33639,BR
Ceilândia,-15.8091,-48.13096,BR
Cedro do Abaeté,-19.14833,-45.71139,BR
Cedro de São João,-10.25167,-36.88444,BR
Cedral,-20.90278,-49.26833,BR
Caxias do Sul,-29.16806,-51.17944,BR
Caxambu do Sul,-27.16027,-52.88094,BR
Caxambu,-21.97722,-44.9325,BR
Cavalcante,-13.7975,-47.45833,BR
Caturama,-13.32944,-42.29056,BR
Caturaí,-16.44694,-49.49389,BR
Catuípe,-28.25,-54.01167,BR
Catuji,-17.29944,-41.51694,BR
Catu,-12.35306,-38.37889,BR
Cristalândia do Piauí,-10.6511,-45.18605,BR
São Sebastião da Vargem Alegre,-21.07178,-42.63785,BR
Catiguá,-21.04944,-49.05833,BR
Catas Altas da Noruega,-20.69,-43.4975,BR
Catas Altas,-20.07472,-43.4075,BR
Catanduvas,-27.07056,-51.66167,BR
Catanduvas,-25.20306,-53.15667,BR
Catanduva,-21.13778,-48.97278,BR
Catalão,-18.16583,-47.94639,BR
Cataguases,-21.38917,-42.69667,BR
Castro Alves,-12.76556,-39.42833,BR
Castro,-24.78927,-50.01225,BR
Castilho,-20.87222,-51.4875,BR
Nova Castilho,-20.76439,-50.34284,BR
Castelo,-20.60361,-41.18472,BR
Conceição da Barra de Minas,-21.1287,-44.47304,BR
Cassilândia,-19.11333,-51.73417,BR
Cássia dos Coqueiros,-21.28278,-47.16972,BR
Cássia,-20.58306,-46.92194,BR
Casimiro de Abreu,-22.48056,-42.20417,BR
Caseiros,-28.26861,-51.68972,BR
Cascavel,-24.95583,-53.45528,BR
Cascalho Rico,-18.57639,-47.87722,BR
Casca,-28.56111,-51.97833,BR
Casa Grande,-20.79278,-43.93028,BR
Serra Azul de Minas,-18.36343,-43.16996,BR
Casa Branca,-21.77389,-47.08639,BR
Carvalhos,-22.00111,-44.46139,BR
Carrancas,-21.4875,-44.6425,BR
Carmópolis de Minas,-20.54139,-44.635,BR
Carmópolis,-10.64806,-36.98889,BR
Carmo do Rio Verde,-15.35361,-49.7075,BR
Carmo do Rio Claro,-20.97194,-46.11889,BR
Carmo do Paranaíba,-19.00083,-46.31611,BR
Carmo do Cajuru,-20.18417,-44.77111,BR
Carmo de Minas,-22.12222,-45.12917,BR
Carmo da Mata,-20.55778,-44.87056,BR
Carmo da Cachoeira,-21.46083,-45.22361,BR
Carmo,-21.93361,-42.60861,BR
Carmésia,-19.08889,-43.14167,BR
Carlos Gomes,-27.71778,-51.91361,BR
Carlos Chagas,-17.70306,-40.76639,BR
Carlos Barbosa,-29.2975,-51.50361,BR
Carlópolis,-23.425,-49.72083,BR
Cariri do Tocantins,-11.89083,-49.16111,BR
Carira,-10.36083,-37.70111,BR
Carinhanha,-14.30472,-43.765,BR
Cariacica,-20.26389,-40.42,BR
Careaçu,-22.04306,-45.69917,BR
Cardoso Moreira,-21.48833,-41.61556,BR
Cardoso,-20.08194,-49.91417,BR
Cardeal da Silva,-11.94167,-37.94861,BR
Carbonita,-17.52694,-43.01583,BR
Carazinho,-28.28389,-52.78639,BR
Caravelas,-17.71255,-39.24814,BR
Caratinga,-19.78972,-42.13917,BR
Caarapó,-22.63417,-54.82222,BR
Carapicuíba,-23.52272,-46.835,BR
Carapebus,-22.18722,-41.66111,BR
Carangola,-20.73306,-42.02944,BR
Carandaí,-20.95361,-43.80639,BR
Caranaíba,-20.87583,-43.73917,BR
Carambeí,-24.9526,-50.1159,BR
Caraíbas,-14.72583,-41.25917,BR
Caraí,-17.18889,-41.69472,BR
Caraguatatuba,-23.62028,-45.41306,BR
Caracol,-22.01389,-57.02444,BR
Caraá,-29.79,-50.435,BR
Caputira,-20.17194,-42.27056,BR
Capivari,-22.995,-47.50778,BR
Capitólio,-20.61528,-46.05,BR
Capinzal,-27.34361,-51.61194,BR
Capinópolis,-18.68194,-49.56972,BR
Capim Grosso,-11.38111,-40.01278,BR
Capim Branco,-19.54889,-44.11667,BR
Capetinga,-20.61639,-47.05361,BR
Capelinha,-17.69139,-42.51583,BR
Capela Nova,-20.92306,-43.61778,BR
Capela do Alto Alegre,-11.66806,-39.83778,BR
Capela do Alto,-23.47056,-47.73472,BR
Capela de Santana,-29.7,-51.32472,BR
Capela,-10.50333,-37.05278,BR
Alto Caparaó,-20.44448,-41.87128,BR
Caparaó,-20.52306,-41.90444,BR
Santa Fé de Minas,-16.69453,-45.41321,BR
Capão do Leão,-31.76333,-52.48389,BR
Capão da Canoa,-29.74556,-50.00972,BR
Capão Bonito do Sul,-28.12667,-51.39389,BR
Capão Bonito,-24.00583,-48.34944,BR
Capão Alto,-27.93694,-50.51194,BR
Capanema,-25.67194,-53.80889,BR
Canudos do Vale,-29.32264,-52.23782,BR
Cantagalo,-25.37444,-52.12639,BR
Cantagalo,-21.98111,-42.36806,BR
Cantagalo,-18.52583,-42.62694,BR
Cansanção,-10.66722,-39.49917,BR
Canoinhas,-26.17722,-50.39,BR
Canoas,-29.91778,-51.18361,BR
Canitar,-23.00639,-49.78333,BR
Canhoba,-10.13833,-36.98472,BR
Canguçu,-31.395,-52.67556,BR
Canelinha,-27.265,-48.76778,BR
Canela,-29.35622,-50.81357,BR
Candiota,-31.55806,-53.6725,BR
Cândido Rodrigues,-21.32528,-48.63083,BR
Cândido Mota,-22.74639,-50.38694,BR
Cândido Godói,-27.95194,-54.75194,BR
Cândido de Abreu,-24.56694,-51.33333,BR
Candiba,-14.41083,-42.86722,BR
Candelária,-29.66917,-52.78889,BR
Nova Candelária,-27.61054,-54.10618,BR
Candeias,-20.76694,-45.27639,BR
Candeias,-12.66778,-38.55056,BR
Candeal,-11.80806,-39.11917,BR
Canavieiras,-15.675,-38.94722,BR
Cana Verde,-21.02083,-45.18194,BR
Canas,-22.70361,-45.05528,BR
Canarana,-11.68472,-41.76889,BR
Canápolis,-18.725,-49.20444,BR
Cananéia,-25.01472,-47.92667,BR
João Dourado,-11.34484,-41.66317,BR
Carvalhópolis,-21.77851,-45.84103,BR
Canaã,-20.68583,-42.61972,BR
Campo Verde,-20.41667,-54.06667,BR
Campos Novos Paulista,-22.60306,-50.0025,BR
Campos Novos,-27.40167,-51.225,BR
Campos Gerais,-21.235,-45.75861,BR
Campos do Jordão,-22.73944,-45.59139,BR
Campos Borges,-28.88611,-52.99861,BR
Campos Belos,-13.03667,-46.77167,BR
Campos Altos,-19.69611,-46.17139,BR
Campos dos Goytacazes,-21.75227,-41.33044,BR
Campo Novo,-27.67528,-53.80333,BR
Quedas do Iguaçu,-25.45303,-52.90464,BR
Campo Mourão,-24.04309,-52.37929,BR
Campo Magro,-25.36861,-49.45139,BR
Campo Limpo,-23.63634,-46.76565,BR
Campo Limpo Paulista,-23.20554,-46.7838,BR
Campo Limpo de Goiás,-16.29345,-49.09083,BR
Campo Largo,-25.45955,-49.53014,BR
Campo Grande,-20.44278,-54.64639,BR
Campo Grande,-10.23333,-36.5,BR
Campo Formoso,-10.5075,-40.32139,BR
Campo Florido,-19.76056,-48.57222,BR
Campo Erê,-26.39417,-53.07806,BR
Campo do Tenente,-25.97806,-49.68278,BR
Campo do Meio,-21.10667,-45.83028,BR
Campo do Brito,-10.73333,-37.49333,BR
Campo Bonito,-25.03111,-52.9925,BR
Campo Bom,-29.67889,-51.05333,BR
Campo Belo do Sul,-27.89917,-50.76083,BR
Campo Belo,-20.89722,-45.27722,BR
Campo Azul,-16.50361,-44.81056,BR
Campo Alegre de Goiás,-17.63306,-47.77833,BR
Campo Alegre,-26.1925,-49.26556,BR
Campinorte,-14.31139,-49.15111,BR
Campina Verde,-19.53791,-49.48813,BR
Campinas do Sul,-27.71583,-52.6275,BR
Campinas,-22.90556,-47.06083,BR
Campina Grande do Sul,-25.30556,-49.05528,BR
Campina do Monte Alegre,-23.59194,-48.47722,BR
Campina da Lagoa,-24.59167,-52.79889,BR
Campina das Missões,-27.99109,-54.84053,BR
Campina do Simão,-25.10785,-51.80833,BR
Campestre,-21.71111,-46.24639,BR
Campanha,-21.83611,-45.40056,BR
Campanário,-18.23727,-41.7262,BR
Cambuquira,-21.85222,-45.29583,BR
Cambuí,-22.61222,-46.0575,BR
Cambuci,-21.57528,-41.91111,BR
Camboriú,-27.02528,-48.65444,BR
Cambira,-23.60078,-51.58034,BR
Cambé,-23.27583,-51.27833,BR
Cambará do Sul,-29.04758,-50.14302,BR
Cambará,-23.04639,-50.07361,BR
Camargo,-28.58722,-52.20194,BR
Camaquã,-30.85111,-51.81222,BR
Camapuã,-19.53139,-54.04389,BR
Camanducaia,-22.75528,-46.14472,BR
Camamu,-13.94697,-39.10257,BR
Camacho,-20.62528,-45.15667,BR
Camaçari,-12.6975,-38.32417,BR
Camacan,-15.41917,-39.49583,BR
Calmon,-26.59972,-51.09722,BR
Califórnia,-23.66705,-51.35563,BR
Caldeirão Grande,-11.02,-40.30278,BR
Caldas Novas,-17.74431,-48.62789,BR
Caldas,-21.92361,-46.38611,BR
Cajuru,-21.27528,-47.30417,BR
Cajuri,-20.79056,-42.79667,BR
Cajobi,-20.87972,-48.80944,BR
Cajati,-24.73611,-48.12278,BR
Cajamar,-23.35611,-46.87694,BR
Caiuá,-21.83167,-51.99833,BR
Cairu,-13.48694,-39.04389,BR
Caieiras,-23.36417,-46.74056,BR
Caiçara,-27.27444,-53.43222,BR
Caibaté,-28.28778,-54.63833,BR
Caiapônia,-16.95667,-51.81028,BR
Caiana,-20.69556,-41.925,BR
Caiabu,-22.01222,-51.23556,BR
Cafelândia,-24.61778,-53.32,BR
Cafelândia,-21.8025,-49.61,BR
Cafeara,-22.7925,-51.71611,BR
Capitão Andrade,-19.07121,-41.86389,BR
Cafarnaum,-11.69361,-41.46833,BR
Caetité,-14.06944,-42.475,BR
Caeté,-19.88,-43.66972,BR
Caetanópolis,-19.29528,-44.41861,BR
Caém,-11.09206,-40.43521,BR
Boa Vista do Cadeado,-28.57749,-53.81383,BR
Caculé,-14.50333,-42.22222,BR
Caçu,-18.55667,-51.13083,BR
Caconde,-21.52944,-46.64389,BR
Cacique Doble,-27.77028,-51.66028,BR
Cachoeiro de Itapemirim,-20.84889,-41.11278,BR
Cachoeirinha,-29.95111,-51.09389,BR
Cachoeiras de Macacu,-22.4625,-42.65306,BR
Cachoeira Paulista,-22.665,-45.00944,BR
Cachoeira Dourada,-18.49167,-49.475,BR
Cachoeira Dourada,-18.515,-49.50139,BR
Cachoeira do Sul,-30.03917,-52.89389,BR
Cachoeira de Minas,-22.355,-45.77889,BR
Cachoeira da Prata,-19.52424,-44.45306,BR
Cachoeira de Goiás,-16.66778,-50.64694,BR
Cachoeira Alta,-18.76333,-50.94167,BR
Cachoeira,-12.60139,-38.96576,BR
Cáceres,-16.07056,-57.67889,BR
Cacequi,-29.88361,-54.825,BR
Caçapava do Sul,-30.51436,-53.48496,BR
Caçapava,-23.10083,-45.70694,BR
Caçador,-26.77528,-51.015,BR
Cabreúva,-23.3075,-47.13278,BR
Cabrália Paulista,-22.45556,-49.3375,BR
Cabo Verde,-21.47194,-46.39611,BR
Cabo Frio,-22.88717,-42.02622,BR
Cabeceiras,-15.80056,-46.92667,BR
Governador Mangabeira,-12.60044,-39.04178,BR
Cabaceiras do Paraguaçu,-12.53556,-39.19083,BR
Caatiba,-14.97667,-40.4075,BR
Butiá,-30.11972,-51.96222,BR
Cristópolis,-12.23564,-44.41649,BR
Buritizeiro,-17.35111,-44.96222,BR
Buritizal,-20.19111,-47.70833,BR
Buritis,-15.61778,-46.42333,BR
Buritirama,-10.70778,-43.63056,BR
Buriti Alegre,-18.14,-49.04028,BR
Buritama,-21.06611,-50.14722,BR
Buri,-23.7975,-48.59278,BR
Boquim,-11.14694,-37.62056,BR
Bugre,-19.42611,-42.24444,BR
Buerarema,-14.95944,-39.29972,BR
Buenópolis,-17.87333,-44.18,BR
Bueno Brandão,-22.44083,-46.35083,BR
Brusque,-27.09795,-48.91281,BR
Brumado,-14.20361,-41.66528,BR
Brumadinho,-20.14333,-44.19972,BR
Brotas de Macaúbas,-11.99889,-42.62583,BR
Brotas,-22.28417,-48.12667,BR
Brodowski,-20.99139,-47.65861,BR
Brochier,-29.54528,-51.58611,BR
Britânia,-15.24111,-51.16056,BR
Brejolândia,-12.48563,-43.96099,BR
Brejo Grande,-10.42944,-36.46611,BR
Brejões,-13.10444,-39.79583,BR
Brejo Alegre,-21.16639,-50.18528,BR
Brejinho de Nazaré,-11.0,-48.56556,BR
Brejetuba,-20.14611,-41.29028,BR
Brazópolis,-22.47361,-45.6075,BR
Braúnas,-19.05583,-42.71556,BR
Braúna,-21.49917,-50.31556,BR
Brás Pires,-20.92056,-43.24222,BR
Brazlândia,-15.67941,-48.19667,BR
Brasília de Minas,-16.20639,-44.43333,BR
Brasília,-15.77972,-47.92972,BR
Brazabrantes,-16.43056,-49.38917,BR
Brás,-23.55,-46.61667,BR
Bragança Paulista,-22.9527,-46.54418,BR
Braga,-27.61389,-53.73944,BR
Braço do Trombudo,-27.35778,-49.88556,BR
Braço do Norte,-28.275,-49.16556,BR
Botuverá,-27.19944,-49.07472,BR
Botuporã,-13.38167,-42.5225,BR
Botumirim,-16.86143,-43.01026,BR
Botucatu,-22.88583,-48.445,BR
Botelhos,-21.63333,-46.395,BR
Bossoroca,-28.73,-54.90028,BR
Borrazópolis,-23.94111,-51.5875,BR
Borebi,-22.56944,-48.97111,BR
Holambra,-22.63306,-47.05556,BR
Borda da Mata,-22.27417,-46.16528,BR
Borborema,-21.61972,-49.07361,BR
Boracéia,-22.19306,-48.77889,BR
Boquira,-12.82306,-42.73056,BR
Boqueirão do Leão,-29.30389,-52.42944,BR
Bonito,-21.12111,-56.48194,BR
Bonito de Minas,-15.32254,-44.75744,BR
Bonito,-11.96944,-41.26583,BR
Boninal,-12.70167,-41.8275,BR
Bonfinópolis,-16.61778,-48.96333,BR
Bonfim,-20.32667,-44.23861,BR
Bom Sucesso do Sul,-26.07488,-52.83385,BR
Bom Sucesso,-23.70972,-51.76444,BR
Bom Sucesso,-21.03306,-44.75806,BR
Bom Retiro do Sul,-29.60889,-51.94306,BR
Bom Retiro,-23.52508,-46.63889,BR
Bom Retiro,-27.79934,-49.4895,BR
Bom Repouso,-22.47111,-46.145,BR
Bom Princípio,-29.48889,-51.35333,BR
Bom Jesus dos Perdões,-23.135,-46.46528,BR
Bom Jesus do Norte,-21.13222,-41.67667,BR
Bom Jesus do Itabapoana,-21.13389,-41.67972,BR
Bom Jesus do Galho,-19.82889,-42.31611,BR
Bom Jesus do Sul,-26.19285,-53.59953,BR
Bom Jesus do Amparo,-19.70361,-43.47361,BR
Bom Jesus da Serra,-14.37361,-40.50528,BR
Bom Jesus da Penha,-21.01694,-46.5225,BR
Bom Jesus da Lapa,-13.255,-43.41806,BR
Bom Jesus,-28.66778,-50.41667,BR
Bom Jesus,-26.73389,-52.39417,BR
Bom Jesus de Goiás,-18.22047,-49.72993,BR
Bom Jardim de Minas,-21.94722,-44.19111,BR
Bom Jardim de Goiás,-16.20972,-52.17222,BR
Bom Jardim da Serra,-28.33694,-49.62472,BR
Bom Jardim,-22.15194,-42.41944,BR
Bom Despacho,-19.73639,-45.25222,BR
Boituva,-23.28333,-47.67222,BR
Bofete,-23.10222,-48.25778,BR
Bocaiúva do Sul,-25.20611,-49.115,BR
Bocaiúva,-17.10778,-43.815,BR
Bocaina do Sul,-27.74444,-49.94444,BR
Bocaina de Minas,-22.1675,-44.39472,BR
Bocaina,-22.13611,-48.51806,BR
Boa Vista do Buricá,-27.66861,-54.11,BR
Boa Ventura de São Roque,-24.88132,-51.54454,BR
Boa Nova,-14.3625,-40.2075,BR
Boa Esperança do Sul,-21.9925,-48.39083,BR
Boa Esperança,-21.09,-45.56583,BR
Boa Esperança,-18.54,-40.29583,BR
Blumenau,-26.91944,-49.06611,BR
Bituruna,-26.16139,-51.5525,BR
Biritinga,-11.61667,-38.8,BR
Biritiba Mirim,-23.5725,-46.03861,BR
Birigui,-21.28861,-50.34,BR
Biquinhas,-18.78278,-45.50222,BR
Bilac,-21.40333,-50.47056,BR
Biguaçu,-27.49417,-48.65556,BR
Wenceslau Braz,-22.53489,-45.36247,BR
Bicas,-21.72528,-43.05944,BR
Bias Fortes,-21.60611,-43.75694,BR
Betim,-19.96778,-44.19833,BR
Bertópolis,-17.06306,-40.57444,BR
Bertioga,-23.85444,-46.13861,BR
Bernardino de Campos,-23.01306,-49.47417,BR
Berilo,-16.95167,-42.46556,BR
Bento Gonçalves,-29.17139,-51.51917,BR
Bento de Abreu,-21.27056,-50.81194,BR
Benedito Novo,-26.78278,-49.36444,BR
Belo Vale,-20.40778,-44.02444,BR
Belo Oriente,-19.22,-42.48361,BR
Belo Horizonte,-19.92083,-43.93778,BR
Belo Campo,-15.03833,-41.25972,BR
Belmonte,-15.86126,-38.87982,BR
Belford Roxo,-22.76417,-43.39944,BR
Bela Vista do Toldo,-26.27333,-50.46444,BR
Bela Vista do Paraíso,-22.99667,-51.19056,BR
Bela Vista de Goiás,-16.97278,-48.95333,BR
Bela Vista,-22.10809,-56.53253,BR
Bebedouro,-20.94944,-48.47917,BR
Bauru,-22.31472,-49.06056,BR
Batatais,-20.89111,-47.585,BR
Batayporã,-22.29528,-53.27111,BR
Bataguassu,-21.71417,-52.42222,BR
Bastos,-21.92194,-50.73389,BR
Barueri,-23.51056,-46.87611,BR
Barroso,-21.18694,-43.97583,BR
Barros Cassal,-29.09333,-52.58278,BR
Barro Preto,-14.80972,-39.47139,BR
Barrocas,-11.52833,-39.07639,BR
Barro Alto,-14.97083,-48.91583,BR
Barro Alto,-11.76083,-41.91167,BR
Barrinha,-21.19361,-48.16389,BR
Barretos,-20.55722,-48.56778,BR
Barreiro do Jaíba,-15.61532,-43.59187,BR
Barreiras,-12.15278,-44.99,BR
Barra Velha,-26.63222,-48.68472,BR
Barra Mansa,-22.54417,-44.17139,BR
Barra Longa,-20.28278,-43.04111,BR
Barra do Turvo,-24.75639,-48.50472,BR
Barra dos Coqueiros,-10.90889,-37.03861,BR
Barra do Rocha,-14.2059,-39.60464,BR
Barra do Rio Azul,-27.40889,-52.40972,BR
Barra do Ribeiro,-30.29111,-51.30111,BR
Barra do Quaraí,-30.20722,-57.55472,BR
Barra do Piraí,-22.47,-43.82556,BR
Barra do Mendes,-11.81,-42.05861,BR
Barra do Jacaré,-23.115,-50.18139,BR
Barra do Garças,-15.89,-52.25667,BR
Barra do Chapéu,-24.47306,-49.02444,BR
Barra do Bugres,-15.0725,-57.18111,BR
Balneário Barra do Sul,-26.4626,-48.61319,BR
Barra de São Francisco,-18.755,-40.89083,BR
Barra da Estiva,-13.62611,-41.32694,BR
Barra do Choça,-14.88111,-40.57944,BR
Barracão,-27.67167,-51.46056,BR
Barracão,-26.25417,-53.63333,BR
Barra Bonita,-22.49472,-48.55806,BR
Barra,-11.08944,-43.14167,BR
Bariri,-22.07444,-48.74028,BR
Barbosa Ferraz,-24.03,-52.01167,BR
Barbosa,-21.26667,-49.94917,BR
Barbacena,-21.22583,-43.77361,BR
Barão do Triunfo,-30.38833,-51.73361,BR
Barão de Melgaço,-16.19444,-55.9675,BR
Barão de Cotegipe,-27.62083,-52.37972,BR
Barão de Cocais,-19.94583,-43.48722,BR
Barão de Antonina,-23.62694,-49.56139,BR
Barão,-29.37694,-51.49556,BR
Bandeirantes,-23.11,-50.3675,BR
Bandeirantes,-19.91778,-54.36389,BR
Bandeirante,-26.76861,-53.63833,BR
Bandeira do Sul,-21.72806,-46.38583,BR
Bandeira,-15.88472,-40.55944,BR
Bananal,-22.68361,-44.32333,BR
Nacip Raydan,-18.45746,-42.24948,BR
Bambuí,-20.00639,-45.97694,BR
Balsa Nova,-25.58389,-49.63556,BR
Bálsamo,-20.73528,-49.58361,BR
Balneário Rincão,-28.83208,-49.2366,BR
Balneário Camboriú,-26.99056,-48.63472,BR
Baliza,-16.19611,-52.545,BR
Balbinos,-21.89972,-49.35667,BR
Santa Helena de Minas,-16.93858,-40.68278,BR
Baixo Guandu,-19.51889,-41.01583,BR
Baixa Grande,-11.95972,-40.16806,BR
Novo Barreiro,-27.90816,-53.11218,BR
Bagé,-31.33139,-54.10694,BR
Baependi,-21.95889,-44.89,BR
Bady Bassitt,-20.91806,-49.44528,BR
Santo Antônio do Aventureiro,-21.75856,-42.81522,BR
Avelinópolis,-16.46583,-49.75778,BR
Avaré,-23.09861,-48.92583,BR
Avanhandava,-21.46083,-49.94972,BR
Avaí,-22.14667,-49.33306,BR
São José dos Ausentes,-28.74806,-50.06357,BR
Aurilândia,-16.68167,-50.46472,BR
Auriflama,-20.68556,-50.55472,BR
Áurea,-27.69722,-52.04944,BR
Augusto de Lima,-18.10917,-44.26694,BR
Pontão,-28.0591,-52.67766,BR
Atibaia,-23.11694,-46.55028,BR
Ataléia,-18.04361,-41.11,BR
Atalaia,-23.15111,-52.05444,BR
Astorga,-23.2325,-51.66556,BR
Astolfo Dutra,-21.31528,-42.86222,BR
Assis,-22.66167,-50.41222,BR
Assaí,-23.37333,-50.84139,BR
Ascurra,-26.95528,-49.37556,BR
Arvorezinha,-28.87222,-52.17528,BR
Arujá,-23.39611,-46.32083,BR
Aruanã,-14.92028,-51.08306,BR
Artur Nogueira,-22.57306,-47.1725,BR
Arroio Trinta,-26.93278,-51.33917,BR
Arroio Grande,-32.2375,-53.08694,BR
Arroio do Tigre,-29.33278,-53.09333,BR
Arroio dos Ratos,-30.07722,-51.72917,BR
Balneário Arroio do Silva,-28.98688,-49.4173,BR
Arroio do Meio,-29.40111,-51.945,BR
Imigrante,-29.35442,-51.77786,BR
Arraias,-12.93139,-46.93833,BR
Arraial do Cabo,-22.96611,-42.02778,BR
Armazém,-28.26194,-49.0175,BR
Armação dos Búzios,-22.74694,-41.88167,BR
Armação,-27.74963,-48.50713,BR
Ariranha,-21.18778,-48.78694,BR
Arinos,-15.91694,-46.10556,BR
Aricanduva,-17.86722,-42.55694,BR
Argirita,-21.61,-42.83611,BR
Arenápolis,-14.45028,-56.84611,BR
Areiópolis,-22.66806,-48.665,BR
Areias,-22.57972,-44.69694,BR
Areia Branca,-10.75778,-37.31528,BR
Arealva,-22.02861,-48.91111,BR
Areal,-22.23056,-43.10556,BR
Areado,-21.35861,-46.14556,BR
Arcos,-20.28194,-45.53944,BR
Arco-Íris,-21.7725,-50.465,BR
Arceburgo,-21.36417,-46.94,BR
Arcadas,-22.72333,-46.84528,BR
Araxá,-19.59333,-46.94056,BR
Araújos,-19.94806,-45.16556,BR
Araucária,-25.59306,-49.41028,BR
Arauá,-11.26222,-37.61972,BR
Aratuípe,-13.07889,-39.00167,BR
Aratiba,-27.39417,-52.30028,BR
Arataca,-15.26333,-39.41444,BR
Araruna,-23.93167,-52.49639,BR
Araruama,-22.87278,-42.34306,BR
Araricá,-29.61361,-50.925,BR
Araras,-22.35694,-47.38417,BR
Araraquara,-21.79444,-48.17556,BR
Araranguá,-28.93575,-49.49538,BR
Araquari,-26.37,-48.72222,BR
Arapuá,-19.03389,-46.15556,BR
Arapoti,-24.15778,-49.82667,BR
Araporã,-18.43611,-49.185,BR
Arapongas,-23.41944,-51.42444,BR
Araponga,-20.66667,-42.52083,BR
Arapeí,-22.67389,-44.44778,BR
Arantina,-21.91111,-44.25583,BR
Arandu,-23.13444,-49.05389,BR
Aramina,-20.09028,-47.78583,BR
Arambaré,-30.915,-51.49778,BR
Aramari,-12.08167,-38.49917,BR
Araguari,-18.64722,-48.18722,BR
Araguainha,-16.85611,-53.0325,BR
Araguaiana,-15.73389,-51.83139,BR
Araguaçu,-12.93056,-49.82639,BR
Aragoiânia,-16.91194,-49.45139,BR
Aragarças,-15.8975,-52.25083,BR
Araçuaí,-16.84972,-42.07028,BR
Araçu,-16.3575,-49.68111,BR
Aracruz,-19.82028,-40.27333,BR
Araçoiaba da Serra,-23.50528,-47.61417,BR
Aracitaba,-21.3425,-43.37833,BR
Araci,-11.33333,-38.96667,BR
Araçatuba,-21.20889,-50.43278,BR
Aracatu,-14.4275,-41.46194,BR
Araçás,-12.21111,-38.2025,BR
Araçariguama,-23.43861,-47.06139,BR
Aracaju,-10.91111,-37.07167,BR
Araçaí,-19.19861,-44.24806,BR
Arabutã,-27.16028,-52.14167,BR
Aquidauana,-20.47111,-55.78722,BR
Aquidabã,-10.28139,-37.01861,BR
Apucarana,-23.55083,-51.46083,BR
Apuarema,-13.85639,-39.74389,BR
Aporé,-18.96528,-51.92639,BR
Aporá,-11.66028,-38.08139,BR
Apiúna,-27.03556,-49.38972,BR
Apiaí,-24.50944,-48.8425,BR
Apiacá,-21.15361,-41.5675,BR
Aperibé,-21.62083,-42.10278,BR
Aparecida do Taboado,-20.08667,-51.09361,BR
Aparecida d'Oeste,-20.44944,-50.87972,BR
Aparecida,-22.84694,-45.22972,BR
Antônio Prado,-28.85833,-51.28278,BR
Antônio Prado de Minas,-21.01813,-42.1101,BR
Antônio Olinto,-25.98611,-50.19722,BR
Antônio Dias,-19.65278,-42.87222,BR
Antônio Carlos,-27.51694,-48.7675,BR
Antônio Carlos,-21.31806,-43.74667,BR
Antonina,-25.42861,-48.71194,BR
Antas,-10.41181,-38.3312,BR
Anta Gorda,-28.97028,-52.00472,BR
São Sebastião do Anta,-19.49778,-41.98153,BR
Anitápolis,-27.90194,-49.12861,BR
Anita Garibaldi,-27.68917,-51.13,BR
Anicuns,-16.46111,-49.96167,BR
Anhumas,-22.29528,-51.38722,BR
Anhembi,-22.78944,-48.12722,BR
Ângulo,-23.19472,-51.91528,BR
Anguera,-12.15111,-39.24639,BR
Angra dos Reis,-23.00667,-44.31806,BR
Angical,-12.00694,-44.69444,BR
Angelina,-27.56861,-48.98528,BR
Angatuba,-23.48972,-48.41278,BR
Andrelândia,-21.73972,-44.30917,BR
Cachoeira de Pajeú,-15.96654,-41.49576,BR
André da Rocha,-28.63056,-51.57167,BR
Andradina,-20.89611,-51.37944,BR
Andradas,-22.06806,-46.56917,BR
Andorinha,-10.34472,-39.83556,BR
Andirá,-23.05056,-50.22889,BR
Andaraí,-12.80722,-41.33139,BR
Anchieta,-26.53444,-53.33139,BR
Anchieta,-20.80583,-40.64556,BR
Anaurilândia,-22.1875,-52.71778,BR
Anastácio,-20.48361,-55.80694,BR
Anápolis,-16.32667,-48.95278,BR
Analândia,-22.12639,-47.66306,BR
Anagé,-14.61222,-41.13556,BR
Ampére,-25.915,-53.47278,BR
Amparo do São Francisco,-10.13389,-36.92972,BR
Amparo do Serra,-20.50722,-42.8025,BR
Amparo,-22.70111,-46.76444,BR
Amorinópolis,-16.61917,-51.09361,BR
Américo de Campos,-20.29917,-49.73167,BR
Américo Brasiliense,-21.72444,-48.10167,BR
Americano do Brasil,-16.25472,-49.98278,BR
Americana,-22.73917,-47.33139,BR
América Dourada,-11.45528,-41.43611,BR
Amargosa,-13.03028,-39.60472,BR
Amaral Ferrador,-30.87833,-52.2575,BR
Amaporã,-23.09583,-52.7875,BR
Amambai,-23.10417,-55.22583,BR
Alvorada do Sul,-22.78028,-51.23111,BR
Nova Alvorada,-28.6769,-52.16663,BR
Alvorada,-12.48,-49.12472,BR
Alvinópolis,-20.10667,-43.04889,BR
Alvinlândia,-22.44417,-49.76306,BR
Álvaro de Carvalho,-22.08917,-49.71889,BR
Álvares Machado,-22.07944,-51.47194,BR
Álvares Florence,-20.32083,-49.91056,BR
Alvarenga,-19.41722,-41.72861,BR
Alto Rio Novo,-19.05611,-41.01667,BR
Alto Rio Doce,-21.02583,-43.41139,BR
Alto Piquiri,-24.02806,-53.44056,BR
Alto Paraná,-23.12889,-52.31889,BR
Alto Paraíso de Goiás,-14.13628,-47.52166,BR
Alto Paraguai,-14.51361,-56.4825,BR
Altônia,-23.87444,-53.90167,BR
Alto Garças,-16.94389,-53.52806,BR
Alto Bela Vista,-27.4575,-51.87889,BR
Alto Araguaia,-17.31472,-53.21528,BR
Alto Alegre,-28.77389,-52.99056,BR
Alto Alegre,-21.58056,-50.16361,BR
Altinópolis,-21.02556,-47.37389,BR
Alterosa,-21.24917,-46.14306,BR
Altair,-20.52361,-49.05889,BR
Alpinópolis,-20.86361,-46.38806,BR
Alpestre,-27.24889,-53.035,BR
Alpercata,-18.9903,-41.98993,BR
Aloândia,-17.72722,-49.48028,BR
Almirante Tamandaré do Sul,-28.11361,-52.91222,BR
Almirante Tamandaré,-25.32472,-49.31,BR
Almenara,-16.18361,-40.69444,BR
Presidente Tancredo Neves,-13.45287,-39.4208,BR
Almas,-11.57361,-47.17028,BR
Almadina,-14.70528,-39.63722,BR
Alfredo Wagner,-27.70028,-49.33361,BR
Alfredo Marcondes,-21.95528,-51.41278,BR
Alfredo Chaves,-20.635,-40.74972,BR
Alfenas,-21.42917,-45.94722,BR
Além Paraíba,-21.88778,-42.70444,BR
Alegria,-27.83278,-54.06139,BR
Alegrete,-29.78306,-55.79194,BR
Alegre,-20.76361,-41.53306,BR
Alecrim,-27.655,-54.76389,BR
Alcobaça,-17.51944,-39.19556,BR
Albertina,-22.20083,-46.61583,BR
Alambari,-23.55083,-47.89861,BR
Alagoinhas,-12.13556,-38.41917,BR
Alagoa,-22.17056,-44.64194,BR
Ajuricaba,-28.23944,-53.77083,BR
Aiuruoca,-21.97556,-44.60306,BR
Aiquara,-14.12944,-39.88778,BR
Aimorés,-19.49583,-41.06389,BR
Águia Branca,-18.98306,-40.74028,BR
Agudos do Sul,-25.9925,-49.33528,BR
Agudos,-22.46917,-48.9875,BR
Agudo,-29.64528,-53.24,BR
Águas Vermelhas,-15.74722,-41.46,BR
Águas Formosas,-17.08222,-40.93583,BR
Águas de São Pedro,-22.59944,-47.87611,BR
Águas de Lindóia,-22.47639,-46.63278,BR
Águas de Chapecó,-27.07028,-52.98667,BR
Águas da Prata,-21.93667,-46.71667,BR
Água Santa,-28.17694,-52.03389,BR
Água Rasa,-20.43333,-45.16667,BR
Aguanil,-20.9425,-45.39278,BR
Água Limpa,-18.07361,-48.76222,BR
Aguaí,-22.05944,-46.97861,BR
Água Fria,-11.86667,-38.76667,BR
Água Doce,-26.99778,-51.55611,BR
Água Comprida,-20.05639,-48.10889,BR
Água Clara,-20.44806,-52.87806,BR
Água Boa,-17.99611,-42.38889,BR
Afonso Cláudio,-20.07417,-41.12389,BR
Santo Afonso,-14.49549,-57.00268,BR
Adustina,-10.53333,-38.1,BR
Adrianópolis,-24.65722,-48.99111,BR
Adolfo,-21.235,-49.64361,BR
Adamantina,-21.68528,-51.0725,BR
Açucena,-19.07306,-42.54639,BR
Acorizal,-15.20472,-56.36583,BR
Aceguá,-31.86528,-54.16722,BR
Acajutiba,-11.66222,-38.01722,BR
Acaiaca,-20.3625,-43.14472,BR
Abre Campo,-20.30111,-42.4775,BR
Abelardo Luz,-26.56472,-52.32833,BR
Abdon Batista,-27.61111,-51.0225,BR
Abatiá,-23.30361,-50.3125,BR
Abaíra,-13.24972,-41.66361,BR
Abaeté,-19.16,-45.44583,BR
Abadiânia,-16.20417,-48.70694,BR
Abadia dos Dourados,-18.48556,-47.40306,BR
Leblon,-22.98444,-43.22315,BR
Leme,-22.9621,-43.16831,BR
Guaíba,-30.11389,-51.325,BR
Comodoro,-13.66306,-59.78583,BR
Palmas,-10.16745,-48.32766,BR
São Conrado,-22.99708,-43.26994,BR
Bombinhas,-27.1518,-48.48941,BR
Pranchita,-26.01972,-53.74028,BR
Pontal do Paraná,-25.67361,-48.51111,BR
Fátima,-10.75944,-48.90806,BR
Figueirópolis,-12.13083,-49.17417,BR
Jaú do Tocantins,-12.655,-48.59333,BR
Lagoa da Confusão,-10.79361,-49.62361,BR
Lagoa do Tocantins,-10.37806,-47.55111,BR
Nova Rosalândia,-10.56667,-48.91417,BR
Palmeirópolis,-13.04389,-48.40222,BR
Porto Alegre do Tocantins,-11.60861,-47.04861,BR
Pugmil,-10.4247,-48.898,BR
Sandolândia,-12.53722,-49.925,BR
Santa Rita do Tocantins,-10.8646,-48.90796,BR
Santa Tereza do Tocantins,-10.28222,-47.80833,BR
São Félix do Tocantins,-10.16833,-46.65944,BR
São Salvador do Tocantins,-12.74361,-48.23556,BR
Silvanópolis,-11.14667,-48.16917,BR
Sucupira,-11.99333,-48.97083,BR
Aliança do Tocantins,-11.30611,-48.93583,BR
Crixás do Tocantins,-11.10443,-48.91913,BR
Paraíso do Tocantins,-10.17611,-48.86667,BR
Comendador Levy Gasparian,-22.02861,-43.205,BR
Universidade Rural,-22.76639,-43.69139,BR
Luislândia,-16.1175,-44.58861,BR
Icaraí de Minas,-16.21824,-44.90273,BR
Vale do Anari,-9.85744,-62.17576,BR
Uarini,-2.99,-65.10833,BR
Tonantins,-2.87306,-67.80222,BR
Tefé,-3.36841,-64.72054,BR
Marechal Thaumaturgo,-8.94111,-72.79167,BR
Tarauacá,-8.16139,-70.76556,BR
Tapauá,-5.62833,-63.18333,BR
Tabatinga,-4.23116,-69.93858,BR
Sena Madureira,-9.06341,-68.67245,BR
São Paulo de Olivença,-3.37833,-68.8725,BR
São Gabriel da Cachoeira,-0.1181,-67.08527,BR
Itamarati,-6.425,-68.25333,BR
Santo Antônio do Içá,-3.10222,-67.93972,BR
Santa Rosa do Purus,-9.4383,-70.49104,BR
Santa Isabel do Rio Negro,-0.41389,-65.01917,BR
Rio Branco,-9.97472,-67.81,BR
Porto Walter,-8.26861,-72.74389,BR
Porto Velho,-8.76194,-63.90389,BR
Porto Acre,-9.58833,-67.5325,BR
Pirapetinga,-7.03333,-62.86667,BR
Pauini,-7.71361,-66.97639,BR
Novo Aripuanã,-5.12056,-60.37972,BR
Novo Airão,-2.62139,-60.94417,BR
Maraã,-1.82403,-65.35883,BR
Manoel Urbano,-8.83889,-69.25972,BR
Manicoré,-5.80917,-61.30028,BR
Mâncio Lima,-7.61417,-72.89583,BR
Manaus,-3.10194,-60.025,BR
Manaquiri,-3.31667,-60.35,BR
Manacapuru,-3.29972,-60.62056,BR
Lábrea,-7.26435,-64.79638,BR
Jutaí,-5.18333,-68.9,BR
Jutaí,-2.74738,-66.76838,BR
Juruá,-3.48111,-66.06889,BR
Japurá,-1.82611,-66.59889,BR
Guajará,-7.54583,-72.58361,BR
Ipixuna,-7.05056,-71.69472,BR
Humaitá,-7.51651,-63.03105,BR
Fonte Boa,-2.51389,-66.09167,BR
Feijó,-8.1654,-70.35486,BR
Envira,-7.4373,-70.02338,BR
Eirunepé,-6.66028,-69.87361,BR
Cujubim,-9.36278,-62.58528,BR
Cruzeiro do Sul,-7.62759,-72.67756,BR
Rodrigues Alves,-7.7356,-72.65135,BR
Codajás,-3.83667,-62.05694,BR
Coari,-4.085,-63.14139,BR
Carauari,-4.88278,-66.89583,BR
Caracaraí,1.81611,-61.12806,BR
Canutama,-6.53389,-64.38306,BR
Caapiranga,-3.3275,-61.20889,BR
Boca do Acre,-8.75222,-67.39778,BR
Boa Vista,2.81972,-60.67333,BR
Beruri,-3.89833,-61.37306,BR
Benjamin Constant,-4.37555,-70.03179,BR
Barcelos,-0.97357,-62.9269,BR
Atalaia do Norte,-4.36652,-70.19186,BR
Ariquemes,-9.91333,-63.04083,BR
Anori,-3.77278,-61.64417,BR
Anamã,-3.57972,-61.40417,BR
Amaturá,-3.37463,-68.20214,BR
Alvarães,-3.22083,-64.80417,BR
Bujari,-9.83056,-67.95222,BR
Iranduba,-3.28472,-60.18611,BR
Presidente Figueiredo,-2.03444,-60.025,BR
Careiro,-3.76806,-60.36917,BR
Colônia Boa Vista,-3.29688,-60.44086,BR
Manaquiri,-3.42806,-60.45944,BR
Rio Crespo,-9.705,-62.89972,BR
Xapuri,-10.65167,-68.50444,BR
Vilhena,-12.74056,-60.14583,BR
Senador Guiomard,-10.1497,-67.73741,BR
Presidente Médici,-11.17528,-61.90139,BR
Rolim de Moura do Guaporé,-13.08271,-62.27726,BR
Plácido de Castro,-10.33528,-67.18556,BR
Pimenteiras do Oeste,-13.48129,-61.04694,BR
Pimenta Bueno,-11.6725,-61.19361,BR
Ouro Preto do Oeste,-10.74806,-62.21583,BR
Ji Paraná,-10.88528,-61.95167,BR
Jaru,-10.43889,-62.46639,BR
Guajará Mirim,-10.78356,-65.33552,BR
Espigão dOeste,-11.52472,-61.01278,BR
Costa Marques,-12.445,-64.22722,BR
Cacoal,-11.43861,-61.44722,BR
Brasiléia,-11.01611,-68.74806,BR
Assis Brasil,-10.94139,-69.56694,BR
Cacaulândia,-10.33917,-62.89528,BR
Theobroma,-10.23889,-62.35833,BR
Vale do Paraíso,-10.44778,-62.13417,BR
Teixeirópolis,-10.9175,-62.24944,BR
Parecis,-12.19611,-61.60139,BR
Alto Alegre dos Parecis,-12.12806,-61.85056,BR
Boa Vista do Incra,-28.81778,-53.3875,BR
Nova Santa Helena,-10.84927,-55.18274,BR
Abadia de Goiás,-16.75722,-49.4375,BR
Abel Figueiredo,-4.95361,-48.39333,BR
Açailândia,-4.94667,-47.50472,BR
Acrelândia,-9.82778,-66.88333,BR
Acreúna,-17.39556,-50.37694,BR
Adelândia,-16.415,-50.16556,BR
Afonso Cunha,-4.13278,-43.32417,BR
Agrolândia,-27.41167,-49.82556,BR
Agronômica,-27.265,-49.71111,BR
Água Azul do Norte,-6.79111,-50.46694,BR
Água Boa,-14.05,-52.15861,BR
Água Doce do Maranhão,-2.84056,-42.11222,BR
Água Doce do Norte,-18.54694,-40.97861,BR
Águas de Santa Bárbara,-22.88056,-49.23889,BR
Águas Frias,-26.88,-52.85917,BR
Águas Lindas de Goiás,-15.76194,-48.28167,BR
Águas Mornas,-27.69389,-48.82361,BR
Aguiarnópolis,-6.5625,-47.46639,BR
Alcinópolis,-18.32417,-53.70611,BR
Aldeias Altas,-4.62778,-43.47056,BR
Alexânia,-16.08222,-48.50722,BR
Alfredo Vasconcelos,-21.14528,-43.77694,BR
Alta Floresta,-9.87556,-56.08611,BR
Alta Floresta d'Oeste,-11.96806,-61.95417,BR
Altamira do Paraná,-24.7975,-52.71306,BR
Alto Alegre,2.89583,-61.4975,BR
Alto Alegre do Maranhão,-4.21278,-44.44639,BR
Alto Alegre do Pindaré,-3.6707,-45.84749,BR
Alto Boa Vista,-11.67376,-51.37859,BR
Alto Feliz,-29.39194,-51.31222,BR
Alto Horizonte,-14.19556,-49.33861,BR
Alto Paraíso,-9.72283,-63.31022,BR
Alumínio,-23.535,-47.26194,BR
Alvorada de Minas,-18.73611,-43.36528,BR
Alvorada do Norte,-14.48083,-46.49222,BR
Alvorada d'Oeste,-11.34139,-62.28639,BR
Amajari,3.65222,-61.37056,BR
Amaralina,-13.92639,-49.29722,BR
Ametista do Sul,-27.36056,-53.18167,BR
Iguatu,-24.71694,-53.08417,BR
Anapu,-3.47222,-51.19778,BR
Setubinha,-17.60222,-42.1625,BR
Anísio de Abreu,-9.18944,-43.04583,BR
Antônio Almeida,-7.21917,-44.1975,BR
Antônio Cardoso,-12.43528,-39.11972,BR
Antônio João,-22.19111,-55.9475,BR
Aparecida de Goiânia,-16.82333,-49.24389,BR
Aparecida do Rio Doce,-18.29889,-51.14528,BR
Apiacás,-9.54361,-57.44917,BR
Apuí,-7.19722,-59.89139,BR
Araguanã,-2.94639,-45.66098,BR
Araguapaz,-15.09083,-50.63222,BR
Aral Moreira,-22.93389,-55.63528,BR
Arame,-4.88583,-46.005,BR
Arapuã,-24.31611,-51.78694,BR
Araputanga,-15.47111,-58.35306,BR
Arenópolis,-16.38611,-51.56028,BR
Aripuanã,-10.17647,-59.44913,BR
Ariranha do Ivaí,-24.38639,-51.58528,BR
Arroio do Padre,-31.44139,-52.42389,BR
Arroio do Sal,-29.55139,-49.88889,BR
Arvoredo,-27.07444,-52.45583,BR
Aspásia,-20.15889,-50.72722,BR
Assis Chateaubriand,-24.42,-53.52139,BR
Atalanta,-27.42,-49.78111,BR
Atilio Vivacqua,-20.91417,-41.19833,BR
Aurelino Leal,-14.31667,-39.32722,BR
Aurora,-27.315,-49.6375,BR
Aurora do Pará,-2.13389,-47.55889,BR
Avelino Lopes,-10.13667,-43.94861,BR
Axixá do Tocantins,-5.61639,-47.78611,BR
Bacabeira,-2.97083,-44.31556,BR
Baixa Grande do Ribeiro,-7.85028,-45.21361,BR
Baldim,-19.28833,-43.95694,BR
Balneário Gaivota,-29.15667,-49.57944,BR
Banabuiú,-5.30972,-38.92056,BR
Bandeirantes do Tocantins,-7.75639,-48.58361,BR
Bannach,-7.34806,-50.39583,BR
Banzaê,-10.57694,-38.61472,BR
Barra Bonita,-26.65444,-53.44,BR
Barra dAlcântara,-6.51667,-42.11444,BR
Barra do Guarita,-27.19194,-53.71,BR
Barra do Ouro,-7.68944,-47.68278,BR
Barra Funda,-27.92306,-53.03917,BR
Bela Vista da Caroba,-25.88111,-53.66472,BR
Bela Vista de Minas,-19.83028,-43.09111,BR
Bela Vista do Piauí,-7.97252,-41.87176,BR
Belágua,-3.155,-43.51028,BR
Belém do Piauí,-7.37611,-40.97167,BR
Belmonte,-26.84139,-53.57556,BR
Benjamin Constant do Sul,-27.51,-52.59778,BR
Berizal,-15.61333,-41.745,BR
Bernardino Batista,-6.45194,-38.55083,BR
Bernardo do Mearim,-4.62932,-44.76074,BR
Betânia do Piauí,-8.14833,-40.79556,BR
Boa Esperança,-24.24222,-52.78861,BR
Boa Esperança do Iguaçu,-25.63583,-53.21222,BR
Boa Vista da Aparecida,-25.43556,-53.40806,BR
Boa Vista das Missões,-27.66306,-53.31417,BR
Boa Vista do Gurupi,-1.7875,-46.30333,BR
Boa Vista do Sul,-29.35083,-51.67583,BR
Bodoquena,-20.53861,-56.715,BR
Bom Jesus das Selvas,-4.4835,-46.85326,BR
Bom Jesus do Oeste,-26.68972,-53.09833,BR
Bom Jesus do Tocantins,-5.05139,-48.60889,BR
Bom Progresso,-27.54361,-53.86583,BR
Bonfim,3.35972,-59.83333,BR
Bonópolis,-13.63639,-49.81028,BR
Boqueirão do Piauí,-4.48731,-42.11764,BR
Braganey,-24.81639,-53.12167,BR
Brasilândia,-21.25583,-52.03694,BR
Brasilândia do Sul,-24.19694,-53.52472,BR
Brejo Grande do Araguaia,-5.69889,-48.41306,BR
Breu Branco,-4.00092,-49.5068,BR
Buriti de Goiás,-16.18083,-50.43111,BR
Buritinópolis,-14.45722,-46.43722,BR
Buritirama,-5.59278,-47.01778,BR
Buritis,-10.21167,-63.82861,BR
Cabeceira Grande,-16.02972,-47.09056,BR
Cabixi,-13.49778,-60.55417,BR
Cachoeira do Piriá,-1.75972,-46.545,BR
Caetanos,-14.3375,-40.90861,BR
Cafezal do Sul,-23.90222,-53.5125,BR
Caibi,-27.07167,-53.24778,BR
Caldas Brandão,-7.1025,-35.32639,BR
Caldazinha,-16.71417,-49.00194,BR
Campestre da Serra,-28.79472,-51.09278,BR
Campestre de Goiás,-16.76222,-49.69444,BR
Campestre do Maranhão,-6.17222,-47.36361,BR
Campinaçu,-13.79,-48.57111,BR
Campinas,-27.59444,-48.60694,BR
Campo Novo de Rondônia,-10.59694,-63.61222,BR
Campo Novo do Parecis,-13.67528,-57.89194,BR
Campo Verde,-15.54667,-55.16889,BR
Campos de Júlio,-13.89944,-59.1475,BR
Campos Verdes,-14.25778,-49.6575,BR
Canabrava do Norte,-11.05444,-51.83139,BR
Canaã dos Carajás,-6.52392,-49.85167,BR
Canarana,-13.55222,-52.26833,BR
Candeias do Jamari,-8.80972,-63.69556,BR
Cândido Sales,-15.505,-41.23917,BR
Cantá,2.61028,-60.5975,BR
Capinzal do Norte,-4.72833,-44.32694,BR
Capitão,-29.26889,-51.98944,BR
Capitão Enéas,-16.32444,-43.71056,BR
Capitão Gervásio Oliveira,-8.49028,-41.81972,BR
Capitão Leônidas Marques,-25.47917,-53.61417,BR
Capivari de Baixo,-28.44472,-48.95778,BR
Capivari do Sul,-30.145,-50.51472,BR
Capixaba,-10.57278,-67.67556,BR
Caraúbas do Piauí,-3.47583,-41.84306,BR
Carlinda,-9.95806,-55.83222,BR
Carneirinho,-19.6975,-50.68806,BR
Caroebe,0.88389,-59.69556,BR
Carrasco Bonito,-5.32194,-48.03472,BR
Castanheira,-11.1325,-58.6025,BR
Castanheiras,-11.4175,-61.93861,BR
Castelândia,-18.08889,-50.22278,BR
Catolândia,-12.31806,-44.86111,BR
Catuti,-15.35833,-42.96278,BR
Cedral,-2.00028,-44.53611,BR
Central do Maranhão,-2.19861,-44.82556,BR
Cerejeiras,-13.18889,-60.81222,BR
Cerro Grande,-27.60611,-53.16667,BR
Cezarina,-16.97194,-49.77583,BR
Chapada Gaúcha,-15.30556,-45.61833,BR
Chapadão do Lageado,-27.59056,-49.55389,BR
Chapadão do Sul,-18.79417,-52.62278,BR
Chupinguaia,-12.55222,-60.89972,BR
Chuvisca,-30.7575,-51.97778,BR
Cidelândia,-5.17417,-47.78167,BR
Cláudia,-11.51528,-54.89139,BR
Cocal de Telha,-4.55889,-41.97222,BR
Cocalzinho de Goiás,-15.79444,-48.77583,BR
Colíder,-10.81778,-55.45083,BR
Colniza,-9.40917,-59.025,BR
Colônia do Gurguéia,-8.18194,-43.79194,BR
Colorado do Oeste,-13.11667,-60.54167,BR
Combinado,-12.79194,-46.53889,BR
Conceição do Lago-Açu,-3.83444,-44.89333,BR
Concórdia do Pará,-2.00167,-47.94972,BR
Confresa,-10.64389,-51.56889,BR
Coqueiro Baixo,-29.17861,-52.09,BR
Cordilheira Alta,-26.98444,-52.60333,BR
Cordislândia,-21.7925,-45.70083,BR
Coronel Domingos Soares,-26.22778,-52.03194,BR
Coronel João Sá,-10.28417,-37.92639,BR
Corumbataí do Sul,-24.10111,-52.11972,BR
Corumbiara,-12.96194,-60.88667,BR
Costa Rica,-18.54389,-53.12917,BR
Cotriguaçu,-9.90231,-58.56846,BR
Cravolândia,-13.35861,-39.815,BR
Cristal,-30.99972,-52.04833,BR
Cristal do Sul,-27.45389,-53.24639,BR
Cruzaltense,-27.66833,-52.64778,BR
Cruzeiro do Iguaçu,-25.61556,-53.12778,BR
Cuité de Mamanguape,-6.91472,-35.25194,BR
Cumaru do Norte,-7.825,-50.77278,BR
Cunhataí,-26.96944,-53.09333,BR
Curionópolis,-6.10167,-49.59806,BR
Curral de Cima,-6.71694,-35.26944,BR
Curvelândia,-15.6025,-57.92278,BR
Cutias,0.98611,-50.80222,BR
Damião,-6.60278,-35.93667,BR
Dário Meira,-14.43639,-39.90778,BR
Davinópolis,-18.15306,-47.56167,BR
Delta,-19.97667,-47.77111,BR
Denise,-14.74,-57.05389,BR
Deodápolis,-22.27556,-54.165,BR
Deputado Irapuan Pinheiro,-5.91694,-39.26778,BR
Dezesseis de Novembro,-28.22528,-55.04583,BR
Diamante do Norte,-22.65639,-52.85972,BR
Dilermano de Aguiar,-29.70639,-54.20833,BR
Dirce Reis,-20.46611,-50.60611,BR
Dois Irmãos das Missões,-27.65917,-53.53139,BR
Dois Irmãos do Buriti,-20.67972,-55.29611,BR
Dom Bosco,-16.65194,-46.27083,BR
Dom Eliseu,-4.285,-47.505,BR
Domingos Mourão,-4.25389,-41.27028,BR
Dormentes,-8.44722,-40.77111,BR
Douradina,-23.38083,-53.29167,BR
Douradina,-22.04028,-54.61278,BR
Doutor Ricardo,-29.08583,-51.99167,BR
Doutor Ulysses,-24.56806,-49.41972,BR
Doverlândia,-16.72028,-52.31944,BR
Edealina,-17.42389,-49.66333,BR
Eldorado do Sul,-30.08389,-51.61611,BR
Eldorado dos Carajás,-6.10417,-49.35528,BR
Elísio Medrado,-12.94639,-39.52167,BR
Enéas Marques,-25.94222,-53.16444,BR
Engenho Velho,-27.70806,-52.91278,BR
Entre Rios,-26.72361,-52.56056,BR
Entre Rios do Oeste,-24.70602,-54.24508,BR
Entre Rios do Sul,-27.52806,-52.7325,BR
Epitaciolândia,-11.02889,-68.74139,BR
Érico Cardoso,-13.41778,-42.14028,BR
Ermelino Matarazzo,-23.49472,-46.47389,BR
Ermo,-28.9825,-49.64361,BR
Esperança Nova,-23.72389,-53.81083,BR
Estação,-27.91083,-52.26,BR
Estiva Gerbi,-22.27139,-46.94472,BR
Estrela de Alagoas,-9.39028,-36.76,BR
Estrela Velha,-29.17667,-53.15917,BR
Faina,-15.44611,-50.36056,BR
Fátima do Sul,-22.37417,-54.51389,BR
Faxinalzinho,-27.42417,-52.67306,BR
Fazenda Rio Grande,-25.6575,-49.30806,BR
Fazenda Vilanova,-29.58944,-51.825,BR
Feira da Mata,-14.21278,-44.28111,BR
Feira Nova,-10.26417,-37.31306,BR
Feira Nova do Maranhão,-6.96,-46.68556,BR
Feliz Natal,-12.38611,-54.91972,BR
Fernando de Noronha (Distrito Estadual),-3.84028,-32.41083,BR
Fernando Falcão,-6.15114,-44.90184,BR
Figueirópolis dOeste,-15.445,-58.74028,BR
Flor da Serra do Sul,-26.26028,-53.30361,BR
Flor do Sertão,-26.7775,-53.3475,BR
Flores de Goiás,-14.45687,-47.03977,BR
Floresta do Araguaia,-7.55361,-49.7125,BR
Formosa do Oeste,-24.29278,-53.3125,BR
Formosa do Sul,-26.64694,-52.79417,BR
Forquetinha,-29.38056,-52.09444,BR
Fortaleza de Minas,-20.84917,-46.71806,BR
Fraiburgo,-27.02611,-50.92139,BR
Francisco Dumont,-17.315,-44.23417,BR
Francisco Macedo,-7.33056,-40.78833,BR
Franciscópolis,-17.95972,-42.00861,BR
Frei Lagonegro,-18.16778,-42.76611,BR
Fronteira,-20.26778,-49.19944,BR
Gado Bravo,-7.58333,-35.79083,BR
Garrafão do Norte,-1.93417,-47.0525,BR
Gaúcha do Norte,-13.24222,-53.07972,BR
Geminiano,-7.15778,-41.36111,BR
General Maynard,-10.68889,-36.98389,BR
Gentil,-28.43028,-52.03556,BR
Godofredo Viana,-1.415,-45.77222,BR
Godoy Moreira,-24.19253,-51.92313,BR
Goianésia do Pará,-3.8425,-49.09694,BR
Governador Celso Ramos,-27.31472,-48.55917,BR
Governador Eugênio Barros,-5.32306,-44.24667,BR
Governador Jorge Teixeira,-10.525,-62.64389,BR
Governador Luiz Rocha,-5.46861,-44.07389,BR
Governador Newton Bello,-3.42611,-45.67583,BR
Governador Nunes Freire,-2.12583,-45.88528,BR
Gramado dos Loureiros,-27.44389,-52.9175,BR
Guabiruba,-27.08595,-48.96765,BR
Guaraíta,-15.61417,-50.02389,BR
Guarani de Goiás,-13.93583,-46.48028,BR
Heitoraí,-15.71889,-49.82917,BR
Herval dOeste,-27.19361,-51.49472,BR
Honório Serpa,-26.14111,-52.38694,BR
Hugo Napoleão,-5.98861,-42.55611,BR
Ibema,-25.11929,-53.00706,BR
Igaracy,-7.18056,-38.14861,BR
Anahy,-24.64417,-53.13472,BR
Ilha Comprida,-24.74111,-47.54,BR
Ilha Grande,-2.85205,-41.81686,BR
Imbé,-29.97528,-50.12806,BR
Imbuia,-27.49278,-49.42389,BR
Inaciolândia,-18.48806,-49.98722,BR
Indiara,-17.13806,-49.98806,BR
Indiavaí,-15.49444,-58.57278,BR
Ipixuna do Pará,-2.55778,-47.495,BR
Iracema,2.18222,-61.04111,BR
Iracema do Oeste,-24.42833,-53.35472,BR
Irati,-26.65639,-52.89222,BR
Irineópolis,-26.23861,-50.79972,BR
Itabela,-16.575,-39.55333,BR
Itacurubi,-28.79528,-55.23528,BR
Itaguari,-15.91861,-49.60444,BR
Itaim Paulista,-23.50308,-46.38566,BR
Itaipulândia,-25.13722,-54.30222,BR
Itajá,-5.64417,-36.87139,BR
Itaju do Colônia,-15.1425,-39.72444,BR
Itaobim,-16.56167,-41.50333,BR
Itaquiraí,-23.47444,-54.185,BR
Itatim,-12.71194,-39.69806,BR
Itinga do Maranhão,-4.44972,-47.52556,BR
Ivaté,-23.40917,-53.36917,BR
Jaboatão dos Guararapes,-8.11278,-35.01472,BR
Jaíba,-15.33833,-43.67444,BR
Japonvar,-15.99472,-44.27,BR
Japorã,-23.89111,-54.40417,BR
Jardim do Mulato,-6.09889,-42.63028,BR
Jardim Olinda,-22.54972,-52.03639,BR
Jardinópolis,-26.72167,-52.85972,BR
Jatobá,-5.81667,-44.22333,BR
Jatobá do Piauí,-4.77111,-41.81778,BR
Jauru,-15.34194,-58.86639,BR
Jenipapo de Minas,-17.08278,-42.25833,BR
Jenipapo dos Vieiras,-5.37139,-45.63639,BR
Jesuítas,-24.385,-53.3875,BR
Jesúpolis,-15.95139,-49.37389,BR
Jijoca de Jericoacoara,-2.895,-40.44917,BR
João Costa,-8.49013,-42.41742,BR
Joca Marques,-3.49785,-42.43282,BR
Jordão,-9.43417,-71.88389,BR
José Gonçalves de Minas,-16.90694,-42.60361,BR
Juara,-11.255,-57.51972,BR
Jucuruçu,-16.84278,-40.15889,BR
Juína,-11.42047,-58.75488,BR
Juruena,-10.31806,-58.35889,BR
Juscimeira,-16.05056,-54.88444,BR
Juvenília,-14.2625,-44.16028,BR
Lafaiete Coutinho,-13.65583,-40.2125,BR
Lago Verde,-4.04167,-44.93333,BR
Lagoa Alegre,-4.51556,-42.62472,BR
Lagoa Bonita do Sul,-29.49,-53.01333,BR
Lagoa d'Anta,-6.39111,-35.59833,BR
Lagoa de Dentro,-6.67333,-35.37889,BR
Lagoa do Mato,-6.04667,-43.52611,BR
Lagoa do Piauí,-5.415,-42.64333,BR
Lago dos Rodrigues,-4.61304,-44.98009,BR
Lagoa dos Três Cantos,-28.57083,-52.85778,BR
Lagoa Grande,-17.83528,-46.51444,BR
Lajeado do Bugre,-27.68944,-53.18167,BR
Lajeado Novo,-6.18861,-47.03528,BR
Lambari d'Oeste,-15.32333,-58.00361,BR
Laranjal do Jari,-0.826,-52.506,BR
Lauro de Freitas,-12.89444,-38.32722,BR
Lavandeira,-12.78861,-46.50611,BR
Leoberto Leal,-27.50694,-49.28694,BR
Lidianópolis,-24.10944,-51.6525,BR
Lima Campos,-4.51667,-44.46667,BR
Limeira do Oeste,-19.55111,-50.58056,BR
Lindoeste,-25.26,-53.57611,BR
Lindóia do Sul,-27.05333,-52.06667,BR
Lindolfo Collor,-29.59694,-51.20944,BR
Linha Nova,-29.4675,-51.20083,BR
Luzinópolis,-6.18222,-47.85611,BR
Machadinho d'Oeste,-9.44389,-61.98139,BR
Mãe do Rio,-2.04639,-47.55056,BR
Magalhães Barata,-0.79389,-47.59861,BR
Mampituba,-29.21139,-49.93472,BR
Manfrinópolis,-26.14444,-53.31083,BR
Manoel Vitorino,-14.1476,-40.24142,BR
Mara Rosa,-14.01639,-49.17722,BR
Maraã,-1.85302,-65.57426,BR
Marajá do Sena,-4.62364,-45.45201,BR
Maranhãozinho,-2.24313,-45.85714,BR
Marcelândia,-11.08944,-54.45056,BR
Marcionílio Souza,-13.00306,-40.53056,BR
Mariano Moro,-27.35389,-52.14722,BR
Mário Campos,-20.05639,-44.18833,BR
Marituba,-1.35528,-48.34194,BR
Mateiros,-10.5475,-46.42111,BR
Mathias Lobato,-18.57775,-41.90885,BR
Mato Castelhano,-28.27833,-52.19167,BR
Mato Queimado,-28.2575,-54.615,BR
Mato Rico,-24.70528,-52.14611,BR
Matões do Norte,-3.63222,-44.55583,BR
Matrinchã,-15.44361,-50.74611,BR
Matupá,-10.16931,-54.93439,BR
Mauá da Serra,-23.90139,-51.22944,BR
Maurilândia,-17.97083,-50.33861,BR
Medicilândia,-3.44611,-52.88889,BR
Mesópolis,-19.96639,-50.63806,BR
Messias Targino,-6.07889,-37.51389,BR
Milagres do Maranhão,-3.58139,-42.60944,BR
Minaçu,-13.53306,-48.22,BR
Ministro Andreazza,-11.07417,-61.51694,BR
Mirante da Serra,-11.02972,-62.675,BR
Miraselva,-22.96611,-51.48472,BR
Miravânia,-14.74111,-44.40361,BR
Missal,-25.09194,-54.2475,BR
Montadas,-7.08871,-35.95648,BR
Montalvânia,-14.42278,-44.36556,BR
Monte Alegre dos Campos,-28.68306,-50.78278,BR
Monte-Carlo,-27.22278,-50.97972,BR
Monte das Gameleiras,-6.43976,-35.78676,BR
Monte Negro,-10.29444,-63.32528,BR
Monte Verde,-22.86417,-46.035,BR
Montes Claros de Goiás,-16.00778,-51.39667,BR
Morrinhos do Sul,-29.365,-49.93472,BR
Morro Agudo de Goiás,-15.32083,-50.05667,BR
Morro Grande,-28.80056,-49.72083,BR
Morro Redondo,-31.58833,-52.63194,BR
Mucajaí,2.43986,-60.91146,BR
Mojuí dos Campos,-2.68333,-54.64278,BR
Mundo Novo,-13.77611,-50.28111,BR
Natalândia,-16.50417,-46.49333,BR
Nicolau Vergueiro,-28.53583,-52.46417,BR
Nina Rodrigues,-3.46611,-43.905,BR
Ninheira,-15.32111,-41.75361,BR
Normandia,3.88111,-59.62278,BR
Nossa Senhora Aparecida,-10.4425,-37.48917,BR
Nova Alvorada do Sul,-21.46583,-54.38389,BR
Nova Andradina,-22.23333,-53.34306,BR
Nova Bandeirantes,-9.84972,-57.81056,BR
Nova Belém,-18.475,-41.01667,BR
Nova Boa Vista,-27.99417,-52.97889,BR
Nova Brasilândia,-14.95694,-54.96556,BR
Nova Campina,-24.12083,-48.90361,BR
Nova Canaã do Norte,-10.63778,-55.70911,BR
Nova Canaã Paulista,-20.38583,-50.94917,BR
Nova Cantu,-24.67306,-52.56944,BR
Nova Colinas,-7.11988,-46.2623,BR
Nova Crixás,-14.09861,-50.32667,BR
Nova Erechim,-26.9025,-52.90583,BR
Nova Esperança do Piriá,-2.26778,-46.9675,BR
Nova Esperança do Sudoeste,-25.90722,-53.2625,BR
Nova Glória,-15.14306,-49.57111,BR
Nova Guarita,-10.31306,-55.40833,BR
Nova Iguaçu de Goiás,-14.28778,-49.3875,BR
Nova Ipixuna,-4.92111,-49.07694,BR
Nova Itaberaba,-26.93972,-52.81222,BR
Nova Lacerda,-14.47611,-59.60861,BR
Nova Mamoré,-10.40194,-65.32667,BR
Nova Maringá,-13.02583,-57.07389,BR
Nova Monte Verde,-9.98222,-57.53472,BR
Nova Mutum,-13.82889,-56.08222,BR
Nova Olímpia,-23.47194,-53.08861,BR
Nova Olinda do Maranhão,-2.80966,-45.70295,BR
Nova Porteirinha,-15.8025,-43.30056,BR
Nova Prata do Iguaçu,-25.6325,-53.34667,BR
Nova Santa Rita,-8.07429,-42.05014,BR
Nova Tebas,-24.43806,-51.94528,BR
Nova União,-10.90417,-62.56111,BR
Novo Acordo,-9.96278,-47.67722,BR
Novo Alegre,-12.93111,-46.57361,BR
Novo Gama,-16.05917,-48.03944,BR
Novo Horizonte,-26.44444,-52.83361,BR
Novo Horizonte,-12.80833,-42.16778,BR
Novo Horizonte do Norte,-11.41333,-57.35194,BR
Novo Horizonte do Sul,-22.67222,-53.86056,BR
Novo Itacolomi,-23.76389,-51.50694,BR
Novo Machado,-27.57361,-54.50528,BR
Novo Mundo,-9.95028,-55.19833,BR
Novo Oriente de Minas,-17.41528,-41.21528,BR
Novo Planalto,-13.24444,-49.50389,BR
Novo Progresso,-7.14778,-55.38111,BR
Novo Repartimento,-4.33056,-49.79639,BR
Novo Santo Antônio,-5.28833,-41.93333,BR
Novo São Joaquim,-14.90583,-53.01833,BR
Novo Tiradentes,-27.5625,-53.18194,BR
Novorizonte,-16.01722,-42.40778,BR
Olho d'Água do Piauí,-5.84139,-42.575,BR
Olinda Nova do Maranhão,-2.99806,-44.99694,BR
Oliveira de Fátima,-10.70778,-48.90667,BR
Onça de Pitangui,-19.73028,-44.80722,BR
Ourilândia do Norte,-6.75472,-51.08389,BR
Ouro Verde de Goiás,-16.22028,-49.19333,BR
Ouroeste,-20.00056,-50.37222,BR
Pacajá,-3.83778,-50.6375,BR
Pacaraima,4.43139,-61.14639,BR
Paço do Lumiar,-2.53222,-44.1075,BR
Padre Carvalho,-16.36444,-42.51528,BR
Pai Pedro,-15.51667,-43.06528,BR
Paial,-27.25222,-52.49806,BR
Palestina de Goiás,-16.73333,-51.5325,BR
Palestina do Pará,-5.74167,-48.31694,BR
Palma Sola,-26.3475,-53.27833,BR
Palmeirândia,-2.64528,-44.895,BR
Paraná,-6.48639,-38.31306,BR
Paranaiguara,-18.91583,-50.65389,BR
Paranaíta,-9.66472,-56.47667,BR
Paranatinga,-14.43167,-54.05111,BR
Parauapebas,-6.0675,-49.90222,BR
Passa e Fica,-6.43556,-35.64333,BR
Passa Sete,-29.45333,-52.96139,BR
Passagem Franca do Piauí,-5.85833,-42.43972,BR
Passo de Torres,-29.32111,-49.72429,BR
Patos do Piauí,-7.67863,-41.24522,BR
Pau d'Arco,-7.83306,-50.04444,BR
Pedra Branca do Amapari,0.77806,-51.94361,BR
Pedra Preta,-16.62306,-54.47389,BR
Pedro Canário,-18.03028,-40.15056,BR
Pedro do Rosário,-2.97236,-45.35126,BR
Pedro Laurentino,-8.06833,-42.285,BR
Peixoto de Azevedo,-10.22306,-54.97972,BR
Peritiba,-27.37306,-51.90389,BR
Perolândia,-17.52861,-52.06417,BR
Petrolândia,-27.53528,-49.69806,BR
Petrolândia,-8.97917,-38.21944,BR
Piçarra,-6.43806,-48.87167,BR
Pilõezinhos,-6.84319,-35.52982,BR
Pinhais,-25.44472,-49.1925,BR
Pinhal,-27.51083,-53.215,BR
Pinhal de São Bento,-26.03028,-53.48306,BR
Pinheirinho do Vale,-27.20972,-53.61194,BR
Pinheiros,-18.37028,-40.21333,BR
Pintópolis,-16.05889,-45.15556,BR
Placas,-3.86778,-54.22,BR
Planaltino,-13.25889,-40.36889,BR
Planalto,-25.71611,-53.76611,BR
Planalto,-14.66972,-40.47111,BR
Planalto Alegre,-27.07028,-52.86556,BR
Poço de José de Moura,-6.575,-38.51194,BR
Ponte Branca,-16.76417,-52.83333,BR
Ponte Preta,-27.65389,-52.48806,BR
Ponto Belo,-18.12361,-40.54111,BR
Ponto Chique,-16.63056,-45.06556,BR
Ponto dos Volantes,-16.75278,-41.50417,BR
Porteirão,-17.81528,-50.16361,BR
Portelândia,-17.35361,-52.67861,BR
Porto Alegre do Norte,-10.87694,-51.6325,BR
Porto Barreiro,-25.54722,-52.40833,BR
Porto Rico do Maranhão,-1.85972,-44.58598,BR
Porto Vera Cruz,-27.73611,-54.90056,BR
Portuário do Igarapé da Fortaleza,0.05083,-51.12639,BR
Potim,-22.84278,-45.25139,BR
Pracuúba,1.74333,-50.79139,BR
Prado Ferreira,-23.03944,-51.44222,BR
Praia Norte,-5.39306,-47.81111,BR
Presidente Castelo Branco,-27.22306,-51.80722,BR
Presidente Jânio Quadros,-14.68944,-41.67833,BR
Presidente Juscelino,-2.9275,-44.065,BR
Presidente Kennedy,-21.09889,-41.04667,BR
Presidente Lucena,-29.51944,-51.17806,BR
Presidente Médici,-2.38667,-45.81972,BR
Presidente Nereu,-27.27722,-49.39028,BR
Presidente Sarney,-2.59139,-45.36417,BR
Presidente Vargas,-3.40694,-44.02389,BR
Primavera de Rondônia,-11.81694,-61.32278,BR
Princesa,-26.44194,-53.59833,BR
Professor Jamil,-17.24861,-49.24167,BR
Quarto Centenário,-24.27944,-53.07639,BR
Querência,-12.59694,-52.19972,BR
Quitandinha,-25.8725,-49.49778,BR
Quixabeira,-11.41167,-40.12833,BR
Rafael Godeiro,-6.07556,-37.71667,BR
Ramilândia,-25.12028,-54.02528,BR
Rancho Alegre d'Oeste,-24.30667,-52.95444,BR
Raposa,-2.42306,-44.10333,BR
Redenção,-8.02861,-50.03139,BR
Riachão,-6.54333,-35.62889,BR
Riachão do Poço,-7.15222,-35.26389,BR
Riachinho,-16.23,-45.99167,BR
Ribamar Fiquene,-5.93028,-47.38444,BR
Ribeirão Cascalheira,-12.94167,-51.82417,BR
Ribeirão do Sul,-22.78417,-49.93361,BR
Santo Anastácio,-21.97583,-51.65139,BR
Ribeirão Grande,-24.09917,-48.36528,BR
Rio Branco,-15.24083,-58.11556,BR
Rio Branco do Ivaí,-24.32417,-51.3125,BR
Rio Maria,-7.31056,-50.04833,BR
Rio Preto da Eva,-2.69795,-59.70172,BR
Rio Quente,-17.77417,-48.7725,BR
Riqueza,-27.06694,-53.32167,BR
Rolim de Moura,-11.80361,-61.80333,BR
Rondon do Pará,-4.77611,-48.06722,BR
Rorainópolis,0.94611,-60.41806,BR
Rosana,-22.57972,-53.05917,BR
Rurópolis,-4.09556,-54.91028,BR
Sagrada Família,-27.70694,-53.13556,BR
Saltinho,-26.60917,-53.05611,BR
Salto do Céu,-15.12972,-58.12667,BR
Salto do Jacuí,-29.08833,-53.2125,BR
Salto do Lontra,-25.78389,-53.30861,BR
Salvador das Missões,-28.12639,-54.83528,BR
Sanclerlândia,-16.1975,-50.31444,BR
Santa Bárbara do Pará,-1.22361,-48.29444,BR
Santa Bárbara do Tugúrio,-21.24611,-43.55944,BR
Santa Cecília,-7.73944,-35.87944,BR
Santa Cruz de Minas,-21.11972,-44.22333,BR
Santa Cruz Do Xingu,-10.15556,-52.39444,BR
Santa Fé de Goiás,-15.76917,-51.10556,BR
Santa Helena,-26.9375,-53.61917,BR
Santa Isabel,-15.29806,-49.42667,BR
Santa Izabel do Oeste,-25.82111,-53.48444,BR
Santa Lúcia,-25.40694,-53.56583,BR
Santa Luz,-8.95389,-44.12944,BR
Santa Luzia,-15.42944,-39.33417,BR
Santa Luzia,-3.96333,-45.65833,BR
Santa Luzia do Pará,-1.52361,-46.8975,BR
Santa Luzia d'Oeste,-11.90806,-61.77889,BR
Santa Maria de Jetibá,-20.02745,-40.74336,BR
Santa Maria do Cambucá,-7.82917,-35.88056,BR
Santa Maria do Oeste,-24.93946,-51.87072,BR
Santa Maria do Tocantins,-8.79694,-47.79472,BR
Santa Mônica,-23.10833,-53.10861,BR
Santa Rita do Novo Destino,-15.13528,-49.12028,BR
Santa Rosa da Serra,-19.52972,-45.96639,BR
Santa Rosa de Goiás,-16.085,-49.49361,BR
Santa Rosa de Lima,-28.03917,-49.12778,BR
Santa Rosa do Sul,-29.13611,-49.7,BR
Santa Salete,-20.24472,-50.68833,BR
Santa Terezinha,-26.77861,-50.00806,BR
Santa Terezinha,-7.37778,-37.48,BR
Santa Terezinha de Itaipu,-25.43998,-54.40161,BR
Santa Terezinha do Progresso,-26.61889,-53.20167,BR
Santana do Araguaia,-9.335,-50.35,BR
Santana do Maranhão,-3.11611,-42.41167,BR
Santana do Piauí,-6.94778,-41.51861,BR
Santana do São Francisco,-10.29111,-36.60806,BR
Santiago do Sul,-26.63944,-52.68472,BR
Santo Antônio da Barra,-17.56139,-50.63417,BR
Santo Antônio de Goiás,-16.48361,-49.31111,BR
Santo Antônio do Aracanguá,-20.93667,-50.49556,BR
Santo Antônio do Descoberto,-15.93972,-48.255,BR
Santo Antônio do Palma,-28.49694,-52.02472,BR
Santo Antônio do Planalto,-28.39611,-52.69111,BR
Santo Antônio dos Milagres,-6.04694,-42.70972,BR
Santo Expedito do Sul,-27.90833,-51.64472,BR
Santópolis do Aguapeí,-21.6375,-50.50028,BR
São Bernardino,-26.47,-52.96444,BR
São Cristovão do Sul,-27.26667,-50.44056,BR
Vale de São Domingos,-15.29781,-59.067,BR
São Domingos,-11.46556,-39.52611,BR
São Domingos das Dores,-19.52694,-42.01139,BR
São Domingos do Araguaia,-5.53778,-48.73333,BR
São Domingos do Cariri,-7.63611,-36.43278,BR
São Felipe d'Oeste,-11.9025,-61.50222,BR
São Félix do Araguaia,-11.61722,-50.66944,BR
São Félix do Coribe,-13.40056,-44.19472,BR
São Francisco,-20.35917,-50.69667,BR
São Francisco de Assis do Piauí,-8.23778,-41.68611,BR
São Francisco de Itabapoana,-21.30194,-40.96139,BR
São Francisco do Brejão,-5.12278,-47.38583,BR
São Francisco do Guaporé,-12.05222,-63.5675,BR
São Francisco do Oeste,-5.975,-38.15167,BR
São Francisco do Pará,-1.16944,-47.79528,BR
São Gabriel do Oeste,-19.39528,-54.56639,BR
São Gonçalo do Gurguéia,-10.03028,-45.30278,BR
São João da Fronteira,-3.95556,-41.2575,BR
São João da Paraúna,-16.81472,-50.41,BR
São João do Carú,-3.55444,-46.25583,BR
São João do Itaperiú,-26.61778,-48.76806,BR
São João do Paraíso,-6.46111,-47.0575,BR
São João do Polêsine,-29.61389,-53.44556,BR
São João do Soter,-5.11389,-43.81,BR
São Jorge do Patrocínio,-23.76194,-53.87889,BR
São José das Palmeiras,-24.8375,-54.06361,BR
São José do Brejo do Cruz,-6.21278,-37.35222,BR
São José do Povo,-16.465,-54.25472,BR
São José do Rio Claro,-13.44667,-56.72139,BR
São José do Xingu,-10.80444,-52.74417,BR
São José dos Quatro Marcos,-15.62139,-58.17639,BR
São Ludgero,-28.32583,-49.17667,BR
São Luís Gonzaga do Maranhão,-4.3788,-44.67112,BR
São Luiz,1.01039,-60.04286,BR
São Luiz do Norte,-14.8625,-49.32944,BR
São Mateus,-23.60583,-46.47889,BR
São Miguel da Boa Vista,-26.69028,-53.25139,BR
São Miguel do Aleixo,-10.38806,-37.38111,BR
São Miguel do Guaporé,-11.69361,-62.71139,BR
São Patrício,-15.35028,-49.81778,BR
São Paulo das Missões,-28.02139,-54.93611,BR
São Pedro das Missões,-27.77167,-53.255,BR
São Pedro da Água Branca,-5.085,-48.42917,BR
São Pedro da Serra,-29.42111,-51.51333,BR
São Pedro do Butiá,-28.12444,-54.88722,BR
São Pedro do Iguaçu,-24.93556,-53.85528,BR
São Pedro do Paraná,-22.82389,-53.22,BR
São Pedro dos Crentes,-6.82639,-46.53194,BR
São Raimundo do Doca Bezerra,-5.10472,-45.07722,BR
São Roberto,-5.02111,-44.99083,BR
São Roque de Minas,-20.24528,-46.36583,BR
São Sebastião do Oeste,-20.27556,-45.005,BR
São Valério do Sul,-27.78722,-53.93694,BR
Sapopemba,-23.59556,-46.52472,BR
Sapucaia,-6.94722,-49.68222,BR
Saudade do Iguaçu,-25.69444,-52.61889,BR
Sebastião Barros,-10.81722,-44.83389,BR
Sebastião Laranjeiras,-14.57306,-42.94028,BR
Segredo,-29.34139,-52.97917,BR
Selvíria,-20.36722,-51.41889,BR
Senador Alexandre Costa,-5.25639,-44.05556,BR
Senador Elói de Souza,-6.03556,-35.69278,BR
Senador Georgino Avelino,-6.16278,-35.1225,BR
Senador La Rocque,-5.4425,-47.29083,BR
Sento Sé,-9.74583,-41.88528,BR
Seringueiras,-11.79806,-63.03111,BR
Serra Alta,-26.72917,-53.04222,BR
Serra do Mel,-5.17,-37.02944,BR
Serrano do Maranhão,-1.85639,-45.1225,BR
Serranópolis do Iguaçu,-25.38,-54.05167,BR
Sertãozinho,-6.75139,-35.44222,BR
Sete Quedas,-23.97028,-55.03556,BR
Simões Filho,-12.78444,-38.40389,BR
Simolândia,-14.47361,-46.48333,BR
Sinop,-11.86417,-55.5025,BR
Sítio Novo,-5.87806,-46.69917,BR
Sítio Novo do Tocantins,-5.6,-47.64139,BR
Sobrado,-7.14528,-35.23639,BR
Sonora,-17.57694,-54.75778,BR
Sooretama,-19.19694,-40.09778,BR
Sorriso,-12.54528,-55.71139,BR
Souto Soares,-12.08861,-41.63778,BR
Sucupira do Riachão,-6.41111,-43.54611,BR
Sul Brasil,-26.73611,-52.96472,BR
Suzanápolis,-20.50139,-51.02472,BR
Tailândia,-2.94722,-48.95306,BR
Talismã,-12.795,-49.0925,BR
Tamboril do Piauí,-8.4,-42.91361,BR
Tangará da Serra,-14.61944,-57.48583,BR
Tanque do Piauí,-6.6,-42.28222,BR
Tapira,-23.32278,-53.06806,BR
Taquarussu,-22.48778,-53.35139,BR
Tasso Fragoso,-8.47528,-45.74278,BR
Teixeira de Freitas,-17.535,-39.74194,BR
Telha,-10.20833,-36.88389,BR
Tenente Laurentino Cruz,-6.14806,-36.71917,BR
Teodoro Sampaio,-12.30353,-38.64069,BR
Terra Nova do Norte,-10.51694,-55.23083,BR
Tigrinhos,-26.68778,-53.15806,BR
Timbó Grande,-26.615,-50.67417,BR
Tio Hugo,-28.57972,-52.59917,BR
Trairão,-4.57444,-55.94361,BR
Travesseiro,-29.29417,-52.05528,BR
Três Forquilhas,-29.53694,-50.06444,BR
Três Marias,-18.20639,-45.24167,BR
Três Palmeiras,-27.61472,-52.84361,BR
Triunfo Potiguar,-5.86694,-37.18861,BR
Trizidela do Vale,-4.57194,-44.62083,BR
Tucumã,-6.7475,-51.16111,BR
Tunápolis,-26.96889,-53.63917,BR
Tunas do Paraná,-24.97444,-49.08583,BR
Tupanci do Sul,-27.92528,-51.53639,BR
Tupãssi,-24.58778,-53.51167,BR
Turuçu,-31.42167,-52.17833,BR
Turvelândia,-17.85278,-50.30222,BR
Ubiratã,-24.54528,-52.98778,BR
Uiramutã,4.59556,-60.16778,BR
Uirapuru,-14.285,-49.92167,BR
Ulianópolis,-3.74194,-47.49472,BR
União da Serra,-28.79528,-52.03694,BR
União do Oeste,-26.76111,-52.85528,BR
União do Sul,-11.53306,-54.35333,BR
Uruana de Minas,-16.06417,-46.25417,BR
Uruará,-3.7175,-53.73667,BR
Vale Real,-29.39833,-51.25361,BR
Valparaíso de Goiás,-16.06583,-47.97861,BR
Vanini,-28.47833,-51.845,BR
Vargeão,-26.86361,-52.155,BR
Vargem,-27.48917,-50.975,BR
Vargem Bonita,-27.00667,-51.74,BR
Vargem Grande do Rio Pardo,-15.40278,-42.3075,BR
Vargem Grande Paulista,-23.60333,-47.02639,BR
Varjão de Minas,-18.37778,-46.03167,BR
Venha-Ver,-6.32639,-38.48417,BR
Vera,-12.30583,-55.31694,BR
Vera Cruz do Oeste,-25.05778,-53.87694,BR
Verdelândia,-15.58917,-43.60278,BR
Vereda,-17.2225,-40.085,BR
Vertente do Lério,-7.77139,-35.85,BR
Vicentina,-22.40917,-54.43556,BR
Vicentinópolis,-17.735,-49.805,BR
Vieirópolis,-6.54417,-38.27778,BR
Vila Boa,-15.03833,-47.05944,BR
Vila Lângaro,-28.10722,-52.14417,BR
Vila Nova do Piauí,-7.13556,-40.94,BR
Vila Nova do Sul,-30.34389,-53.88278,BR
Vila Pavão,-18.615,-40.61139,BR
Vila Propício,-15.45694,-48.88861,BR
Vila Rica,-10.01167,-51.11639,BR
Vila Valério,-18.99778,-40.38917,BR
Vista Alegre,-27.36694,-53.49028,BR
Vista Serrana,-6.73833,-37.56667,BR
Vitória das Missões,-28.35111,-54.49639,BR
Vitória do Jari,-0.80668,-52.45322,BR
Vitória do Xingu,-2.88,-52.01,BR
Wall Ferraz,-7.23278,-41.91,BR
Xangri-lá,-29.80083,-50.04361,BR
Novo Xingu,-27.74667,-53.05722,BR
Xinguara,-7.09829,-49.9435,BR
Zé Doca,-3.27472,-45.65833,BR
Zortéa,-27.45139,-51.55528,BR
Salvador do Sul,-29.43833,-51.51139,BR
Terra Roxa,-24.15667,-54.09694,BR
Ipiranga do Sul,-27.93667,-52.42639,BR
Taguatinga,-15.83326,-48.05506,BR
Barra da Tijuca,-22.99835,-43.36545,BR
Tatuapé,-23.53729,-46.5666,BR
Consolação,-23.55242,-46.65735,BR
Rocinha,-22.98887,-43.24934,BR
Vidigal,-22.99483,-43.23989,BR
Santo Cristo,-22.89865,-43.20133,BR
Gamboa,-22.89757,-43.19276,BR
Cidade Nova,-22.91164,-43.20049,BR
Estácio,-22.91817,-43.20397,BR
Catete,-22.92542,-43.18137,BR
Pirituba,-23.48982,-46.7322,BR
Limão,-23.49283,-46.66916,BR
Vila Galvão,-23.4717,-46.57923,BR
Jardim Paulista,-23.56675,-46.66439,BR
Dona Emma,-26.98664,-49.72262,BR
Vitor Meireles,-26.88217,-49.83486,BR
Santa Teresa,-22.91769,-43.18812,BR
Itacorubi,-27.58315,-48.49503,BR
Corrego Grande,-27.60141,-48.50593,BR
Santa Monica,-27.59137,-48.50756,BR
Carvoeira,-27.59898,-48.52618,BR
Trindade,-27.58612,-48.52335,BR
Morro da Cruz,-27.5849,-48.53562,BR
Saco dos Limoes,-27.60864,-48.53605,BR
Pantanal,-27.60985,-48.51648,BR
Costeira do Pirajubae,-27.63586,-48.5212,BR
Carianos,-27.66088,-48.54318,BR
Tapera,-27.68528,-48.55124,BR
Freguesia do Ribeirao da Ilha,-27.71773,-48.56266,BR
Instituto de Biociências,-23.56444,-46.7299,BR
Saúde,-22.89755,-43.18472,BR
São Manoel do Paraná,-23.39567,-52.64664,BR
Olho d’Água das Cunhãs,-4.13873,-45.11881,BR
Teotônio Vilela,-9.90971,-36.35611,BR
Sigefredo Pacheco,-4.91408,-41.73194,BR
Lagoa do Barro do Piauí,-8.48473,-41.53307,BR
Júlio Borges,-10.32739,-44.23939,BR
Dirceu Arcoverde,-9.34251,-42.43425,BR
Nova Redenção,-12.81715,-41.07077,BR
Muquém do São Francisco,-12.06597,-43.54934,BR
Mirassol d'Oeste,-15.67572,-58.09021,BR
União de Minas,-19.5288,-50.3342,BR
Gouvelândia,-18.44011,-50.13504,BR
Figueirão,-18.67863,-53.63794,BR
Urupá,-11.12607,-62.37209,BR
Terezópolis de Goias,-16.48115,-49.09206,BR
Brasilândia de Minas,-17.01037,-46.00851,BR
Bom Sucesso de Itararé,-24.31864,-49.14375,BR
Água Fria de Goiás,-14.97935,-47.78232,BR
Montividiu do Norte,-13.34922,-48.68817,BR
Novo Santo Antônio,-12.29126,-50.96819,BR
Novo Horizonte do Oeste,-11.70956,-61.99975,BR
Santana,-23.49032,-46.6387,BR
Alta Floresta d'Oeste,-11.92908,-61.99372,BR
Pontal do Araguaia,-15.90737,-52.25696,BR
Governador Edison Lobão,-5.74507,-47.36395,BR
Vila Santa Maria,-2.38021,-56.98966,BR
Brasil Novo,-3.30708,-52.53863,BR
Ressaca do Muca,0.00896,-51.08045,BR
Ressaca Nova Esperança,0.02807,-51.08051,BR
Ressaca Beirol,0.01219,-51.06697,BR
Ressaca Pacoval,0.05362,-51.06192,BR
Araxá,0.0,-51.06204,BR
Lago da Vaca,0.08927,-51.05638,BR
Pôr do Sol,-15.85502,-48.12433,BR
Varjão,-15.70994,-47.87736,BR
Fercal,-15.59135,-47.8828,BR
Atins,-2.57017,-42.74229,BR
Residencia Moacir PU5BHV,-26.90967,-49.36547,BR
Beira Rio,-12.25438,-42.75529,BR
Butia Inferior,-28.07115,-54.88533,BR
Nova Olina do Marnhao,-2.84206,-45.69789,BR
Itaim Bibi,-23.58581,-46.68241,BR
Vicente Pires,-15.81009,-48.03077,BR
Moema,-23.59521,-46.66449,BR
Livramento de Nossa Senhora,-13.64136,-41.84319,BR
Planaltina,-15.61791,-47.64874,BR
Luis Eduardo Magalhães,-12.09086,-45.78501,BR
Lagoa do Sal,-5.15052,-35.5397,BR
Sapezal,-13.54209,-58.82011,BR
Extrema,-9.77136,-66.35583,BR
Paraíso,-23.57563,-46.6507,BR
Grajaú,-23.76979,-46.67112,BR
Tremembé,-23.45852,-46.62683,BR
Artur Alvim,-23.54015,-46.48581,BR
Anhanguera,-23.43088,-46.79295,BR
Cidade Dutra,-23.72576,-46.7024,BR
Capao Redondo,-23.66877,-46.78051,BR
Casa Verde,-23.50099,-46.65744,BR
Iguatemi,-23.61277,-46.42667,BR
Sao Lucas,-23.59468,-46.54359,BR
Socorro,-23.68528,-46.71372,BR
Rio Pequeno,-23.57139,-46.75887,BR
Carrao,-23.55108,-46.53829,BR
Agua Rasa,-23.56684,-46.57188,BR
Alto De Pinheiros,-23.54761,-46.71196,BR
Cidade Lider,-23.56202,-46.4913,BR
Aricanduva,-23.57381,-46.51561,BR
Jaçanã,-23.46013,-46.5749,BR
Jaguara,-23.51103,-46.74713,BR
Lajeado,-23.53361,-46.40866,BR
Jabaquara,-23.65055,-46.64591,BR
Jose Bonifacio,-23.56742,-46.43264,BR
Cidade Ademar,-23.67379,-46.65681,BR
Barra Funda,-23.5212,-46.67409,BR
Belem,-23.5376,-46.59482,BR
Brasilandia,-23.44859,-46.68839,BR
Butanta,-23.5702,-46.72628,BR
Campo Grande,-23.67463,-46.68751,BR
Cangaiba,-23.49696,-46.52045,BR
Cambuci,-23.56439,-46.61695,BR
Campo Belo,-23.62808,-46.66791,BR
Cursino,-23.63143,-46.62072,BR
Mooca,-23.56135,-46.59641,BR
Vila Prudente,-23.59255,-46.57278,BR
Morumbi,-23.59632,-46.70802,BR
Pedreira,-23.70675,-46.64982,BR
Mandaqui,-23.45947,-46.64086,BR
Cachoeirinha,-23.45442,-46.66209,BR
Jardim Angela,-23.71636,-46.76872,BR
Pari,-23.52719,-46.61751,BR
Vila Formosa,-23.56786,-46.54599,BR
Vila Guilherme,-23.50918,-46.60577,BR
Vila Jacui,-23.50262,-46.46156,BR
Vila Matilde,-23.53936,-46.51788,BR
Vila Medeiros,-23.48874,-46.57762,BR
Santa Cecilia,-23.5318,-46.65288,BR
Parque Do Carmo,-23.57595,-46.46298,BR
Perdizes,-23.53872,-46.68093,BR
Ponte Rasa,-23.51567,-46.49373,BR
Raposo Tavares,-23.59245,-46.78561,BR
Sao Domingos,-23.49337,-46.74761,BR
Se,-23.54771,-46.63145,BR
Vila Leopoldina,-23.52927,-46.73437,BR
Jaguare,-23.54382,-46.74871,BR
Cidade Tiradentes,-23.58481,-46.40084,BR
Bela Vista,-23.56086,-46.64758,BR
Jardim Helena,-23.4837,-46.41309,BR
Jardim Sao Luis,-23.68073,-46.7394,BR
Republica,-23.54476,-46.64105,BR
Sacomã,-23.63083,-46.59817,BR
Sao Rafael,-23.62821,-46.45395,BR
Vila Andrade,-23.62623,-46.72828,BR
Vila Curuca,-23.51,-46.41566,BR
São Pedro,-22.42313,-42.96612,BR
Serra Nova Dourada,-12.09075,-51.40021,BR
Pingo-d'Água,-19.72805,-42.41136,BR
Bosque Saúde,-23.60926,-46.62304,BR
Bairro da Penha,-23.3684,-46.31102,BR
Bairro Parque Nossa Senhora do Carmo,-23.40598,-46.31611,BR
Candangolândia,-15.85205,-47.94729,BR
Sudoeste/Octagonal,-15.80152,-47.92706,BR
Lago Sul,-15.84577,-47.88369,BR
Setor de Indústria e Abastecimiento,-15.80684,-47.95792,BR
Itapoã,-15.74937,-47.7686,BR
Lago Norte,-15.73948,-47.85686,BR
Jardim Botânico,-15.86527,-47.81477,BR
Sobradinho II,-15.63361,-47.83478,BR
Santa Maria,-16.03095,-48.02929,BR
Riacho Fundo II,-15.8981,-48.04671,BR
Riacho Fundo,-15.88378,-48.01634,BR
Samambaia,-15.88231,-48.10428,BR
Águas Claras,-15.83969,-48.02675,BR
Setor Complementar de Indústria e Abastecimento,-15.78218,-47.98819,BR
Park Way,-15.90852,-47.94053,BR
Cruzeiro,-15.7907,-47.93711,BR
Flexeiras,-10.33231,-36.31384,BR
Imbé,-29.93314,-50.1063,BR
Boqueirão,-5.22744,-35.54096,BR
Zabelê,-5.37405,-35.73825,BR
Vila Assis,-5.23783,-35.58586,BR
Casserengue,-6.7816,-35.81826,BR
Damião,-6.63167,-35.9049,BR
Pedro Régis,-6.63952,-35.27607,BR
Caldas Brandão,-7.16926,-35.34326,BR
Jundiá,-6.27012,-35.32723,BR
Logradouro,-6.61656,-35.44013,BR
Riachão,-6.54085,-35.66095,BR
Punaú,-5.35184,-35.42204,BR
São Francisco do Oeste,-5.99928,-38.17077,BR
Rolim de Moura,-11.7256,-61.77813,BR
Vila Nova dos Martírios,-5.18438,-48.13997,BR
Nova Ubiratã,-13.03287,-55.25487,BR
Vitória do Jari,-0.92641,-52.42399,BR
Boa Hora,-4.4052,-42.12267,BR
Pau d'Arco do Piauí,-5.25391,-42.38818,BR
Joselândia,-4.98753,-44.69534,BR
Apicum-Açu,-1.52823,-45.07862,BR
Junco do Maranhão,-1.87854,-46.07151,BR
Igarapé do Meio,-3.63945,-45.18894,BR
Centro Novo do Maranhão,-2.14092,-46.12387,BR
Turilândia,-2.22031,-45.30643,BR
Bom Jardim,-3.54281,-45.60852,BR
Santa Luzia do Paruá,-2.54389,-45.77546,BR
Amapá do Maranhão,-1.67629,-46.01338,BR
Tufilândia,-3.67333,-45.63548,BR
Centro do Guilherme,-2.45097,-46.03854,BR
Bela Vista do Maranhão,-3.74066,-45.25143,BR
Brejo de Areia,-4.3309,-45.58489,BR
Lagoa Grande do Maranhão,-4.99114,-45.38607,BR
Buriticupu,-4.32124,-46.45468,BR
Dom Eliseu,-4.29671,-47.55218,BR
Lago do Junco,-4.60587,-45.05433,BR
Satubinha,-4.03757,-45.23816,BR
Itingá do Pará,-4.43697,-47.53929,BR
Pacaraima,4.48174,-61.1401,BR
Alto Alegre,2.98948,-61.30895,BR
Davinópolis,-5.52587,-47.39101,BR
Novo Progresso,-7.04124,-55.41964,BR
Trairão,-4.70019,-55.99513,BR
Jordão,-9.19201,-71.9488,BR
Purupuru,-3.38447,-59.71665,BR
Colniza,-9.45533,-59.21848,BR
Juruena,-10.32997,-58.50233,BR
Rondolândia,-10.84204,-61.4608,BR
Acrelândia,-10.07387,-67.055,BR
Governador Jorge Teixeira,-10.61349,-62.73456,BR
Itapuã do Oeste,-9.18616,-63.18514,BR
Monte Negro,-10.26039,-63.29792,BR
Planalto da Serra,-14.66281,-54.77561,BR
Novo Horizonte do Norte,-11.39019,-57.31748,BR
Tabaporã,-11.30778,-56.81864,BR
Novo Mundo,-9.97571,-55.17757,BR
Boa Esperança do Norte,-13.50829,-55.15235,BR
Santa Carmem,-11.97457,-55.27881,BR
Terra Nova do Norte,-10.59733,-55.11675,BR
Ipiranga do Norte,-12.24074,-56.1525,BR
Tapurah,-12.73714,-56.5136,BR
Santa Rita do Trivelato,-13.81506,-55.27561,BR
Itaúba,-11.00781,-55.24224,BR
Guarantã do Norte,-9.95051,-54.90822,BR
Itanhangá,-12.23548,-56.64566,BR
Nova Monte Verde,-9.97969,-57.46739,BR
Novo Repartimento,-4.25036,-49.94629,BR
Breu Branco,-3.77517,-49.56913,BR
Bom Jesus do Araguaia,-12.17425,-51.50763,BR
Marcelândia,-11.08239,-54.51776,BR
Campinápolis,-14.54114,-52.79508,BR
Gaúcha do Norte,-13.17965,-53.25395,BR
Santo Antônio do Leste,-14.80151,-53.61026,BR
Chapadão do Céu,-18.3897,-52.67254,BR
Nova Nazaré,-13.99025,-51.79874,BR
Castelo dos Sonhos,-8.3168,-55.10001,BR
Apiacás,-9.5622,-57.39011,BR
Chapada de Areia,-10.14198,-49.17954,BR
Brasnorte,-12.1201,-58.00274,BR
São Domingos do Guaporé,-12.07522,-64.02692,BR
Corumbiara,-12.99851,-60.9431,BR
Campos de Júlio,-13.72454,-59.26034,BR
Ipiranga de Goiás,-15.17274,-49.67218,BR
São José do Jacuípe,-11.42316,-39.88503,BR
Nossa Senhora Aparecida,-10.39761,-37.4537,BR
Cidade Ocidental,-16.10971,-47.93261,BR
Gameleira de Goiás,-16.48742,-48.64568,BR
Angelândia,-17.72716,-42.27349,BR
Jaborandi,-13.62034,-44.46968,BR
São Francisco de Itabapoana,-21.47745,-41.10784,BR
São José da Lapa,-19.70027,-43.9602,BR
Nova Santa Bárbara,-23.59029,-50.761,BR
Rio Quente,-17.80856,-48.76069,BR
Nova Belém,-18.4928,-41.10405,BR
São José do Sul,-29.53857,-51.48468,BR
Westfália,-29.42839,-51.76604,BR
Eldorado do Sul,-29.99932,-51.30822,BR
Itapoá,-26.06955,-48.61737,BR
Capão do Cipó,-28.93428,-54.55564,BR
União da Serra,-28.75297,-52.01563,BR
Lagoa Santa,-19.18347,-51.39969,BR
Santa Margarida do Sul,-30.33969,-54.08157,BR
Bodoquena,-20.55114,-56.67576,BR
Alto Paraíso,-23.50778,-53.72832,BR
Rosário do Ivaí,-24.25568,-51.2493,BR
Alvorada do Gurguéia,-8.44839,-43.86661,BR
Coronel José Dias,-8.82613,-42.4788,BR
Reserva do Cabaçal,-15.12221,-58.38278,BR
Glória d'Oeste,-15.76852,-58.31013,BR
Conquista d'Oeste,-14.54118,-59.54122,BR
Orocó,-8.61563,-39.60035,BR
Buenos Aires,-7.72306,-35.3263,BR
Cubati,-6.86579,-36.35085,BR
Pilões,-6.87157,-35.61226,BR
Bozano,-28.36639,-53.77191,BR
Combinado,-12.81436,-46.54805,BR
Bonópolis,-13.65099,-49.83252,BR
Seringueiras,-11.77016,-63.03673,BR
Água Azul do Norte,-6.80673,-50.48421,BR
São Sebastião,-15.90287,-47.77613,BR
Recanto das Emas,-15.90864,-48.06447,BR
Campo Novo de Rondônia,-10.57091,-63.62018,BR
Machadinho d'Oeste,-9.42519,-61.99758,BR
Nova Brasilândia,-14.92985,-54.97358,BR
Vera,-12.28615,-55.29734,BR
Peixoto de Azevedo,-10.24391,-54.99178,BR
Campo Novo do Parecis,-13.6511,-57.89897,BR
Barra do Ouro,-7.7134,-47.67459,BR
Serra do Ramalho,-13.54232,-43.57968,BR
Pinhais,-25.41786,-49.17621,BR
Travesseiro,-29.31989,-52.06475,BR
Cruzmaltina,-23.99363,-51.44383,BR
Nova Lacerda,-14.47327,-59.58513,BR
Plano Piloto,-15.79411,-47.8825,BR
Yumbel,-37.0982,-72.56084,CL
Viña del Mar,-33.02457,-71.55183,CL
Villarrica,-39.28569,-72.2279,CL
Villa Alemana,-33.04823,-71.3729,CL
Villa Alegre,-35.67296,-71.7443,CL
Vilcún,-38.66875,-72.22565,CL
Vicuña,-30.03541,-70.71274,CL
Victoria,-38.23291,-72.33292,CL
Valparaíso,-33.036,-71.62963,CL
Vallenar,-28.57617,-70.75938,CL
Valdivia,-39.81422,-73.24589,CL
Tucapel,-37.29079,-71.94929,CL
Traiguén,-38.2496,-72.67027,CL
Tomé,-36.61756,-72.95593,CL
Tocopilla,-22.09198,-70.19792,CL
Tiltil,-33.0831,-70.92924,CL
Tierra Amarilla,-27.46633,-70.26255,CL
Teodoro Schmidt,-38.99442,-73.08927,CL
Teno,-34.87055,-71.16219,CL
Temuco,-38.73628,-72.59738,CL
Taltal,-25.40713,-70.48554,CL
Talcahuano,-36.72494,-73.11684,CL
Talca,-35.4232,-71.64974,CL
Talagante,-33.66386,-70.92734,CL
Sierra Gorda,-22.89061,-69.31959,CL
San Vicente de Tagua Tagua,-34.43859,-71.07751,CL
San Vicente,-34.43333,-71.08333,CL
Santiago,-33.45694,-70.64827,CL
Santa Juana,-37.1751,-72.9433,CL
Santa Cruz,-34.63881,-71.36576,CL
Santa Bárbara,-37.66824,-72.02252,CL
San Rafael,-35.30624,-71.51906,CL
San Pedro de Atacama,-22.9111,-68.20113,CL
San José de Maipo,-33.63912,-70.35318,CL
San Javier,-35.5952,-71.72924,CL
San Francisco de Mostazal,-33.98219,-70.7104,CL
San Felipe,-32.74976,-70.72584,CL
San Fabián de Alico,-36.51952,-71.58608,CL
San Esteban,-32.79871,-70.5807,CL
San Clemente,-35.53777,-71.487,CL
San Carlos,-36.42477,-71.958,CL
San Bernardo,-33.59217,-70.6996,CL
San Antonio,-33.59473,-71.60746,CL
Salamanca,-31.77922,-70.96389,CL
Sagrada Familia,-34.99919,-71.38424,CL
Río Bueno,-40.33494,-72.95564,CL
Rengo,-34.40639,-70.85834,CL
Renca,-33.4019,-70.70619,CL
Rauco,-34.92546,-71.31722,CL
Rancagua,-34.1691,-70.74053,CL
Quirihue,-36.27998,-72.54118,CL
Quintero,-32.78588,-71.53222,CL
Quilpué,-33.04752,-71.44249,CL
Quillota,-32.88341,-71.24882,CL
Quillón,-36.74553,-72.47481,CL
Quilicura,-33.36799,-70.71388,CL
Quilaco,-37.68371,-71.99948,CL
Puyehue,-40.65944,-72.60172,CL
Putre,-18.19821,-69.56071,CL
Putaendo,-32.62642,-70.7184,CL
Purranque,-40.91305,-73.15913,CL
Purén,-38.0334,-73.07145,CL
Punta Arenas,-53.16282,-70.90922,CL
Punitaqui,-30.83448,-71.2586,CL
Puerto Williams,-54.93355,-67.60963,CL
Puerto Varas,-41.31946,-72.98538,CL
Saavedra,-38.78702,-73.39713,CL
Quellón,-43.11819,-73.61661,CL
Puerto Natales,-51.72987,-72.50603,CL
Puerto Montt,-41.4693,-72.94237,CL
Puerto Cisnes,-44.74736,-72.69695,CL
Puerto Aysén,-45.40303,-72.69184,CL
Puente Alto,-33.61169,-70.57577,CL
Pucón,-39.28223,-71.95427,CL
Providencia,-33.43107,-70.60454,CL
Pozo Almonte,-20.25585,-69.7863,CL
Porvenir,-53.296,-70.36629,CL
Pitrufquén,-38.98635,-72.63721,CL
Pirque,-33.63638,-70.57361,CL
Pinto,-36.70356,-71.89226,CL
Pichilemu,-34.38333,-72.0,CL
Pica,-20.49128,-69.33118,CL
Penco,-36.74075,-72.99528,CL
Pencahue,-35.39346,-71.80054,CL
Peñalolén,-33.46836,-70.53411,CL
Peñaflor,-33.60627,-70.87649,CL
Pemuco,-36.97792,-72.09611,CL
Pelarco,-35.38442,-71.44508,CL
Parral,-36.14311,-71.82605,CL
Panquehue,-32.77143,-70.83614,CL
Panguipulli,-39.64355,-72.33269,CL
Palena,-43.61876,-71.80434,CL
Paine,-33.80796,-70.74109,CL
Paillaco,-40.06822,-72.87935,CL
Paiguano,-30.02884,-70.51708,CL
Padre Las Casas,-38.76081,-72.5982,CL
Padre Hurtado,-33.56839,-70.80584,CL
Ovalle,-30.60106,-71.19901,CL
Osorno,-40.57395,-73.13348,CL
María Elena,-22.34449,-69.66178,CL
Ñuñoa,-33.44735,-70.58279,CL
Nueva Imperial,-38.74451,-72.95025,CL
Ninhue,-36.39418,-72.3987,CL
Negrete,-37.58668,-72.52833,CL
Nancagua,-34.65187,-71.19724,CL
Nacimiento,-37.50253,-72.67307,CL
Mulchén,-37.71893,-72.24099,CL
Monte Patria,-30.69496,-70.9577,CL
Molina,-35.11428,-71.28232,CL
Melipilla,-33.68909,-71.21528,CL
Mejillones,-23.10003,-70.44703,CL
Maullín,-41.61778,-73.59833,CL
Maipú,-33.51421,-70.7651,CL
Machalí,-34.18082,-70.64933,CL
Lumaco,-38.16485,-72.90551,CL
Lota,-37.08994,-73.1577,CL
Los Vilos,-31.91292,-71.50045,CL
Los Sauces,-37.98119,-72.83393,CL
Los Ángeles,-37.46973,-72.35366,CL
Los Andes,-32.83369,-70.59827,CL
Los Álamos,-37.62797,-73.46008,CL
Longaví,-35.96496,-71.6836,CL
Loncoche,-39.36708,-72.63087,CL
Llanquihue,-41.25603,-73.00649,CL
Llaillay,-32.84043,-70.95623,CL
Linares,-35.84667,-71.59308,CL
Limache,-33.01327,-71.26084,CL
Lebu,-37.60825,-73.65356,CL
Lautaro,-38.53066,-72.43652,CL
La Unión,-40.29313,-73.08167,CL
La Serena,-29.90591,-71.25014,CL
Lampa,-33.2863,-70.87561,CL
La Ligua,-32.45242,-71.23106,CL
Laja,-37.28415,-72.71105,CL
La Higuera,-29.51195,-71.2019,CL
Florida,-36.82399,-72.66097,CL
La Ensenada,-41.20746,-72.5384,CL
La Cruz,-32.82748,-71.22634,CL
La Calera,-32.78676,-71.19795,CL
Iquique,-20.21326,-70.15027,CL
Illapel,-31.63349,-71.16967,CL
Huentelauquén,-31.58442,-71.53425,CL
Huasco,-28.46599,-71.22276,CL
Huara,-19.99631,-69.77205,CL
Hacienda La Calera,-32.78333,-71.21667,CL
Hualqui,-36.97266,-72.93559,CL
Graneros,-34.06863,-70.72747,CL
Gorbea,-39.10164,-72.67602,CL
Galvarino,-38.41359,-72.78151,CL
Futrono,-40.1295,-72.38536,CL
Futaleufú,-43.18492,-71.86722,CL
Fresia,-41.15364,-73.42102,CL
Freirina,-28.50917,-71.08124,CL
Freire,-38.95252,-72.62653,CL
Ercilla,-38.06323,-72.37425,CL
Empedrado,-35.59157,-72.2776,CL
El Monte,-33.67969,-70.98482,CL
El Carmen,-36.89834,-72.0261,CL
Diego de Almagro,-26.39022,-70.04556,CL
Dichato,-36.54823,-72.9352,CL
Dalcahue,-42.37845,-73.65011,CL
Cuya,-19.16062,-70.17953,CL
Curicó,-34.98279,-71.23943,CL
Curarrehue,-39.36019,-71.58748,CL
Curanilahue,-37.47793,-73.34495,CL
Cunco,-38.93181,-72.03151,CL
Corral,-39.8873,-73.43101,CL
Coronel,-37.03386,-73.14019,CL
Coquimbo,-29.95332,-71.33947,CL
Copiapó,-27.36737,-70.33219,CL
Contulmo,-38.01556,-73.22991,CL
Constitución,-35.33321,-72.41156,CL
Concón,-32.92203,-71.51619,CL
Concepción,-36.82699,-73.04977,CL
Combarbalá,-31.17863,-71.00304,CL
Collipulli,-37.95453,-72.43438,CL
Colina,-33.20443,-70.67474,CL
Colchane,-19.27588,-68.63763,CL
Colbún,-35.69494,-71.40568,CL
Coihueco,-36.62785,-71.83068,CL
Coyhaique,-45.57524,-72.06619,CL
Coelemu,-36.48741,-72.7032,CL
Cochrane,-47.2557,-72.5695,CL
Cochamó,-41.49752,-72.30789,CL
Cobquecura,-36.13251,-72.79401,CL
Chonchi,-42.62387,-73.775,CL
Chimbarongo,-34.71247,-71.0434,CL
Chillán Viejo,-36.62297,-72.13194,CL
Chillán,-36.60664,-72.10344,CL
Chile Chico,-46.541,-71.72375,CL
Chiguayante,-36.9256,-73.02841,CL
Chicureo,-33.28379,-70.65333,CL
Chanco,-35.73674,-72.53305,CL
Chañaral,-26.34298,-70.61648,CL
Chaitén,-42.91596,-72.70632,CL
Cauquenes,-35.9671,-72.32248,CL
Catemu,-32.63333,-71.03333,CL
Castro,-42.4721,-73.77319,CL
Casablanca,-33.31712,-71.40311,CL
Cartagena,-33.55384,-71.60761,CL
Carahue,-38.71122,-73.16101,CL
Capitán Pastene,-38.19356,-72.99253,CL
Cañete,-37.80128,-73.39616,CL
Canela,-31.58333,-70.85,CL
Camiña,-19.31286,-69.4261,CL
Cámeron,-53.63988,-69.64693,CL
Calle Larga,-32.85473,-70.62595,CL
Caldera,-27.06812,-70.81921,CL
Calbuco,-41.77338,-73.13049,CL
Calama,-22.45667,-68.92371,CL
Cabrero,-37.03394,-72.40468,CL
Cabildo,-32.43134,-71.07167,CL
Bulnes,-36.74232,-72.29854,CL
Buin,-33.73257,-70.74281,CL
Batuco,-33.23283,-70.80922,CL
Baquedano,-23.33374,-69.84055,CL
Arica,-18.47552,-70.30058,CL
Arauco,-37.2463,-73.31752,CL
Antuco,-37.33007,-71.67467,CL
Antofagasta,-23.65094,-70.39752,CL
Angol,-37.79519,-72.71636,CL
Andacollo,-30.23449,-71.08534,CL
Ancud,-41.8707,-73.81622,CL
Alto Hospicio,-20.26871,-70.1049,CL
Alto del Carmen,-28.75946,-70.48651,CL
Algarrobo,-33.36952,-71.67654,CL
Cañete,-37.8,-73.38333,CL
Puerto Chacabuco,-45.46667,-72.81667,CL
La Junta,-43.97434,-72.40554,CL
Hanga Roa,-27.15253,-109.42438,CL
Las Gaviotas,-39.86653,-73.18834,CL
Las Animas,-39.80867,-73.21821,CL
San Pedro de la Paz,-36.83897,-73.10028,CL
La Pintana,-33.58331,-70.63419,CL
Lo Prado,-33.4443,-70.72552,CL
Villa Presidente Frei,-33.46069,-70.58024,CL
Vallenar,-28.51576,-70.25551,CL
Los Laureles,-38.25818,-73.0594,CL
Villa Mercedes,-37.40421,-71.97949,CL
El Carmen,-36.29126,-72.03713,CL
Zipaquirá,5.02208,-74.00481,CO
Zipacón,4.75881,-74.38017,CO
Zetaquira,5.28215,-73.16896,CO
Zarzal,4.39462,-76.0715,CO
Zaragoza,7.48971,-74.86919,CO
Zapatoca,6.81532,-73.26768,CO
Zambrano,9.7474,-74.81572,CO
Yuto,5.53168,-76.63512,CO
Yumbo,3.58234,-76.49146,CO
Yotoco,3.86048,-76.38364,CO
Yopal,5.33573,-72.3939,CO
Yondó,7.00621,-73.90972,CO
Yolombó,6.59841,-75.0114,CO
Yarumal,6.96321,-75.41738,CO
Yalí,6.67457,-74.8343,CO
Yaguará,2.66355,-75.51753,CO
Yacuanquer,1.11577,-77.40169,CO
Yacopí,5.45948,-74.33823,CO
Viterbo,5.06242,-75.87159,CO
Vistahermosa,3.12428,-73.75156,CO
Viracachá,5.43637,-73.29606,CO
Viotá,4.43713,-74.52157,CO
Villeta,5.00886,-74.47226,CO
Villavieja,3.22052,-75.21864,CO
Villavicencio,4.13238,-73.62564,CO
Villarrica,3.93502,-74.60036,CO
Villa Rica,3.17484,-76.46197,CO
Villa del Rosario,7.83389,-72.47417,CO
Villapinzón,5.21617,-73.5949,CO
Villanueva,10.60768,-72.97901,CO
Villanueva,10.44361,-75.27306,CO
Villanueva,6.67169,-73.17421,CO
Villanueva,5.28333,-71.96667,CO
Villamaría,5.04565,-75.51474,CO
Villahermosa,5.03067,-75.11607,CO
Villagómez,5.27372,-74.19614,CO
Villagarzón,1.0375,-76.62667,CO
Villa de Leyva,5.63413,-73.52438,CO
Villa Caro,7.91427,-72.97144,CO
Vijes,3.69934,-76.4423,CO
Vigía del Fuerte,6.58933,-76.89599,CO
La Victoria,5.52583,-74.23611,CO
Victoria,5.31648,-74.91101,CO
Vianí,4.87384,-74.56244,CO
Vetas,7.30911,-72.87122,CO
Versalles,4.57544,-76.19814,CO
Vergara,5.11841,-74.34549,CO
Ventaquemada,5.36753,-73.52075,CO
Venecia,5.96278,-75.73806,CO
Venecia,4.08808,-74.47746,CO
Venadillo,4.71929,-74.92918,CO
Vélez,6.01335,-73.67352,CO
Valparaíso,5.615,-75.62422,CO
Valparaíso,1.19403,-75.70746,CO
Valledupar,10.46538,-73.2531,CO
Valle de San Juan,4.19869,-75.11733,CO
Valle de San José,6.4475,-73.14361,CO
Valencia,8.25801,-76.14928,CO
Valdivia,7.29382,-75.3919,CO
Útica,5.18727,-74.48105,CO
Usiacurí,10.74313,-74.97604,CO
Urumita,10.56095,-73.0134,CO
Urrao,6.31696,-76.1342,CO
Uribia,11.71505,-72.26592,CO
Uribe,3.2409,-74.35497,CO
San José de Uré,7.78637,-75.5337,CO
Uramita,6.89944,-76.17417,CO
Unguía,8.04364,-77.09137,CO
Une,4.40306,-74.02528,CO
Úmbita,5.22041,-73.45695,CO
Ulloa,4.70444,-75.74028,CO
Villa de San Diego de Ubaté,5.30933,-73.81575,CO
Ubaque,4.48667,-73.93748,CO
Ubalá,4.74778,-72.53694,CO
Tutazá,6.03228,-72.85639,CO
Tuta,5.68966,-73.22779,CO
Turmequé,5.3236,-73.49067,CO
Turbo,8.09263,-76.72822,CO
Turbaná,10.27169,-75.44222,CO
Turbaco,10.32944,-75.41137,CO
Túquerres,1.08647,-77.61858,CO
Tununguá,5.72967,-73.94137,CO
Tunja,5.54481,-73.35756,CO
Tumaco,1.79112,-78.79275,CO
Tuluá,4.08466,-76.19536,CO
Tuchín,9.18662,-75.55473,CO
Tubará,10.87562,-74.97873,CO
Trujillo,4.21217,-76.31945,CO
Trinidad,5.40849,-71.66196,CO
Tres Esquinas,3.86512,-74.70906,CO
Totoró,2.51111,-76.40178,CO
Tota,5.55833,-72.98757,CO
Toro,4.61167,-76.08139,CO
Toribío,2.95481,-76.26839,CO
Topaipí,5.33457,-74.30292,CO
Tópaga,5.75979,-72.82583,CO
Tona,7.20221,-72.96502,CO
Tolú Viejo,9.45082,-75.43864,CO
Santiago de Tolú,9.52392,-75.58139,CO
Toledo,7.30984,-72.48295,CO
Toledo,7.01306,-75.69528,CO
Togüí,5.93462,-73.51297,CO
Tocancipá,4.96531,-73.91301,CO
Tocaima,4.4582,-74.63434,CO
Toca,5.56393,-73.18398,CO
Titiribí,6.06276,-75.7937,CO
Tipacoque,6.42031,-72.69184,CO
Tinjacá,5.57916,-73.64486,CO
Timbiquí,2.7717,-77.66536,CO
Timbío,2.35017,-76.68341,CO
Timaná,1.97136,-75.93123,CO
Tierralta,8.17361,-76.05917,CO
Tibú,8.63895,-72.73583,CO
Tibirita,5.05227,-73.50459,CO
Tibasosa,5.75,-73.0,CO
Tibaná,5.31728,-73.39655,CO
Tibacuy,4.35,-74.45179,CO
Tesalia,2.48587,-75.72921,CO
Teruel,2.74193,-75.56738,CO
Teorama,8.43685,-73.28691,CO
Tenza,5.07664,-73.42077,CO
Tenjo,4.8727,-74.14435,CO
Tenerife,9.90093,-74.85985,CO
Tena,4.66001,-74.39258,CO
Tello,3.06694,-75.13778,CO
Tausa,5.19903,-73.89128,CO
Tauramena,5.01789,-72.74675,CO
Tasco,5.91044,-72.78001,CO
Tarso,5.86467,-75.82192,CO
Tarqui,2.11248,-75.82419,CO
Tarazá,7.58358,-75.40068,CO
Tarapacá,-2.892,-69.742,CO
Tangua,1.09473,-77.39482,CO
Taminango,1.57032,-77.28043,CO
Támesis,5.66462,-75.71339,CO
Tame,6.46065,-71.73618,CO
Támara,5.82998,-72.16286,CO
Tamalameque,8.85221,-73.81229,CO
Talaigua Viejo,9.31206,-74.58544,CO
Talaigua Nuevo,9.30347,-74.56477,CO
Tadó,5.26598,-76.56487,CO
Tabio,4.91726,-74.09364,CO
Sutatenza,5.02311,-73.4523,CO
Sutatausa,5.24779,-73.85238,CO
Sutamarchán,5.61538,-73.61701,CO
Susacón,6.22978,-72.6901,CO
Susa,5.4519,-73.81436,CO
Suratá,7.36633,-72.98361,CO
Supía,5.45303,-75.65072,CO
Supatá,5.06097,-74.23721,CO
Suesca,5.10289,-73.79845,CO
Sucre,8.81136,-74.72084,CO
Sucre,5.91833,-73.79109,CO
Sucre,2.03805,-76.92446,CO
Subachoque,4.92614,-74.17299,CO
Suaza,1.97611,-75.79454,CO
Suárez,4.04906,-74.83198,CO
Suárez,2.95395,-76.69644,CO
Suan,10.33347,-74.88016,CO
Suaita,6.1014,-73.44041,CO
Sotomayor,1.49474,-77.52136,CO
Sotaquirá,5.76483,-73.24758,CO
Soracá,5.50055,-73.33299,CO
Sora,5.56514,-73.45017,CO
Sopó,4.9075,-73.9384,CO
Soplaviento,10.39306,-75.14083,CO
Sonsón,5.71062,-75.31069,CO
Somondoco,4.98495,-73.43238,CO
Soledad,10.91843,-74.76459,CO
Solano,0.69937,-75.25353,CO
Sogamoso,5.71434,-72.93391,CO
Socotá,6.04028,-72.63509,CO
Socorro,6.46838,-73.26022,CO
Socha Viejo,5.9817,-72.71503,CO
Soatá,6.33369,-72.68283,CO
Soacha,4.57937,-74.21682,CO
Sitionuevo,10.77737,-74.72049,CO
Sipí,4.65374,-76.64442,CO
Sincelejo,9.3045,-75.3905,CO
San Luis de Sincé,9.24391,-75.14675,CO
Simití,7.9579,-73.9436,CO
Simijaca,5.50291,-73.85227,CO
Simacota,6.4429,-73.33688,CO
Silvia,2.61557,-76.38261,CO
Silvania,4.40367,-74.3867,CO
Silos,7.20524,-72.75639,CO
Sibundoy,1.20296,-76.92275,CO
Sibaté,4.49154,-74.25957,CO
Siachoque,5.51238,-73.24436,CO
Prado-Sevilla,10.76343,-74.13916,CO
Sevilla,4.26425,-75.93085,CO
Sesquilé,5.04463,-73.79724,CO
Segovia,7.07993,-74.6989,CO
Sativasur,6.09334,-72.71235,CO
Sativanorte,6.13156,-72.70895,CO
Sasaima,4.96705,-74.43512,CO
Sardinata,8.08289,-72.80071,CO
Saravena,6.96319,-71.8823,CO
Sapuyes,1.03728,-77.62094,CO
San Zenón,9.24217,-74.50037,CO
San Vicente del Caguán,2.12172,-74.76614,CO
San Vicente de Chucurí,6.881,-73.40977,CO
San Vicente,6.28535,-75.33385,CO
Santuario,6.13833,-75.26417,CO
Santuario,5.07415,-75.96423,CO
Santo Tomás,10.75773,-74.75451,CO
Santo Domingo,6.47282,-75.16547,CO
Santiago,7.86432,-72.7162,CO
Santiago,1.14844,-77.0045,CO
Santa Sofía,5.70908,-73.60404,CO
Santa Rosalia,5.13356,-70.86233,CO
Santa Rosa de Viterbo,5.87401,-72.98217,CO
Santa Rosa de Osos,6.64738,-75.46031,CO
Santa Rosa de Cabal,4.86806,-75.62139,CO
Santa Rosa,10.44472,-75.36972,CO
Santa Rosa,1.70267,-76.57389,CO
Santa Rita,5.18333,-76.48333,CO
Santander de Quilichao,3.00945,-76.48494,CO
Santana,6.0575,-73.48112,CO
Santa Marta,11.23855,-74.19427,CO
Santa María,4.86048,-73.26234,CO
Santa María,2.95,-75.65,CO
Santa Lucía,10.3242,-74.96017,CO
Santa Isabel,13.38166,-81.36891,CO
Santa Isabel,4.71418,-75.09799,CO
Santa Catalina,10.60361,-75.28824,CO
Santa Bárbara,6.99022,-72.907,CO
Santa Bárbara,5.87458,-75.56706,CO
Santa Ana,9.32125,-74.56848,CO
San Sebastián de Buenavista,9.23778,-74.35166,CO
San Sebastián,1.83861,-76.77189,CO
San Roque,6.48511,-75.0196,CO
San Rafael,6.29436,-75.02589,CO
San Pelayo,8.95833,-75.83627,CO
San Pedro de Urabá,8.27515,-76.37641,CO
San Pedro,9.3956,-75.06476,CO
San Pedro,6.46135,-75.55778,CO
San Pedro,3.99445,-76.22885,CO
San Pablo de Borbur,5.65138,-74.06991,CO
San Pablo,10.05154,-75.26775,CO
San Pablo,7.47754,-73.92255,CO
San Pablo,1.6725,-77.01389,CO
San Onofre,9.73586,-75.52626,CO
San Miguel de Sema,5.51847,-73.72238,CO
San Miguel,6.57583,-72.64591,CO
La Dorada,0.34314,-76.91124,CO
San Mateo,6.40195,-72.55314,CO
San Martín,3.69637,-73.69957,CO
San Marcos,8.65972,-75.12809,CO
San Luis de Palenque,5.42139,-71.73167,CO
San Luis de Gaceno,4.82052,-73.16851,CO
Cubarral,3.79536,-73.84063,CO
San Luis,6.04343,-74.99366,CO
San Luis,4.13258,-75.09499,CO
San Lorenzo,1.50294,-77.21537,CO
San Juan Nepomuceno,9.95157,-75.08198,CO
San Juanito,4.46103,-73.68048,CO
San Juan de Urabá,8.75924,-76.52969,CO
San Juan de Rioseco,4.84778,-74.62148,CO
San Juan del Cesar,10.77107,-73.00314,CO
San Juan de Betulia,9.27345,-75.24103,CO
San Juan de Arama,3.36985,-73.87267,CO
San José de Pare,6.01746,-73.54703,CO
San José de Miranda,6.6587,-72.73344,CO
San José del Palmar,4.89616,-76.23422,CO
San José de la Montaña,6.85028,-75.68333,CO
Isnos,1.92874,-76.21104,CO
San José,5.08221,-75.79107,CO
San José,1.69659,-78.24482,CO
San José,1.47446,-77.08144,CO
San Joaquín,6.43004,-72.86768,CO
San Jerónimo,6.44344,-75.72815,CO
San Jacinto del Cauca,8.24976,-74.72079,CO
San Jacinto,9.82767,-75.1217,CO
San Gil,6.55952,-73.13637,CO
San Francisco,6.11667,-75.98333,CO
San Francisco,5.96426,-75.10165,CO
San Francisco,4.97876,-74.2927,CO
San Francisco,1.17644,-76.87838,CO
San Fernando,9.27972,-74.53389,CO
San Estanislao,10.39833,-75.15111,CO
San Eduardo,5.22396,-73.07696,CO
Sandoná,1.28626,-77.46921,CO
San Diego,10.33384,-73.18048,CO
San Cristóbal,10.39523,-75.06562,CO
San Cristóbal,9.87809,-75.25248,CO
San Cayetano,7.87707,-72.6243,CO
San Carlos de Guaroa,3.71161,-73.24344,CO
San Carlos,8.79577,-75.69947,CO
San Carlos,7.79177,-74.77316,CO
San Carlos,6.18789,-74.99315,CO
San Calixto,8.4028,-73.2076,CO
San Bernardo del Viento,9.3533,-75.95244,CO
San Bernardo,4.17864,-74.42311,CO
San Bernardo,1.51525,-77.04679,CO
San Benito Abad,8.92901,-75.02709,CO
San Benito,6.13269,-73.49065,CO
San Antonio del Tequendama,4.61617,-74.352,CO
San Antonio,9.93303,-74.69346,CO
San Antonio,3.91423,-75.48009,CO
San Antero,9.3741,-75.75891,CO
San Ángel,10.03047,-74.21482,CO
San Andrés de Sotavento,9.14475,-75.50877,CO
San Andrés,12.57858,-81.69973,CO
San Andrés,6.81148,-72.84929,CO
San Alberto,7.76107,-73.3922,CO
San Agustín,1.87884,-76.26722,CO
Sampués,9.18361,-75.38167,CO
Samaniego,1.33849,-77.5957,CO
Samacá,5.49273,-73.48537,CO
Salgar,5.96502,-75.96541,CO
Salento,4.6375,-75.57028,CO
Saldaña,3.92923,-75.01517,CO
Salamina,10.49027,-74.79463,CO
Salamina,5.40733,-75.48749,CO
Saladoblanco,1.99244,-76.04335,CO
Sahagún,8.94617,-75.44275,CO
Sáchica,5.58453,-73.54184,CO
Sácama,6.09908,-72.2488,CO
Saboyá,5.69636,-73.76932,CO
Sabaneta,6.15153,-75.61657,CO
Sabanalarga,10.63072,-74.92214,CO
Sabanalarga,6.84893,-75.81711,CO
Sabanagrande,10.79115,-74.76059,CO
Sabana de Torres,7.3915,-73.49574,CO
Rovira,4.23922,-75.23996,CO
Rosas,2.26093,-76.73986,CO
Rondón,5.35642,-73.20918,CO
Roncesvalles,4.0108,-75.60493,CO
Roldanillo,4.41256,-76.15457,CO
Rivera,2.77717,-75.25642,CO
Risaralda,5.16647,-75.76595,CO
Río Viejo,8.58863,-73.83972,CO
Riosucio,7.44348,-77.11964,CO
Riosucio,5.42164,-75.70318,CO
Rionegro,6.15515,-75.37371,CO
Riohacha,11.54444,-72.90722,CO
Riofrío,4.1571,-76.28852,CO
Río de Oro,8.29223,-73.3849,CO
Rioblanco,3.52973,-75.64525,CO
Ricaurte,4.28075,-74.76469,CO
Ricaurte,1.21474,-77.99801,CO
Retiro,6.05861,-75.50306,CO
Restrepo,4.25833,-73.56142,CO
Restrepo,3.82203,-76.52242,CO
Repelón,10.4952,-75.12448,CO
Remolino,10.70199,-74.71602,CO
Remedios,7.02835,-74.69379,CO
Regidor,8.66633,-73.82221,CO
Recetor,5.22947,-72.76099,CO
Ráquira,5.53793,-73.63201,CO
Ramiriquí,5.4002,-73.33544,CO
Ragonvalia,7.57749,-72.47574,CO
Apulo,4.51952,-74.59293,CO
Quipile,4.74517,-74.53378,CO
Quinchía,5.33957,-75.73018,CO
Quimbaya,4.62306,-75.76278,CO
Quibdó,5.69188,-76.65835,CO
Quetame,4.33234,-73.86141,CO
Quebradanegra,5.11737,-74.47944,CO
Purísima de la Concepción,9.23657,-75.72191,CO
Purificación,3.85871,-74.93129,CO
Pupiales,0.87136,-77.64027,CO
Punta de Piedras,10.16863,-74.71682,CO
Pulí,4.68116,-74.71406,CO
Puerto Wilches,7.34828,-73.89601,CO
Puerto Triunfo,5.87259,-74.6405,CO
Puerto Tejada,3.23114,-76.41668,CO
Puerto Santander,8.36361,-72.4063,CO
Puerto Salgar,5.46304,-74.65436,CO
Puerto Rondón,6.28048,-71.1,CO
Puerto Yuca,2.93833,-73.20833,CO
Puerto Rico,1.90999,-75.15931,CO
Puerto Parra,6.65149,-74.05734,CO
Puerto Nariño,-3.78889,-70.35584,CO
Puerto Meluk,5.22134,-76.93691,CO
Puerto López,4.09912,-72.95647,CO
Puerto Lleras,3.02225,-73.4044,CO
Puerto Leguízamo,-0.19337,-74.78189,CO
Inírida,3.86528,-67.92389,CO
Puerto Escondido,9.01811,-76.26413,CO
Puerto Colombia,10.98778,-74.95472,CO
Puerto Carreño,6.19041,-67.48391,CO
Puerto Boyacá,5.976,-74.58516,CO
Puerto Bogotá,5.19994,-74.72733,CO
Puerto Berrío,6.49156,-74.40326,CO
Puerto Asís,0.50514,-76.49571,CO
Puerres,1.19374,-77.26661,CO
Puerres,0.88371,-77.50324,CO
Puente Nacional,5.87739,-73.6781,CO
Puebloviejo,10.99376,-74.28439,CO
Pueblorrico,5.79176,-75.84101,CO
Pueblo Rico,5.22263,-76.03026,CO
Pueblo Nuevo,8.50122,-75.508,CO
Pueblo Nuevo,8.2411,-74.95815,CO
Pueblo Bello,10.41706,-73.5804,CO
Providencia,1.56976,-77.464,CO
Prado,3.75118,-74.93004,CO
Pradera,3.42111,-76.24472,CO
Potosí,0.80739,-77.57216,CO
Pore,5.72792,-71.99266,CO
Popayán,2.43823,-76.61316,CO
Ponedera,10.64297,-74.75393,CO
Polonuevo,10.77697,-74.85344,CO
Policarpa,1.62843,-77.45956,CO
Playarrica,4.05694,-75.41028,CO
Planeta Rica,8.4115,-75.58508,CO
Planadas,3.19698,-75.64506,CO
Pizarro,4.95334,-77.36598,CO
Salahonda,2.0406,-78.65877,CO
Pivijay,10.46167,-74.61621,CO
Pitalito,1.85371,-76.05071,CO
Pital,2.2665,-75.80442,CO
Pisba,5.72396,-72.48646,CO
Piojó,10.74846,-75.10776,CO
Santa Bárbara de Pinto,9.43251,-74.70414,CO
Pinillos,8.91925,-74.46771,CO
Pinchote,6.53226,-73.17309,CO
Pijiño del Carmen,9.32908,-74.45302,CO
Pijao,4.3335,-75.70463,CO
Piedras,4.54261,-74.87823,CO
Piedrancha,1.14109,-77.86479,CO
Pie de Pató,5.51604,-76.97449,CO
Piedecuesta,6.98789,-73.04953,CO
Pesca,5.55,-73.05,CO
Pereira,4.81428,-75.69488,CO
Peque,7.02123,-75.90926,CO
Pensilvania,5.38346,-75.16122,CO
Pelaya,8.68819,-73.66451,CO
Pedraza,10.18739,-74.91504,CO
Paz de Río,5.98452,-72.7505,CO
Paz de Ariporo,5.88148,-71.89167,CO
Payandé,4.2975,-75.09667,CO
Payán,1.76645,-78.18326,CO
Paya,5.62492,-72.42345,CO
Pauna,5.65861,-73.9825,CO
Patía,2.06895,-77.05273,CO
Pasto,1.21456,-77.27846,CO
Pasca,4.30722,-74.30056,CO
Páramo,6.41639,-73.17,CO
Panqueba,6.44533,-72.46268,CO
Pandi,4.19111,-74.4875,CO
Pamplonita,7.43637,-72.63808,CO
Pamplona,7.37565,-72.64795,CO
Palocabildo,5.11705,-75.01732,CO
Palmito,9.33189,-75.5417,CO
Palmira,3.53944,-76.30361,CO
Palmas del Socorro,6.40756,-73.28824,CO
Palmar de Varela,10.74055,-74.75443,CO
Palmar,6.53773,-73.29234,CO
Palestina,5.0161,-75.62854,CO
Palestina,1.72362,-76.13403,CO
Palermo,2.89167,-75.4375,CO
Pajarito,5.2929,-72.70277,CO
Paispamba,2.25462,-76.61086,CO
Paipa,5.78013,-73.11708,CO
Paime,5.37054,-74.15219,CO
Paimadó,5.48309,-76.74053,CO
Pailitas,8.95671,-73.62378,CO
Paicol,2.44962,-75.775,CO
Páez,5.10112,-73.05123,CO
Belalcázar,2.64644,-75.97269,CO
Padua,5.13429,-75.14001,CO
Padilla,3.22038,-76.31385,CO
Pácora,5.52708,-75.4593,CO
Pacho,5.13278,-74.15977,CO
Pachavita,5.13969,-73.39739,CO
Ovejas,9.52716,-75.22873,CO
Otanche,5.65672,-74.18249,CO
Ospina,1.0595,-77.56554,CO
Ortega,3.9361,-75.22169,CO
Orocué,4.79035,-71.33917,CO
Oporapa,2.02378,-75.99588,CO
Onzaga,6.34434,-72.81726,CO
Olaya Herrera,1.24803,-77.49085,CO
Olaya,6.62773,-75.8127,CO
Oicatá,5.59548,-73.3082,CO
Oiba,6.26387,-73.29876,CO
Ocaña,8.23773,-73.35604,CO
Ocamonte,6.34001,-73.12205,CO
Obando,4.57583,-75.97389,CO
Nuquí,5.7125,-77.27083,CO
Nunchía,5.63589,-72.19543,CO
Nuevo Colón,5.35368,-73.4566,CO
Nueva Granada,9.80168,-74.39304,CO
Nóvita,4.95511,-76.60526,CO
Norosí,8.52692,-74.03736,CO
Norcasia,5.57535,-74.88831,CO
Nocaima,5.06696,-74.38439,CO
Nobsa,5.76978,-72.94099,CO
Nimaima,5.12614,-74.38495,CO
Nilo,4.30604,-74.62083,CO
Nemocón,5.06767,-73.87769,CO
Neiva,2.93001,-75.27973,CO
Neira,5.1665,-75.52001,CO
Necoclí,8.42627,-76.78926,CO
Nechí,8.09419,-74.77573,CO
Natagaima,3.62057,-75.09415,CO
Nátaga,2.54359,-75.80852,CO
Nariño,5.60893,-75.17656,CO
Nariño,4.39781,-74.82731,CO
Nariño,1.28995,-77.35721,CO
Muzo,5.53528,-74.10778,CO
Mutiscua,7.30061,-72.74667,CO
Mutatá,7.24407,-76.43564,CO
Murindó,6.98057,-76.82119,CO
Murillo,4.87393,-75.17151,CO
Mountain,13.36667,-81.36667,CO
Motavita,5.57655,-73.36696,CO
Mosquera,4.70592,-74.23021,CO
Mosquera,2.50861,-78.4511,CO
Morroa,9.33348,-75.30542,CO
Morelia,1.48747,-75.72581,CO
Morales,8.27621,-73.86803,CO
Montería,8.75081,-75.87823,CO
Montenegro,4.56639,-75.75111,CO
Montelíbano,7.97917,-75.4202,CO
Montecristo,8.2971,-74.4733,CO
Montebello,5.94806,-75.5275,CO
Moñitos,9.2455,-76.13017,CO
Moñitos,8.25,-76.05,CO
Moniquirá,5.87638,-73.57284,CO
Monguí,5.72151,-72.84908,CO
Mongua,5.75084,-72.80339,CO
Mompós,9.24194,-74.42667,CO
Momil,9.23767,-75.67489,CO
Molagavita,6.67315,-72.80875,CO
Mogotes,6.47559,-72.97046,CO
Mocoa,1.15284,-76.65208,CO
Mitú,1.25744,-70.23551,CO
Mistrató,5.29622,-75.8839,CO
Miranda,3.25283,-76.22924,CO
Miraflores,5.19608,-73.14504,CO
Miraflores,1.33667,-71.95111,CO
Milán,1.29034,-75.50757,CO
Mercaderes,1.80175,-77.17032,CO
Melgar,4.20475,-74.64075,CO
Medina,4.51005,-73.34982,CO
Medellín,6.245,-75.57151,CO
Matanza,7.32233,-73.01516,CO
Marulanda,5.28393,-75.26016,CO
Marsella,4.93722,-75.73778,CO
Marquetalia,5.29659,-75.05496,CO
Marmato,5.47501,-75.6004,CO
San Sebastián de Mariquita,5.19889,-74.89295,CO
Maripí,5.55194,-74.00861,CO
Marinilla,6.17358,-75.33621,CO
María la Baja,9.9832,-75.30155,CO
Margarita,9.15596,-74.26618,CO
Manzanares,5.25397,-75.15403,CO
Manta,5.00864,-73.54115,CO
Manizales,5.0668,-75.50684,CO
Maní,4.81638,-72.27946,CO
Manaure,11.77505,-72.44447,CO
Manatí,10.44589,-74.95869,CO
Managrú,5.33653,-76.72756,CO
Malambo,10.85953,-74.77386,CO
Málaga,6.69903,-72.73233,CO
Majagual,8.54119,-74.62942,CO
Maicao,11.37837,-72.2395,CO
Mahates,10.23293,-75.18985,CO
Magangué,9.24202,-74.75467,CO
Madrid,4.73245,-74.26419,CO
Machetá,5.08154,-73.60761,CO
Maceo,6.55196,-74.78741,CO
Macaravita,6.50567,-72.59299,CO
Macanal,4.97214,-73.31959,CO
Luruaco,10.61712,-75.15146,CO
Lourdes,7.94411,-72.83253,CO
Los Santos,6.75343,-73.10473,CO
Los Patios,7.83793,-72.5037,CO
Los Palmitos,9.37899,-75.26769,CO
Los Córdobas,8.89403,-76.35455,CO
Lorica,9.23648,-75.8135,CO
López,2.8454,-77.24791,CO
López,2.43333,-76.8,CO
Lloró,5.49605,-76.54945,CO
Linares,1.35078,-77.52339,CO
Liborina,6.6779,-75.81218,CO
Líbano,4.9218,-75.06232,CO
Leticia,-4.21079,-69.93944,CO
Lérida,4.86242,-74.90977,CO
Lenguazaque,5.30711,-73.71152,CO
Leiva,1.93497,-77.30634,CO
Lebrija,7.11317,-73.2178,CO
La Virginia,4.89972,-75.8825,CO
La Victoria,4.52483,-76.03921,CO
La Vega,5.00177,-74.34174,CO
La Vega,2.00187,-76.7789,CO
La Uvita,6.32064,-72.56281,CO
La Unión,8.84965,-75.27942,CO
La Unión,5.97431,-75.36195,CO
La Unión,4.53282,-76.10318,CO
La Unión,1.6045,-77.13152,CO
La Tebaida,4.45265,-75.78746,CO
La Sierra,2.17835,-76.76265,CO
Ánimas,5.27784,-76.63082,CO
La Salina,6.13162,-72.33841,CO
La Primavera,5.49056,-70.40917,CO
La Playa,8.21327,-73.23823,CO
La Plata,2.39341,-75.89232,CO
La Pintada,5.74867,-75.60626,CO
La Peña,5.19847,-74.39368,CO
La Paz,10.38439,-73.17332,CO
La Paz,6.17848,-73.58948,CO
La Palma,5.3592,-74.39047,CO
Landázuri,6.21826,-73.81121,CO
La Montañita,1.48016,-75.43664,CO
La Mesa,5.26667,-73.91667,CO
La Merced,5.40194,-75.88472,CO
La Llanada,1.4731,-77.58024,CO
La Jagua del Pilar,10.51023,-73.07176,CO
La Jagua de Ibirico,9.56228,-73.33405,CO
La Gloria,8.61954,-73.80212,CO
La Florida,1.29851,-77.40614,CO
La Estrella,6.15769,-75.64317,CO
La Esperanza,8.21043,-72.46399,CO
La Dorada,5.44783,-74.66311,CO
La Cumbre,3.64999,-76.56984,CO
La Cruz,1.60221,-76.9713,CO
La Chamba,4.02649,-74.86844,CO
La Celia,5.00332,-76.00355,CO
La Ceja,6.03131,-75.43333,CO
La Capilla,5.70493,-73.47527,CO
La Capilla,5.0959,-73.44407,CO
La Calera,4.72069,-73.96926,CO
Labranzagrande,5.56223,-72.57499,CO
La Belleza,5.86371,-73.96167,CO
La Argentina,2.19762,-75.9799,CO
Juradó,7.10421,-77.762,CO
Junín,4.78333,-75.01667,CO
Junín,4.79027,-73.66011,CO
Juan de Acosta,10.8293,-75.03346,CO
Jordán,6.733,-73.09588,CO
Jesús María,5.87715,-73.78097,CO
Jerusalén,4.56309,-74.69519,CO
Jericó,6.14592,-72.5708,CO
Jericó,5.79211,-75.78601,CO
Jenesano,5.38541,-73.36364,CO
Jardín,5.59902,-75.81976,CO
Jamundí,3.26074,-76.53499,CO
Jambaló,2.77762,-76.32444,CO
Iza,5.61203,-72.9793,CO
Ituango,7.17117,-75.76404,CO
Itagüí,6.18461,-75.59913,CO
Istmina,5.16054,-76.68397,CO
Iscuandé,2.45065,-77.97998,CO
Íquira,2.64867,-75.63457,CO
Ipiales,0.82501,-77.63966,CO
Inzá,2.55452,-76.06722,CO
Imués,1.05516,-77.49669,CO
Iles,0.9704,-77.52146,CO
Icononzo,4.17698,-74.53254,CO
Ibagué,4.43573,-75.20289,CO
Honda,5.20856,-74.73584,CO
Hobo,2.58333,-75.45,CO
Hispania,5.79925,-75.90718,CO
Herveo,5.08004,-75.17556,CO
Herrán,7.50611,-72.48332,CO
Heliconia,6.20831,-75.73565,CO
Municipio Hato Corozal,6.15676,-71.76372,CO
Hato,6.54302,-73.30826,CO
Hatillo de Loba,8.95635,-74.07819,CO
Hacarí,8.32097,-73.14576,CO
Gutiérrez,4.25472,-74.0025,CO
Güicán,6.46554,-72.41539,CO
Güepsa,6.02505,-73.57313,CO
Guayatá,4.96417,-73.4875,CO
Guayabetal,4.21472,-73.81719,CO
Guayabal de Síquima,4.87739,-74.46744,CO
Guavatá,5.95502,-73.70018,CO
Guática,5.31569,-75.79826,CO
Guateque,5.00619,-73.47274,CO
Guatavita,4.93658,-73.83314,CO
Guataquí,4.51573,-74.78935,CO
Guatapé,6.23429,-75.16335,CO
Guasca,4.86601,-73.87748,CO
Guarne,6.28046,-75.44354,CO
Guaranda,8.46746,-74.53617,CO
Guapotá,6.30798,-73.3202,CO
Guapí,2.57082,-77.88542,CO
Guamo,4.03078,-74.9701,CO
Guamal,9.14334,-74.22384,CO
Guamal,3.88043,-73.76566,CO
Gualmatán,0.91992,-77.56738,CO
Guaitarilla,1.13103,-77.54815,CO
Guaduas,5.06692,-74.59499,CO
Guadalupe,6.81449,-75.24063,CO
Guadalupe,6.2464,-73.41833,CO
Guadalupe,2.0248,-75.75589,CO
Guachucal,0.96093,-77.73161,CO
Guachetá,5.38425,-73.68617,CO
Guachené,3.13333,-76.3927,CO
Guachavés,1.2224,-77.67766,CO
Guacarí,3.76383,-76.33292,CO
Guacamayas,6.46243,-72.50465,CO
Guaca,6.87621,-72.85594,CO
Granada,6.14353,-75.18532,CO
Granada,5.06667,-74.56667,CO
Granada,4.51997,-74.35261,CO
Granada,3.54625,-73.70687,CO
Gramalote,7.88752,-72.79749,CO
González,8.39016,-73.38048,CO
Gómez Plata,6.68178,-75.21907,CO
Girón,7.0682,-73.16981,CO
Girardota,6.37747,-75.44883,CO
Girardot City,4.30079,-74.80754,CO
Giraldo,6.68013,-75.95259,CO
Ginebra,3.72461,-76.26675,CO
Gigante,2.38678,-75.54736,CO
Génova,4.31667,-75.76667,CO
Génova,1.64367,-77.01924,CO
Garzón,2.19593,-75.62777,CO
Garagoa,5.08236,-73.36334,CO
Gámeza,5.80263,-72.80586,CO
Gámbita,5.94597,-73.34435,CO
Gamarra,8.32292,-73.74233,CO
Gama,4.76288,-73.61091,CO
Galeras,9.16095,-75.04811,CO
Galapa,10.89686,-74.886,CO
Galán,6.63781,-73.28878,CO
Gaitania,3.15,-75.81667,CO
Gachantivá,5.75662,-73.5395,CO
Gachancipá,4.99111,-73.87154,CO
Gachalá,4.69244,-73.52042,CO
Fusagasugá,4.33646,-74.36378,CO
Fúquene,5.40425,-73.7964,CO
Funza,4.71638,-74.21195,CO
Funes,1.00075,-77.44918,CO
Fundación,10.52066,-74.18504,CO
Fuente de Oro,3.46263,-73.62162,CO
Frontino,6.77133,-76.13324,CO
Frías,5.02973,-75.0086,CO
Fresno,5.15264,-75.03624,CO
Fosca,4.33916,-73.93852,CO
Fortul,6.79261,-71.77596,CO
Fonseca,10.88606,-72.8487,CO
Fómeque,4.48797,-73.89749,CO
Floridablanca,7.06222,-73.08644,CO
Florida,3.3223,-76.2348,CO
Florián,5.80487,-73.97029,CO
Floresta,5.85903,-72.91882,CO
Florencia,1.68318,-77.07331,CO
Florencia,1.61549,-75.60412,CO
Flandes,4.29005,-74.81612,CO
Firavitoba,5.66885,-72.99289,CO
Filandia,4.67472,-75.65833,CO
Filadelfia,5.29606,-75.5612,CO
Falan,5.12383,-74.95181,CO
Facatativá,4.81367,-74.35453,CO
Espinal,4.14924,-74.88429,CO
Envigado,6.17591,-75.59174,CO
Entrerríos,6.5654,-75.5169,CO
Enciso,6.66808,-72.69986,CO
Encino,6.13735,-73.09847,CO
El Zulia,7.93248,-72.60125,CO
El Tambo,2.45199,-76.81029,CO
El Tambo,1.40785,-77.39218,CO
El Tablón,1.42717,-77.09693,CO
El Rosario,1.74404,-77.33481,CO
El Rosal,4.85314,-74.25996,CO
El Roble,9.10193,-75.19508,CO
El Retén,10.61135,-74.26824,CO
El Piñón,10.40283,-74.82415,CO
El Peñón,8.98885,-73.94898,CO
El Peñón,6.05489,-73.81519,CO
El Peñón,5.25264,-74.29069,CO
El Peñol,1.45365,-77.44017,CO
El Paujíl,1.57006,-75.32863,CO
El Paso,9.65724,-73.74685,CO
El Molino,10.65296,-72.92461,CO
Elías,2.0117,-75.93968,CO
El Guamo,10.03155,-74.97612,CO
El Guacamayo,6.24518,-73.49655,CO
El Espino,6.48277,-72.49718,CO
El Dovio,4.5079,-76.23619,CO
El Doncello,1.67817,-75.28466,CO
El Difícil,9.84975,-74.23627,CO
El Copey,10.15031,-73.9614,CO
El Cocuy,6.41151,-72.44876,CO
El Charco,2.48075,-78.10972,CO
El Cerrito,3.68549,-76.31372,CO
El Castillo,3.56363,-73.79488,CO
El Carmen de Bolívar,9.7174,-75.12023,CO
El Carmen,8.51116,-73.44761,CO
El Carmen de Chucurí,6.69736,-73.51117,CO
El Carmen,5.88778,-75.16417,CO
El Calvario,4.35342,-73.71147,CO
El Cairo,4.76279,-76.221,CO
El Bordo,2.11696,-76.98214,CO
El Banco,9.00114,-73.97581,CO
El Bagre,7.60347,-74.80951,CO
Algarrobo,10.18618,-74.06085,CO
El Águila,4.91345,-76.04004,CO
Ebéjico,6.32598,-75.76835,CO
Durania,7.71307,-72.65759,CO
Duitama,5.8245,-73.03408,CO
Dosquebradas,4.83916,-75.66727,CO
Donmatías,6.48569,-75.39496,CO
Doima,4.42692,-74.97548,CO
Distracción,10.89784,-72.88666,CO
Dibulla,11.27251,-73.30911,CO
Darien,3.93135,-76.48481,CO
Dagua,3.65685,-76.68859,CO
Dabeiba,7.00017,-76.26915,CO
Curumaní,9.19992,-73.54274,CO
Curití,6.60519,-73.06809,CO
Cunday,4.06004,-74.69212,CO
Cumbitara,1.64786,-77.57819,CO
Cumbal,0.90875,-77.79145,CO
Cumaribo,4.44552,-69.79897,CO
Cumaral,4.2708,-73.48669,CO
Cuítiva,5.58007,-72.96687,CO
Cucutilla,7.53941,-72.77238,CO
Cúcuta,7.90745,-72.5049,CO
Cucunubá,5.24958,-73.7661,CO
Cucaita,5.54373,-73.45433,CO
Cubará,7.00578,-72.10568,CO
Cruces de Anorí,7.18333,-75.06667,CO
Cravo Norte,6.30173,-70.20415,CO
Coyaima,3.79936,-75.19467,CO
Coveñas,9.40254,-75.68029,CO
Cotorra,9.03886,-75.78969,CO
Cota,4.80938,-74.098,CO
Corrales,5.82968,-72.84332,CO
Corozal,9.31847,-75.2933,CO
Coromoro,6.29461,-73.04022,CO
Corinto,3.17301,-76.26275,CO
Córdoba,9.58612,-74.82705,CO
Córdoba,4.39158,-75.68723,CO
Córdoba,0.85362,-77.51817,CO
Coper,5.47681,-74.04416,CO
Copacabana,6.34633,-75.50888,CO
Convención,8.46902,-73.33733,CO
Contratación,6.29005,-73.47354,CO
Contadero,0.90841,-77.5477,CO
Consacá,1.20805,-77.46548,CO
Confines,6.35625,-73.24131,CO
Condoto,5.09351,-76.64973,CO
Concordia,10.25757,-74.83333,CO
Concordia,9.83545,-74.45548,CO
Concordia,6.04639,-75.90705,CO
Concepción,6.76619,-72.694,CO
Concepción,6.39408,-75.2583,CO
Combita,5.63333,-73.31667,CO
Cómbita,5.63312,-73.32398,CO
Colosó,9.49477,-75.35271,CO
Colón,1.19034,-76.97369,CO
Colombia,3.37606,-74.8015,CO
Cogua,5.06051,-73.97925,CO
Coello,4.40306,-75.29417,CO
Coello,4.28908,-74.89825,CO
Cocorná,6.0573,-75.18524,CO
Coconuco,2.34249,-76.49581,CO
Clemencia,10.56645,-75.32499,CO
Cisneros,6.53833,-75.08861,CO
Circasia,4.61889,-75.63583,CO
Cimitarra,6.31419,-73.94968,CO
Ciénega,5.40867,-73.29572,CO
Ciénaga de Oro,8.87443,-75.62028,CO
Ciénaga,11.00703,-74.24765,CO
Cicuco,9.27756,-74.64312,CO
Chocontá,5.14468,-73.68578,CO
Choachí,4.52897,-73.92273,CO
Chivolo,10.02502,-74.62279,CO
Chivatá,5.55823,-73.28198,CO
Chitagá,7.13781,-72.66456,CO
Chita,6.19053,-72.47588,CO
Chiscas,6.55642,-72.50378,CO
Chiriguaná,9.36238,-73.60313,CO
Chíquiza,5.60412,-73.48518,CO
Chiquinquirá,5.61637,-73.81748,CO
Chipatá,6.06196,-73.63718,CO
Chipaque,4.4425,-74.04417,CO
Chinú,9.10569,-75.39812,CO
Chinchiná,4.9825,-75.60361,CO
Chinavita,5.16723,-73.36823,CO
Chinácota,7.60731,-72.60108,CO
Chimichagua,9.25778,-73.81228,CO
Chimá,9.14893,-75.62841,CO
Chima,6.34431,-73.37393,CO
Chigorodó,7.66638,-76.68106,CO
Chicoral,4.21536,-74.98189,CO
Chía,4.85876,-74.05866,CO
Charta,7.28025,-72.96782,CO
Charalá,6.28581,-73.14722,CO
Chaparral,3.72315,-75.48316,CO
Chámeza,5.21421,-72.86948,CO
Chalán,9.54765,-75.31128,CO
Chaguaní,4.94829,-74.59392,CO
Chachagüí,1.35943,-77.28367,CO
Cértegui,5.37073,-76.6044,CO
Cerro de San Antonio,10.32585,-74.86933,CO
Cerrito,6.84315,-72.69404,CO
Cerinza,5.95568,-72.94783,CO
Cereté,8.88479,-75.79052,CO
Cepitá,6.75427,-72.9744,CO
Caucasia,7.98654,-75.19349,CO
Castilla La Nueva,3.82722,-73.68831,CO
Casabianca,5.07959,-75.12059,CO
Cartago,4.74639,-75.91167,CO
Cartago,1.55151,-77.11948,CO
Cartagena,10.39817,-75.49328,CO
Carolina,6.72439,-75.28168,CO
Carmen de Viboral,6.08236,-75.33509,CO
Carmen de Carupa,5.34862,-73.90168,CO
Carmen de Apicalá,4.14725,-74.72014,CO
Carlosama,0.86292,-77.72734,CO
Carcasí,6.62711,-72.62625,CO
Caramanta,5.54782,-75.64368,CO
Caracolí,6.4092,-74.75715,CO
Cáqueza,4.40569,-73.94683,CO
Capurganá,8.63805,-77.34609,CO
Capitanejo,6.52881,-72.69595,CO
Caparrapí,5.34644,-74.49147,CO
Cantagallo,7.37926,-73.9155,CO
Candelaria,10.45912,-74.8797,CO
Candelaria,3.40671,-76.34819,CO
Cañasgordas,6.74989,-76.02539,CO
Canalete,8.78558,-76.24065,CO
Campohermoso,5.03132,-73.10327,CO
Campo de la Cruz,10.37808,-74.88356,CO
Campoalegre,2.68489,-75.32311,CO
Campamento,6.9792,-75.29724,CO
Caloto,3.03586,-76.40788,CO
Calimita,3.91667,-76.5,CO
California,7.34776,-72.9458,CO
Cali,3.43054,-76.5199,CO
Caldono,2.79739,-76.48316,CO
Caldas,6.09106,-75.63569,CO
Caldas,5.55456,-73.86567,CO
Calarcá,4.52949,-75.64091,CO
Calamar,10.25271,-74.91574,CO
Calamar,1.9596,-72.65315,CO
Cajicá,4.91857,-74.02799,CO
Cajibío,2.62271,-76.57039,CO
Cajamarca,4.44234,-75.42874,CO
Caimito,8.78962,-75.11686,CO
Caicedonia,4.3324,-75.82665,CO
Caicedo,6.40511,-75.98255,CO
Cácota,7.26787,-72.64197,CO
Cáchira,7.74104,-73.0483,CO
Cachipay,5.26667,-74.56667,CO
Cachipay,4.73035,-74.43663,CO
Cáceres,7.58078,-75.34842,CO
Cabuyaro,4.2817,-72.79399,CO
Cabrera,6.5928,-73.2465,CO
Cabrera,3.98598,-74.48283,CO
Busbanzá,5.83047,-72.88419,CO
Bugalagrande,4.21207,-76.15564,CO
Guadalajara de Buga,3.90089,-76.29783,CO
Buesaco,1.38364,-77.15622,CO
Buenos Aires,3.01397,-76.64612,CO
Buenavista,9.31939,-74.97358,CO
Buenavista,9.21433,-74.31363,CO
Buenavista,9.04963,-76.0028,CO
Buenavista,8.22245,-75.48173,CO
Buenavista,5.51377,-73.94913,CO
Buenavista,4.35969,-75.73888,CO
Buenaventura,3.8801,-77.03116,CO
Buenaventura,3.58333,-77.0,CO
Bucarasica,8.04096,-72.86538,CO
Bucaramanga,7.125,-73.11895,CO
Briceño,7.11096,-75.55152,CO
Briceño,5.68822,-73.91784,CO
Providencia,1.23907,-77.59721,CO
Boyacá,5.45371,-73.3625,CO
Bosconia,9.97106,-73.88817,CO
Bolívar,5.9893,-73.77058,CO
Bolívar,4.3387,-76.18342,CO
Bolívar,1.83994,-76.96889,CO
Bojacá,4.73176,-74.34129,CO
Bogotá,4.60971,-74.08175,CO
Bochalema,7.61095,-72.64773,CO
Bocas de Satinga,2.34814,-78.32571,CO
Curbaradó,7.15778,-76.97111,CO
Boavita,6.33031,-72.58505,CO
Bituima,4.87252,-74.53925,CO
Betulia,6.90069,-73.28347,CO
Betulia,6.11284,-75.98378,CO
Betéitiva,5.91102,-72.80926,CO
Beté,5.99458,-76.7812,CO
Betania,5.74601,-75.97765,CO
Arboleda,1.49766,-77.13587,CO
Berbeo,5.22675,-73.12608,CO
Beltrán,4.80165,-74.74177,CO
Belmira,6.60508,-75.66619,CO
Bello,6.33732,-75.55795,CO
Belén de Umbría,5.20087,-75.86865,CO
Belén de los Andaquíes,1.41828,-75.87753,CO
Belén,5.98892,-72.91254,CO
Belén,1.59477,-77.05408,CO
Belalcázar,4.99528,-75.81278,CO
Becerril,9.70413,-73.2793,CO
Barranquilla,10.96854,-74.78132,CO
Barranco de Loba,8.94597,-74.10647,CO
Barrancas,10.95672,-72.79456,CO
Barranca de Upía,4.56963,-72.96676,CO
Barrancabermeja,7.06528,-73.85472,CO
Barichara,6.63572,-73.22282,CO
Barbosa,6.43809,-75.33136,CO
Barbosa,5.93168,-73.61507,CO
Barbacoas,1.67154,-78.13978,CO
Baraya,3.15333,-75.05306,CO
Baranoa,10.79408,-74.9164,CO
Balboa,4.94985,-75.95826,CO
Balboa,2.04183,-77.21646,CO
Bahía Solano,6.22622,-77.40439,CO
Bagadó,5.41164,-76.4152,CO
Ayapel,8.31372,-75.13982,CO
Ataco,3.59147,-75.38178,CO
Astrea,9.49828,-73.97591,CO
Arroyohondo,10.2522,-75.0198,CO
Guayabal,5.03103,-74.88683,CO
Armenia,6.15639,-75.78722,CO
Armenia,4.53656,-75.67263,CO
Arjona,10.25444,-75.34389,CO
Ariguaní,10.25,-74.0,CO
Argelia,5.73127,-75.14257,CO
Argelia,4.72342,-76.11909,CO
Argelia,2.25563,-77.24876,CO
Arenal,8.4589,-73.94162,CO
Arcabuco,5.75463,-73.43669,CO
Arboletes,8.85051,-76.42694,CO
Arboledas,7.64233,-72.79944,CO
Arbeláez,4.27254,-74.41513,CO
Arauquita,7.02917,-71.42806,CO
Arauca,7.08471,-70.75908,CO
Aratoca,6.69432,-73.01868,CO
Aranzazu,5.27123,-75.49044,CO
Aracataca,10.59181,-74.18983,CO
Aquitania,5.51858,-72.88387,CO
Apía,5.10658,-75.94244,CO
Apartadó,7.88299,-76.62587,CO
Anzoátegui,4.63087,-75.0946,CO
Anzá,6.30322,-75.85381,CO
Santa Fe de Antioquia,6.55687,-75.82806,CO
Ansermanuevo,4.79722,-75.995,CO
Anserma,5.33278,-75.79111,CO
Anorí,7.07273,-75.14768,CO
Anolaima,4.76333,-74.46472,CO
Angostura,6.88508,-75.33467,CO
Angelópolis,6.11072,-75.70923,CO
Andes,5.6561,-75.87877,CO
Andalucía,4.17061,-76.16641,CO
Ancuya,1.2633,-77.51376,CO
Anapoima,4.55099,-74.53517,CO
Anaime,4.39639,-75.445,CO
Ambalema,4.78405,-74.76268,CO
Amalfi,6.91016,-75.07764,CO
Amagá,6.04001,-75.70315,CO
Alvarado,4.56826,-74.9523,CO
Altamira,2.06278,-75.78722,CO
Almeida,4.97083,-73.37972,CO
Almaguer,1.91472,-76.85482,CO
Algeciras,2.52385,-75.31733,CO
Algarrobo,10.18694,-74.57528,CO
Alejandría,6.37745,-75.14065,CO
Aldana,0.88283,-77.70103,CO
Alcalá,4.67472,-75.7825,CO
Albania,11.16099,-72.59238,CO
Albania,5.75894,-73.91376,CO
Albania,5.76667,-73.23333,CO
Albania,1.32866,-75.87824,CO
Albán,4.87661,-74.43768,CO
Aipe,3.22222,-75.23667,CO
Aguazul,5.17282,-72.54706,CO
Agua de Dios,4.37648,-74.66995,CO
Aguadas,5.61161,-75.45624,CO
Aguachica,8.30844,-73.6166,CO
Agrado,2.25725,-75.77142,CO
Achí,8.5695,-74.55715,CO
Acevedo,1.80464,-75.89036,CO
Acandí,8.51158,-77.27719,CO
Acacías,3.98695,-73.75797,CO
Abriaquí,6.63148,-76.06444,CO
Abrego,8.08202,-73.22135,CO
Abejorral,5.78928,-75.42725,CO
Los Santos,7.17,-73.09306,CO
Lejanías,3.52762,-74.02335,CO
El Dorado,2.77411,-72.86834,CO
Curillo,1.03327,-75.91907,CO
Laureles,4.25917,-75.3225,CO
Santacruz,1.5209,-77.26206,CO
Campo Alegre,3.18917,-75.70361,CO
Santiago Pérez,3.39806,-75.605,CO
El Tarra,8.57506,-73.09607,CO
Labateca,7.29889,-72.49472,CO
La Hormiga,0.4258,-76.90558,CO
Mesetas,3.38463,-74.04424,CO
Bellavista,6.55645,-76.88389,CO
Génova,4.20796,-75.78881,CO
Chivor,4.88556,-73.36889,CO
Monterrey,4.87802,-72.89575,CO
Paratebueno,4.37575,-73.21547,CO
Puerto Gaitán,4.31328,-72.08157,CO
Sabanalarga,4.8543,-73.04003,CO
Villanueva,4.61208,-72.92761,CO
Morales,2.75446,-76.62791,CO
Villa Rica,2.5142,-76.84939,CO
Quípama,5.5194,-74.17765,CO
La Cumbre,3.7225,-76.02083,CO
Canalete,8.67611,-76.20417,CO
Fredonia,5.92583,-75.67056,CO
Santa María,2.93897,-75.5858,CO
Bosconia,4.85583,-73.98167,CO
Gachetá,4.81854,-73.63659,CO
San Carlos,8.74372,-75.71331,CO
San Andrés,6.90333,-75.6825,CO
Buriticá,6.71873,-75.90734,CO
Carepa,7.75849,-76.65255,CO
Ciudad Bolívar,5.85389,-76.02528,CO
Vegachí,6.76141,-74.79473,CO
Altos del Rosario,8.79162,-74.16556,CO
Santa Rosa del Sur,7.96444,-74.05444,CO
Tiquisio,8.55666,-74.26355,CO
Covarachía,6.50563,-72.7331,CO
Cartagena del Chairá,1.33488,-74.84289,CO
Agustín Codazzi,10.03672,-73.23558,CO
Manaure Balcón del Cesar,10.39278,-73.0325,CO
San Martín,8.00181,-73.51143,CO
El Cantón de San Pablo,5.33889,-76.73139,CO
El Retorno,2.33022,-72.62765,CO
Isnos,1.93556,-76.24056,CO
Plato,9.79029,-74.78244,CO
El Dorado,3.73924,-73.83489,CO
Mapiripán,2.89115,-72.13328,CO
Puerto Concordia,2.62206,-72.75724,CO
La Tola,2.39949,-78.18923,CO
La Esperanza,7.64059,-73.32762,CO
Puerto Guzmán,0.97028,-76.58583,CO
El Playón,7.47131,-73.2031,CO
Santa Helena del Opón,6.33997,-73.61696,CO
Carurú,1.01402,-71.29624,CO
Tibacuy,4.35111,-72.45639,CO
Santa Genoveva de Docordó,4.25875,-77.36516,CO
Aguada,6.16232,-73.5221,CO
La Macarena,2.18266,-73.7871,CO
Valle del Guamuez,0.4525,-76.91917,CO
Santa Isabel,3.34944,-74.98056,CO
San José del Fragua,1.33196,-75.97409,CO
San José del Guaviare,2.56799,-72.63972,CO
Orito,0.66749,-76.87297,CO
Puerto Caicedo,0.68362,-76.60439,CO
Solita,0.87516,-75.61943,CO
Samaná,5.41258,-74.99219,CO
Puerto Guzmán,0.96454,-76.40795,CO
Piamonte,1.12002,-76.32131,CO
Rionegro,7.26456,-73.15012,CO
Alpujarra,3.39176,-74.93344,CO
Dolores,3.5391,-74.89752,CO
Puerto Lleras,3.26942,-73.37537,CO
Piendamo,2.63918,-76.53055,CO
Barrio San Luis,4.66779,-74.0215,CO
Armero-Guyabal,4.96701,-74.90294,CO
Sopetrán,6.5018,-75.74309,CO
Valdivia,7.16433,-75.43906,CO
Socha,5.99732,-72.69138,CO
Chitaraque,6.02839,-73.44703,CO
San Fernando,9.21093,-74.31797,CO
San Martín de Loba,8.936,-74.03975,CO
Anserma,5.23479,-75.78465,CO
La Merced,5.39961,-75.54719,CO
El Carmen de Atrato,5.89862,-76.14205,CO
Puerto Libertador,7.8894,-75.67015,CO
La Apartada,8.04911,-75.33728,CO
San Cayetano,5.3359,-74.02659,CO
Ubalá,4.74389,-73.53472,CO
El Colegio,4.58103,-74.44293,CO
Santa Cruz del Islote,9.78594,-75.85899,CO
Zuña,-2.18781,-78.35907,EC
Zumbahua,-0.96098,-78.89839,EC
Zaruma,-3.69227,-79.61254,EC
Bolívar,0.44604,-80.04376,EC
Zamora,-4.06446,-78.95123,EC
Zambi,-3.91445,-79.53616,EC
Yaruquíes,-1.68908,-78.67636,EC
Yaruquí,-0.16544,-78.31627,EC
Yantzaza,-3.83299,-78.76122,EC
Yanayacu,-1.43361,-78.66487,EC
Yaguachi Nuevo,-2.09757,-79.69261,EC
Vinces,-1.55637,-79.75249,EC
Vilcabamba,-4.26077,-79.22265,EC
Viche,0.65848,-79.54084,EC
Ventanas,-1.44285,-79.46274,EC
El Empalme,-1.04491,-79.6384,EC
Veintiocho de Mayo,-3.63617,-78.92654,EC
Valladolid,-4.55137,-79.13199,EC
Valencia,-0.95312,-79.35513,EC
Valdez,1.24917,-78.98306,EC
Urdaneta,-3.60534,-79.21076,EC
Urcuquí,0.41845,-78.19477,EC
Tutupali,-3.52936,-78.95075,EC
Tupigachi,0.077,-78.18108,EC
Tumbaco,-0.21477,-78.40067,EC
Tumbabiro,0.46125,-78.19168,EC
Tulcán,0.8124,-77.71709,EC
Tosagua,-0.78585,-80.2346,EC
Tonchigüe,0.82829,-79.94627,EC
Tocachi,0.04404,-78.28913,EC
Toacaso,-0.75734,-78.68657,EC
Tixán,-2.15196,-78.80322,EC
Tisaleo,-1.34891,-78.66931,EC
Tiputini,-0.78774,-75.5293,EC
Timbiré,0.95905,-78.86516,EC
Tenguel,-2.99542,-79.79154,EC
Tendales,-3.12201,-79.84602,EC
Tena,-0.9961,-77.81315,EC
Telembí,0.80802,-78.92845,EC
Tayuza,-2.69826,-78.23879,EC
Tarapoa,-0.12425,-76.3457,EC
Taquil,-3.89018,-79.28906,EC
Tanicuchí,-0.78135,-78.63824,EC
Taisha,-2.33965,-77.46031,EC
Tababela,-0.18627,-78.34409,EC
Suscal,-2.43728,-79.05172,EC
Sucúa,-2.45737,-78.17102,EC
Sucre,-1.27987,-80.41776,EC
Sucre,-1.26369,-78.4947,EC
La Bocana,0.86038,-79.87476,EC
Sinincay,-2.85107,-79.01478,EC
Simón Bolívar,-2.18471,-80.35916,EC
Simón Bolívar,-2.00248,-79.48517,EC
Simiatug,-1.29177,-78.96072,EC
Sigsig,-3.05089,-78.79563,EC
Sigchos,-0.7047,-78.88868,EC
Villa La Unión,-1.70179,-78.77346,EC
Sibambe,-2.22599,-78.89088,EC
Shushufindi,-0.18555,-76.64491,EC
Shell,-1.50538,-78.06332,EC
Sevilla Don Bosco,-2.31577,-78.10141,EC
Selva Alegre,-3.55121,-79.34549,EC
Selva Alegre,0.93229,-78.85987,EC
Cuellaje,0.39824,-78.52654,EC
Sardinas,-0.38433,-77.83746,EC
Saraguro,-3.62459,-79.23919,EC
Saquisilí,-0.8399,-78.667,EC
San Vicente de Pusir,0.49348,-78.04609,EC
San Vicente,-0.58998,-80.40704,EC
Santo Domingo de los Colorados,-0.25368,-79.17628,EC
Playa de Oro,0.87582,-78.79493,EC
Santiago,-3.7938,-79.28192,EC
Santiago,-1.69968,-78.99985,EC
Santa Rosa de Flandes,-2.63689,-79.64748,EC
Santa Rosa,-3.45571,-79.9637,EC
Santa Rosa,-1.28199,-78.66371,EC
Santa Lucía,-2.18333,-80.0,EC
Santa Lucía,-1.7158,-79.98586,EC
Santa Fé,-1.61424,-79.01211,EC
Santa Elena,-2.22652,-80.85807,EC
Santa Clara,-1.26399,-77.88739,EC
Santa Ana de Vuelta Larga,-1.20784,-80.37059,EC
San Simón,-1.64114,-78.99012,EC
San Sebastián de Yuluc,-3.37078,-79.43836,EC
San Sebastián del Coca,-0.33909,-77.00571,EC
San Roque,-3.72748,-79.66866,EC
San Roque,0.30201,-78.23332,EC
Puerto Libre,0.19132,-77.48802,EC
San Pedro de Los Cofanes,-0.1379,-76.85299,EC
San Pedro de La Bendita,-3.94256,-79.43461,EC
San Pablo de Tenta,-3.5981,-79.28787,EC
San Miguelito,-1.20419,-78.53825,EC
San Miguel,-1.04559,-78.59019,EC
San Miguel de Bolívar,-1.70935,-79.04201,EC
San Mateo,-0.95958,-80.81057,EC
San Luis,-1.70937,-78.64533,EC
San Lucas,-3.73719,-79.26313,EC
San Lorenzo,-1.67609,-78.99725,EC
San Lorenzo de Esmeraldas,1.28626,-78.83514,EC
San Juan de Pastocalle,-0.72692,-78.63548,EC
San Juan de Ilumán,0.27297,-78.23363,EC
San Juan Bosco,-3.11905,-78.53089,EC
San Juan,-1.66667,-79.76667,EC
San Juan,-1.62709,-79.56001,EC
San Juan,-1.63384,-78.78255,EC
San José de Quichinche,0.23677,-78.28883,EC
San José del Tambo,-1.95606,-79.23633,EC
Chamanga,0.26879,-79.95519,EC
San José de Ancón,-1.75991,-80.76901,EC
San Isidro de Patulú,-1.58565,-78.69001,EC
San Isidro,0.60215,-77.98673,EC
San Isidro,-0.379,-80.18561,EC
San Gregorio,0.5283,-79.97049,EC
Sangolquí,-0.33405,-78.45217,EC
San Gabriel,0.59354,-77.83066,EC
San Francisco de Onzole,0.88721,-79.07775,EC
San Carlos,-1.11595,-79.43625,EC
San Blas,0.4125,-78.20507,EC
San Antonio de Bayushig,-1.54851,-78.52045,EC
San Antonio,-3.98193,-79.66496,EC
San Antonio,0.33266,-78.17046,EC
San Andrés,-1.59157,-78.70243,EC
Samborondón,-1.96071,-79.72566,EC
El Salitre,-1.8302,-79.8179,EC
Salinas,-2.21452,-80.95151,EC
Salima,0.32441,-79.96445,EC
Salango,-1.59239,-80.84262,EC
Sabanilla,-3.96593,-79.05659,EC
Sabanilla,-1.84338,-80.22248,EC
Rosa Zarate,0.32779,-79.47407,EC
Rocafuerte,1.06735,-79.37374,EC
Rocafuerte,-0.92447,-80.45017,EC
Río Verde,1.07282,-79.41255,EC
Ríochico,-0.99506,-80.41655,EC
Riobamba,-1.66506,-78.65887,EC
Ricaurte,-2.86198,-78.96435,EC
Ricaurte,-1.57147,-79.46772,EC
Ricaurte,-0.58257,-80.04133,EC
Quisapincha,-1.2349,-78.68463,EC
Quito,-0.22985,-78.52495,EC
Quiroga,0.28295,-78.28492,EC
Quingue,0.71788,-80.0944,EC
Quimiag,-1.658,-78.56737,EC
Quevedo,-1.02881,-79.46264,EC
Quero,-1.38068,-78.6083,EC
Puyo,-1.49156,-78.00337,EC
Punín,-1.76584,-78.65654,EC
Pungalá,-1.81726,-78.59325,EC
Pujilí,-0.95759,-78.69636,EC
Puerto Villamil,-0.95542,-90.96654,EC
Puerto Pechiche,-1.42602,-79.56037,EC
Puerto Napo,-1.04231,-77.7939,EC
Puerto López,-1.55873,-80.80931,EC
Puerto Limón,-0.3881,-79.37325,EC
Puerto Francisco de Orellana,-0.44967,-76.99724,EC
Puerto de Cayo,-1.34858,-80.73908,EC
Puerto Bolívar,-3.26649,-79.99749,EC
Puerto Baquerizo Moreno,-0.90172,-89.61021,EC
Puerto Ayora,-0.74018,-90.3138,EC
Puela,-1.51507,-78.50744,EC
Pueblo Viejo,-1.55069,-79.53362,EC
Pueblo Nuevo,-1.20888,-80.06888,EC
Valle de La Virgen,-1.7405,-80.19562,EC
Posorja,-2.70924,-80.24719,EC
Portoviejo,-1.05764,-80.45145,EC
Portovelo,-3.71601,-79.61893,EC
Pomasqui,-0.0542,-78.45382,EC
Playas,-2.63199,-80.38808,EC
Piñas Grande,-3.66782,-79.69635,EC
Piñas,-3.68017,-79.68169,EC
Pimocha,-1.83349,-79.60813,EC
Pimampiro,0.39093,-77.94094,EC
Píllaro,-1.17381,-78.55092,EC
San Bartolomé de Pinllo,-1.29823,-78.72696,EC
Piedras,-3.63663,-79.91519,EC
Picoazá,-1.03603,-80.49335,EC
Perucho,0.11012,-78.42423,EC
Penipe,-1.56592,-78.53159,EC
Pelileo,-1.33057,-78.54523,EC
Pedro Vicente Maldonado,0.08527,-79.05095,EC
Pedro Pablo Gómez,-1.62688,-80.56084,EC
Pedro Carbo,-1.81619,-80.23431,EC
Pedernales,0.07168,-80.05216,EC
Paute,-2.77957,-78.76155,EC
Pasaje,-3.32561,-79.80697,EC
El Paraíso de Celén,-3.60111,-79.33934,EC
San Gerardo de Pacaicaguán,-1.63919,-78.61637,EC
Papallacta,-0.37654,-78.14241,EC
Palora,-1.70087,-77.96609,EC
Palmira,-2.08155,-78.73106,EC
Pallatanga,-1.99856,-78.96629,EC
Palestina,-1.93709,-79.71396,EC
Palestina,-1.62825,-79.97932,EC
Palenque,-1.43757,-79.7569,EC
Palanda,-4.64953,-79.1323,EC
Paján,-1.55266,-80.42846,EC
Pacto,0.14238,-78.76658,EC
Paccha,-3.58811,-79.66553,EC
Paccha,-2.89888,-78.9348,EC
Pablo Arenas,0.50122,-78.19166,EC
Oyacachi,-0.21311,-78.08836,EC
Otavalo,0.23457,-78.26248,EC
San Felipe de Oña,-3.46986,-79.15436,EC
Olmedo,-3.93435,-79.64646,EC
Olmedo,-1.39527,-80.2108,EC
Nulti,-2.91667,-78.85,EC
Nueva Tarqui,-3.45864,-78.66442,EC
Nono,-0.06694,-78.57732,EC
Noboa,-1.41115,-80.39402,EC
Las Nieves,-3.34186,-79.11528,EC
Nazón,-2.70241,-78.91014,EC
Nayón,-0.15817,-78.43923,EC
San Francisco de Natabuela,0.3384,-78.19378,EC
Naranjito,-2.17071,-79.465,EC
Naranjal,-2.67638,-79.61735,EC
Nambacola,-4.14105,-79.43063,EC
Nabón,-3.33875,-79.06572,EC
Mulaló,-0.78064,-78.57534,EC
Muisne,0.61045,-80.0186,EC
Moraspungo,-1.17409,-79.22341,EC
Morales,-3.71873,-79.5432,EC
Montecristi,-1.04576,-80.65889,EC
Montalvo,-2.04934,-77.00856,EC
Montalvo,-1.79008,-79.28759,EC
Montalvo,1.05012,-79.31189,EC
Mocha,-1.4191,-78.66202,EC
Mocache,-1.18891,-79.50619,EC
Mira,0.55069,-78.04034,EC
Mindo,-0.05201,-78.77633,EC
Milagro,-2.13396,-79.59337,EC
Mera,-1.46053,-78.11348,EC
Santiago de Méndez,-2.71851,-78.31936,EC
Membrillal,-1.23781,-80.66546,EC
Matus,-1.55823,-78.50279,EC
Mariano Moreno,-2.8561,-78.73087,EC
Mariano Acosta,0.2966,-77.98287,EC
Marcos Espinel,-1.17402,-78.5242,EC
Marcabelí,-3.7839,-79.91227,EC
Manuel J. Calle,-2.35615,-79.39949,EC
San Antonio de Manú,-3.48638,-79.41077,EC
Manta,-0.94937,-80.73137,EC
Malvas,-3.65941,-79.62724,EC
Malimpia,0.41439,-79.42889,EC
Maldonado,1.06953,-78.90866,EC
Malacatos,-4.21908,-79.25991,EC
Majua,0.70384,-79.5293,EC
Madre Tierra,-1.5423,-78.03471,EC
Machalilla,-1.47382,-80.76384,EC
Machala,-3.25886,-79.95876,EC
Machachi,-0.51273,-78.57066,EC
Macas,-2.30741,-78.12026,EC
Macará,-4.38184,-79.94521,EC
Los Encuentros,-3.75993,-78.64803,EC
Los Andes,0.49808,-77.93833,EC
Lomas de Sargentillo,-1.88082,-80.08354,EC
Loja,-3.99313,-79.20422,EC
Llano Chico,-0.12742,-78.44429,EC
Llacao,-2.86667,-78.88333,EC
Limoncocha,-0.41053,-76.62387,EC
Licto,-1.80539,-78.60409,EC
Lincán,-1.65284,-78.70592,EC
La Victoria de Imbana,-3.8468,-79.12021,EC
Laurel,-1.78474,-79.90908,EC
La Unión,-2.85,-78.78333,EC
La Unión,-1.70763,-79.39447,EC
La Unión,0.81017,-79.866,EC
La Troncal,-2.42466,-79.34159,EC
La Tingue,-3.91059,-79.5785,EC
Latacunga,-0.93424,-78.6152,EC
Las Naves,-1.28584,-79.31473,EC
Lascano,-1.53068,-80.23042,EC
La Puntilla,-2.13556,-79.86588,EC
La Providencia,-1.55206,-78.54326,EC
La Paz,-3.701,-78.89673,EC
La Paz,0.50961,-77.86597,EC
La Merced de Buenos Aires,0.61765,-78.3175,EC
La Merced,-0.29286,-78.39977,EC
La Maná,-0.94096,-79.22655,EC
Magdalena,-1.66364,-79.06802,EC
La Libertad,-2.233,-80.91039,EC
La Libertad,0.65325,-77.94381,EC
La Joya de Los Sachas,-0.29394,-76.85573,EC
Nueva Loja,0.086,-76.89528,EC
La Esperanza,0.29791,-78.11935,EC
La Concordia,0.00801,-79.39462,EC
Concepción,0.6054,-78.12651,EC
La Bocana,-3.689,-79.90254,EC
La Avanzada,-3.53779,-79.95881,EC
Junín,-0.92777,-80.20583,EC
Julcuy,-1.47698,-80.62584,EC
Juan Benigno Vela,-1.30173,-78.69407,EC
Padre Juan Bautista Aguirre,-1.87691,-79.86209,EC
Joséguango Bajo,-0.81842,-78.59521,EC
Jipijapa,-1.34841,-80.57913,EC
Jesús María,-2.56825,-79.54587,EC
Jama,-0.20172,-80.26358,EC
Izamba,-1.22704,-78.58631,EC
Isla de Bejucal,-1.6775,-79.64494,EC
Isinliví,-0.75932,-78.8698,EC
Isidro Ayora,-1.88048,-80.14509,EC
Imantag,0.35716,-78.24871,EC
Ilapo,-1.54201,-78.58667,EC
Ibarra,0.34881,-78.12462,EC
Huertas,-3.60704,-79.63216,EC
Huaquillas,-3.47523,-80.23084,EC
Huambi,-2.53653,-78.16324,EC
Guambaló,-1.38807,-78.53221,EC
Antonio José de Holguín,-1.09798,-78.60374,EC
Yamana,-4.00016,-79.69839,EC
San Rafael,-0.31166,-78.45944,EC
Guaytacama,-0.82498,-78.64158,EC
Guizhaguiña,-3.69333,-79.55152,EC
El Güismi,-3.55671,-78.56439,EC
Uimbí,0.95798,-78.77188,EC
Guayquichuma,-3.82259,-79.57445,EC
Guayaquil,-2.19616,-79.88621,EC
Guasuntos,-2.2324,-78.81334,EC
Guasaganda Centro,-0.80287,-79.16001,EC
Guaranda,-1.59106,-78.99903,EC
Guanujo,-1.56046,-79.00888,EC
Guano,-1.60689,-78.63726,EC
Guanazán,-3.45935,-79.4921,EC
Guanando,-1.54566,-78.54385,EC
Guamote,-1.93499,-78.71043,EC
Gualel,-3.77022,-79.3756,EC
Guale,-1.63004,-80.23922,EC
Gualaquiza,-3.40352,-78.58148,EC
Gualaceo,-2.89418,-78.77907,EC
Guadalupe,-3.84664,-78.88896,EC
Guabo,-3.24401,-79.82874,EC
Gonzol,-2.26223,-78.84673,EC
Gonzanamá,-4.23081,-79.43545,EC
Girón,-3.16042,-79.14752,EC
Gima,-3.19109,-78.95787,EC
General Vernaza,-1.76275,-79.79105,EC
General Proaño,-2.26676,-78.12982,EC
General Morales,-2.40772,-79.02322,EC
General Leonidas Plaza Gutiérrez,-2.96677,-78.43207,EC
García Moreno,0.56017,-77.94819,EC
Galera,0.81656,-80.04648,EC
Flavio Alfaro,-0.40501,-79.90468,EC
Fernández Salvador,0.59999,-77.75227,EC
Febres Cordero,-1.99365,-79.35514,EC
Fátima,-1.42806,-77.99948,EC
Facundo Vela,-1.20551,-79.065,EC
Esmeraldas,0.9592,-79.65397,EC
Emilio María Terán,-1.22326,-78.51252,EC
El Triunfo,-1.93333,-79.96667,EC
El Triunfo,-1.30496,-78.4043,EC
Tambo,-2.50987,-78.92746,EC
El Rosario,-3.78495,-79.60649,EC
El Pangui,-3.62575,-78.58836,EC
Eloy Alfaro,-2.16919,-79.83987,EC
Eloy Alfaro,-0.40133,-80.08017,EC
El Esfuerzo,-0.41645,-79.27563,EC
El Eno,-0.06687,-76.87907,EC
El Corazón,-1.13663,-79.08137,EC
El Cisne,-3.85128,-79.42634,EC
El Chaco,-0.33904,-77.81115,EC
El Carmen,-0.27527,-79.46222,EC
El Ángel,0.62022,-77.94098,EC
Eloy Alfaro,-1.47121,-80.53392,EC
Echeandía,-1.43208,-79.28018,EC
Doctor Miguel Egas Cabezas,0.2502,-78.24371,EC
Diez de Agosto,-1.45829,-77.90637,EC
Déleg,-2.7725,-78.91913,EC
Daule,-1.86032,-79.97683,EC
Daule,0.40624,-80.01332,EC
Cuyabeno,-0.26501,-75.89186,EC
Curtincapa,-3.73102,-79.54934,EC
Cumbayá,-0.19874,-78.43013,EC
Cumbaratza,-3.99422,-78.86671,EC
Cumandá,-2.20497,-79.1358,EC
Cuenca,-2.8953,-78.9963,EC
Cubijíes,-1.64471,-78.58815,EC
Cube,0.57364,-79.64418,EC
Cristóbal Colón,0.606,-77.81192,EC
Cotaló,-1.4315,-78.51301,EC
Cotacachi,0.29947,-78.26565,EC
Coronel Marcelino Maridueña,-2.21025,-79.43734,EC
Convento,-0.27689,-80.03679,EC
Concepción,1.03651,-78.82888,EC
Colón,-1.11295,-80.41389,EC
Colimes,-1.54566,-80.01158,EC
Colaisaca,-4.31809,-79.69301,EC
Cojimíes,0.36644,-80.03592,EC
Yerbero,0.58543,-79.48398,EC
Chuquiribamba,-3.84181,-79.34495,EC
Chunchi,-2.28971,-78.91987,EC
Chumundé,0.83098,-79.41922,EC
Chucchilán,-0.79953,-78.92072,EC
Chuga,0.37478,-77.90481,EC
Chordeleg,-2.92285,-78.77533,EC
Chontaduro,0.93059,-79.43588,EC
Chongón,-2.2364,-80.08249,EC
Chone,-0.6985,-80.0925,EC
Chiquintad,-2.81326,-79.00248,EC
San Francisco de Chinimbimi,-2.67913,-78.2145,EC
Chinca,0.77068,-79.56828,EC
Chillanes,-1.9429,-79.06646,EC
Chilla,-3.4581,-79.58122,EC
Chicaña,-3.72732,-78.74698,EC
El Chaupi,-0.6021,-78.64294,EC
Charapotó,-0.83744,-80.48782,EC
Chantaco,-3.87879,-79.32894,EC
Changaimina,-4.22216,-79.52404,EC
Chambo,-1.73101,-78.59672,EC
Chaguarpamba,-3.87776,-79.64455,EC
Cevallos,-1.35496,-78.6164,EC
Celica,-4.10304,-79.95598,EC
Cebadas,-1.91184,-78.64389,EC
Cayambe,0.04103,-78.14636,EC
Catarama,-1.57091,-79.47335,EC
Catamayo,-3.98661,-79.35763,EC
Catacocha,-4.05031,-79.64982,EC
Cascol,-1.66429,-80.45917,EC
Casacay,-3.32298,-79.72281,EC
Carondelet,1.12589,-78.76242,EC
Cariamanga,-4.32804,-79.55575,EC
Canuto,-0.79886,-80.12855,EC
Canoa,-0.4638,-80.4545,EC
Cangonamá,-3.96526,-79.70275,EC
Cañar,-2.55941,-78.93808,EC
Calpi,-1.64579,-78.74325,EC
Calderón,-0.10511,-78.43139,EC
Calceta,-0.84582,-80.16389,EC
Cahuasquí,0.51401,-78.21289,EC
Buenavista,-3.89194,-79.71572,EC
Buena Vista,-3.36335,-79.84495,EC
San Jacinto de Buena Fé,-0.89409,-79.48985,EC
Boyacá,-0.56972,-80.17763,EC
Borbón,1.08814,-78.98954,EC
Pampanal de Bolívar,1.35251,-78.8936,EC
Bolívar,0.50245,-77.90533,EC
Boca Suno,-0.69832,-77.14083,EC
Biblián,-2.71343,-78.88976,EC
Bellavista,-1.3486,-80.28542,EC
Bella María,-3.49968,-79.89161,EC
Baños,-1.39699,-78.42289,EC
Balsas,-3.76146,-79.82422,EC
Balzar,-1.36553,-79.90507,EC
Balao,-2.9106,-79.81505,EC
Bahía de Caráquez,-0.60033,-80.42444,EC
Babahoyo,-1.80493,-79.52492,EC
Baba,-1.78443,-79.6787,EC
Azogues,-2.73982,-78.84561,EC
Ayapamba,-3.61089,-79.6782,EC
Atuntaqui,0.32759,-78.21908,EC
Atahualpa,-1.21803,-78.61148,EC
Camarones,0.85435,-78.965,EC
Atacames,0.86903,-79.84806,EC
Asunción,-1.66494,-79.03916,EC
Ascázubi,-0.08333,-78.29314,EC
Arenillas,-3.55399,-80.06682,EC
Archidona,-0.9095,-77.80772,EC
Arajuno,-1.23302,-77.6875,EC
Antonio Sotomayor,-1.64229,-79.80217,EC
Anchayacu,0.95464,-79.05901,EC
Ambato,-1.24908,-78.61675,EC
Ambatillo,-1.22873,-78.65821,EC
Alfredo Baquerizo Moreno,-1.91667,-79.51667,EC
Alausí,-2.20128,-78.84781,EC
Ahuano,-1.05868,-77.54592,EC
Achupallas,-2.28302,-78.76895,EC
Abdón Calderón,-1.02979,-80.34285,EC
Lagarto,1.04327,-79.28036,EC
Gonzalo Pizarro,0.01674,-77.37924,EC
Sevilla,0.08516,-77.12609,EC
Jambelí,0.08451,-77.07557,EC
Colón Eloy del María,1.0192,-78.90993,EC
Barraganete,-0.77666,-79.69672,EC
San Pedro de Suma,-0.21776,-79.54118,EC
Cuatro de Diciembre,-0.25046,-79.48814,EC
Valle Hermoso,-0.08726,-79.27944,EC
Chigüilpe,-0.03793,-79.26008,EC
Santa María del Toachi,-0.64004,-79.22955,EC
Luz de América,-0.40579,-79.30323,EC
Wilfrido Loor Moreira,-0.35294,-79.66033,EC
Tres Postes,-1.98745,-79.60451,EC
Oyambarillo,-0.19516,-78.33173,EC
Leonidas Plaza Gutiérrez,-0.62754,-80.42504,EC
Puerto Quito,0.12123,-79.25399,EC
El Quinche,-0.11071,-78.29685,EC
Salinas,0.49444,-78.13104,EC
San José de Chaltura,0.35367,-78.19501,EC
Vacas Galindo,0.30417,-78.56715,EC
Rumipamba,-0.08423,-76.98602,EC
Alangasí,-0.3074,-78.41609,EC
San Jacinto de Bua,-0.14753,-79.39442,EC
Cangahua,-0.06304,-78.16718,EC
Conocoto,-0.29341,-78.47569,EC
San Antonio,-0.28881,-78.57724,EC
Siete de Julio,-0.18574,-76.78229,EC
Comité del Pueblo,-0.09497,-78.52776,EC
Pacayacu,-0.04061,-76.58591,EC
Tabacundo,0.04782,-78.2198,EC
El Paraíso,-0.22615,-76.84804,EC
Piartal,0.56636,-77.77193,EC
Tonsupa,0.89018,-79.81023,EC
Puembo,-0.17755,-78.35876,EC
San Vicente,-0.30394,-76.53565,EC
La Dolorasa del Priorato,0.38479,-78.10934,EC
Cuyuja,-0.41475,-78.02634,EC
Chontaduro,0.73553,-79.75683,EC
Valdez,0.98407,-78.89426,EC
Santo Domingo de Onzole,0.79857,-79.07007,EC
Pañacocha,-0.45101,-76.06921,EC
El Reventador,-0.04647,-77.52874,EC
Aguas Negras,-0.13058,-76.29982,EC
El Rosario,-1.05166,-79.8122,EC
Huamboya,-1.94564,-77.991,EC
Quinsaloma,-1.20601,-79.31383,EC
El Triunfo,-2.33289,-79.40015,EC
Loma de Franco,-3.34262,-79.79299,EC
San Pedro de Vilcabamba,-4.24269,-79.22164,EC
San Luis de Pambil,-1.23396,-79.23981,EC
San José de Chazo,-1.53032,-78.55303,EC
El Porvenir del Carmen,-4.54671,-79.03472,EC
Las Mercedes,-1.27018,-79.32236,EC
Sinaí,-2.09499,-78.05278,EC
Pelileo Grande,-1.32969,-78.52784,EC
Caluma,-1.63085,-79.25729,EC
Ventura,-2.24811,-79.12386,EC
La Susaya,-3.67736,-79.69068,EC
Torata,-3.6015,-79.88718,EC
Tarifa,-1.97887,-79.75455,EC
La Esperanza,-0.96615,-79.42283,EC
Chiguinda,-3.2289,-78.71978,EC
San Francisco del Vergel,-4.67844,-79.0455,EC
Chile,-4.28882,-79.50321,EC
Amarillos,-3.8723,-79.69316,EC
Uzhcurrumi,-3.32313,-79.59543,EC
Sinsao,-3.66407,-79.58263,EC
San José,-3.62781,-79.65517,EC
Salvias,-3.63779,-79.54828,EC
Puerto Jelí,-3.41444,-79.99503,EC
Muluncay,-3.63625,-79.63615,EC
Milagro,-3.628,-79.66126,EC
Bella María,-3.76134,-79.84784,EC
Arcapamba,-3.64804,-79.61741,EC
Cordoncillo,-3.59246,-79.64823,EC
Zorritos,-3.68046,-80.67819,PE
Yurimaguas,-5.90181,-76.12234,PE
Yuracmarca,-8.73761,-77.9036,PE
Yuracyacu,-5.93139,-77.22667,PE
Yupán,-8.61473,-77.9687,PE
Yungay,-9.13833,-77.74361,PE
Yungar,-9.37782,-77.59224,PE
Yorongos,-6.13972,-77.14389,PE
Yauyucán,-6.67714,-78.81866,PE
Yauya,-8.99135,-77.29147,PE
Yaután,-9.51191,-77.99637,PE
Yarumayo,-10.00457,-76.46873,PE
Yantaló,-5.97417,-77.02,PE
Yanas,-9.71457,-76.74891,PE
Yanama,-9.02094,-77.47102,PE
Yanac,-8.6179,-77.86362,PE
Yambrasbamba,-5.73581,-77.92487,PE
Yamango,-5.18114,-79.75055,PE
Yacus,-9.98457,-76.50534,PE
Vista Alegre,-6.15139,-77.30056,PE
Virú,-8.41554,-78.75201,PE
Vice,-5.41667,-80.78333,PE
Uticyacu,-6.60659,-78.79384,PE
Usquil,-7.81583,-78.41921,PE
Umbe,-8.62302,-77.53545,PE
Ucuncha,-7.13333,-77.88333,PE
Uco,-9.18831,-76.92848,PE
Uchumarca,-7.04703,-77.80564,PE
Uchiza,-8.45917,-76.46333,PE
Tunal,-5.21282,-79.67861,PE
Tumbes,-3.55592,-80.44258,PE
Túcume,-6.50637,-79.85725,PE
Trujillo,-8.11599,-79.02998,PE
Trompeteros,-3.81417,-75.05833,PE
Trinidad,-7.34911,-79.02993,PE
Tres Unidos,-6.80694,-76.22944,PE
Tournavista,-8.92904,-74.7054,PE
Totora,-6.4925,-77.47306,PE
Tocmoche,-6.4125,-79.36194,PE
Tocache,-8.1877,-76.52046,PE
Tingo María,-9.29532,-75.99574,PE
Tingo de Saposoa,-7.09385,-76.6417,PE
Tingo,-6.37167,-77.91194,PE
Tinco,-9.27071,-77.67783,PE
Ticapampa,-9.75661,-77.44534,PE
Tembladera,-7.25319,-79.1308,PE
Tayabamba,-8.27694,-77.29639,PE
Taurija,-8.30861,-77.42194,PE
Tauca,-8.47008,-78.03777,PE
Tarica,-9.39361,-77.57472,PE
Tarapoto,-6.50139,-76.36556,PE
Tantamayo,-9.39239,-76.72003,PE
Tambo Grande,-4.92694,-80.34472,PE
Tamarindo,-4.87722,-80.97306,PE
Tamanco,-5.85,-74.31667,PE
Talara,-4.57722,-81.27194,PE
Tacabamba,-6.39303,-78.61125,PE
Tablazo Norte,-5.38398,-80.7641,PE
Tabalosos,-6.35,-76.68333,PE
Tabaconas,-5.31472,-79.28278,PE
Suyo,-4.51367,-80.00173,PE
Sullana,-4.90389,-80.68528,PE
Sucre,-8.96167,-77.84275,PE
Sucre,-6.94266,-78.1357,PE
Succha,-9.82327,-77.65007,PE
Sorochuco,-6.91169,-78.25513,PE
Soritor,-6.13917,-77.10389,PE
Sondorillo,-5.33921,-79.42888,PE
Sondor,-5.31502,-79.41064,PE
Soloco,-6.26222,-77.74444,PE
Sojo,-4.90083,-80.81583,PE
Socota,-6.31536,-78.69964,PE
Sitabamba,-8.02331,-77.73155,PE
Sinsicap,-7.85183,-78.75623,PE
Singa,-9.38745,-76.81262,PE
Sinchao,-5.41667,-80.66667,PE
Simbal,-7.97613,-78.81346,PE
Sillapata,-9.75831,-76.7744,PE
Sihuas,-8.56667,-77.61667,PE
Shupluy,-9.21682,-77.6937,PE
Shunqui,-9.73137,-76.78345,PE
Shucushuyacu,-6.01667,-75.85,PE
Shirac,-7.34924,-78.04782,PE
Shilla,-9.23073,-77.62572,PE
Shapaja,-6.57972,-76.26278,PE
Shanao,-6.41133,-76.59396,PE
Shamboyacu,-7.02308,-76.13298,PE
Sexi,-6.56361,-79.05139,PE
Sechura,-5.55694,-80.82222,PE
Sayapullo,-7.59646,-78.46816,PE
Sauce,-6.69139,-76.21472,PE
Sartimbamba,-7.69954,-77.74131,PE
Saquena,-4.66667,-73.51667,PE
Saposoa,-6.93395,-76.77158,PE
Sapillica,-4.77872,-79.9822,PE
Sapalache,-5.15111,-79.43472,PE
Santo Tomás,-6.15136,-78.6823,PE
Santo Domingo de Capilla,-6.24459,-78.85531,PE
Santo Domingo,-5.02927,-79.87604,PE
Santiago de Chuco,-8.14099,-78.17329,PE
Santiago de Cao,-7.95889,-79.23917,PE
Santa Rosa,-6.45194,-77.455,PE
Santa Rosa,-8.52669,-78.06849,PE
Santa Rosa,-6.88111,-79.91972,PE
Santa Rosa,-6.75772,-79.82747,PE
Santa Rosa,-6.68333,-76.61667,PE
Santa María del Valle,-9.86305,-76.16945,PE
Santa Isabel,-5.76667,-74.51667,PE
Santa Elena,-6.02577,-74.09093,PE
Santa Cruz De Succhabamba,-6.62501,-78.94576,PE
Santa Cruz,-5.55,-75.8,PE
Santa Catalina de Pulán,-6.7388,-78.92044,PE
Santa,-8.98861,-78.61194,PE
San Rafael,-7.0304,-76.47499,PE
San Pedro de Lloc,-7.4289,-79.50416,PE
San Pedro de Chonta,-8.65615,-76.87502,PE
San Pablo,-7.11667,-78.83333,PE
San Pablo,-6.80814,-76.57314,PE
San Miguel de Pallaques,-7.00037,-78.85142,PE
San Martín,-6.51084,-76.74029,PE
San Marcos,-9.52491,-77.15681,PE
San Marcos,-7.33333,-78.18333,PE
San Luis,-9.08333,-77.35,PE
San Lucas ( Pueblo Nuevo de Colan),-4.90874,-81.05686,PE
San Lorenzo,-4.81667,-76.6,PE
San Juan de la Virgen,-3.62717,-80.43066,PE
San Juan,-7.29176,-78.49761,PE
San Juan,-3.77611,-73.28139,PE
Sisa,-6.61085,-76.69302,PE
San José de Lourdes,-5.10535,-78.91355,PE
San José del Alto,-5.46506,-79.01759,PE
San José,-6.73813,-79.8275,PE
San Jacinto,-4.84333,-80.87639,PE
San Jacinto,-3.64194,-80.4475,PE
San Ignacio,-5.14583,-79.00139,PE
San Gregorio,-7.05716,-79.09508,PE
San Felipe,-5.77044,-79.31372,PE
San Carlos,-5.96667,-77.93333,PE
San Bernardino,-7.16857,-78.82818,PE
San Benito,-7.42499,-78.92733,PE
San Antonio,-6.36667,-76.35,PE
San Andrés de Cutervo,-6.2383,-78.71288,PE
Saña,-6.91888,-79.582,PE
Samanco,-9.26167,-78.49611,PE
Salpo,-8.00547,-78.60649,PE
Sallique,-5.65701,-79.31591,PE
Salitral,-4.85722,-80.68111,PE
Salinera Colán,-5.03333,-81.06667,PE
Guadalupito,-8.95028,-78.62278,PE
Salaverry,-8.221,-78.97698,PE
Salas,-6.27472,-79.60417,PE
Sacanche,-7.06935,-76.71484,PE
Rumisapa,-6.44874,-76.4718,PE
Roque,-6.4,-76.8,PE
Rondos,-9.98395,-76.68904,PE
Rioja,-6.05675,-77.16651,PE
Requena,-5.06083,-73.85028,PE
Reque,-6.86556,-79.81778,PE
Recuay,-9.72215,-77.4563,PE
Ranrahirca,-9.17326,-77.72292,PE
Ramón Castilla,-4.26066,-69.95714,PE
Rahuapampa,-9.35911,-77.07858,PE
Quivilla,-9.59929,-76.72494,PE
Quiruvilca,-7.96667,-78.2,PE
Quinuabamba,-8.69713,-77.39851,PE
Quinjalca,-6.09222,-77.67806,PE
Quillo,-9.3289,-78.04198,PE
Quiches,-8.39506,-77.49075,PE
Querocoto,-6.35931,-79.03453,PE
Querocotillo,-6.27356,-79.03816,PE
Querecotillo,-4.83778,-80.64556,PE
Puños,-9.49735,-76.88469,PE
Punchao,-9.46221,-76.81953,PE
Puerto Santa,-8.98979,-78.64603,PE
Puerto Rico,-6.99222,-76.41917,PE
Puerto Inca,-9.377,-74.96564,PE
Puerto Galilea,-4.01512,-77.75835,PE
Puerto Casma,-9.46129,-78.38328,PE
Chao,-8.54306,-78.67917,PE
Pueblo Nuevo,-7.18806,-79.51528,PE
Pueblo Nuevo,-5.71667,-79.88333,PE
Pueblo Libre,-9.11075,-77.80181,PE
Pucará,-6.04184,-79.13012,PE
Pucallpa,-8.37915,-74.55387,PE
Hacienda Pucala,-6.77919,-79.60258,PE
Pucacaca,-6.85167,-76.34167,PE
Posic,-6.01389,-77.16361,PE
Poroto,-8.01137,-78.76788,PE
Ponto,-9.3258,-77.00438,PE
Pomalca,-6.7675,-79.77722,PE
Pomahuaca,-5.93189,-79.2296,PE
Pomabamba,-8.83333,-77.46667,PE
Piura,-5.18192,-80.65715,PE
Piscoyacu,-6.97984,-76.76813,PE
Pira,-9.58165,-77.70769,PE
Pión,-6.16222,-78.48278,PE
Pinra,-8.92483,-77.01538,PE
Pimentel,-6.83667,-79.93417,PE
Pilluana,-6.7775,-76.29056,PE
Picsi,-6.71778,-79.76972,PE
Picota,-6.92033,-76.33142,PE
Pelejo,-6.21667,-75.81667,PE
Pebas,-3.32879,-71.85505,PE
Paucas,-9.15248,-76.89849,PE
Paltashaco,-5.10307,-79.88742,PE
Pátapo,-6.73315,-79.6359,PE
Parobamba,-8.69586,-77.42999,PE
Parinari,-4.56667,-74.43333,PE
Pariacoto,-9.55923,-77.89061,PE
Papayal,-3.57141,-80.23454,PE
Pantoja,-0.96435,-75.18144,PE
Panao,-9.89778,-75.99333,PE
Pampas,-9.66667,-77.83333,PE
Pampas,-8.1951,-77.89572,PE
Pamparomas,-9.07276,-77.98158,PE
Pampa Hermosa,-7.2,-75.3,PE
Pallasca,-8.25315,-77.99898,PE
Paita,-5.08917,-81.11444,PE
Paimas,-4.6269,-79.94456,PE
Paiján,-7.73291,-79.3015,PE
Pacora,-6.42889,-79.83889,PE
Paclas,-6.06222,-77.97667,PE
Pachiza,-7.29718,-76.77185,PE
Pachas,-9.70651,-76.77113,PE
Paccha,-6.49739,-78.42444,PE
Pacasmayo,-7.40056,-79.57139,PE
Pacanga,-7.16667,-79.5,PE
Pacaipampa,-4.99502,-79.66773,PE
Oyotún,-6.84438,-79.30093,PE
Oxamarca,-7.04193,-78.06803,PE
Otuzco,-7.9,-78.58333,PE
Orellana,-6.9,-75.16667,PE
Omia,-6.46778,-77.39608,PE
Olto,-6.1025,-77.95944,PE
Olmos,-5.98472,-79.74528,PE
Olleros,-9.66682,-77.46563,PE
Olleros,-6.04861,-77.64583,PE
Obas,-9.79535,-76.66557,PE
Nuevo Lima,-7.09958,-76.47195,PE
Nueva Arica,-6.87278,-79.34278,PE
Niepos,-6.92747,-79.12898,PE
Nepeña,-9.1725,-78.35889,PE
Negritos,-4.65389,-81.30472,PE
Navarro,-6.33333,-75.75,PE
Nauta,-4.50561,-73.58026,PE
Naranjillo,-9.24864,-75.99374,PE
Nanchoc,-6.95972,-79.24222,PE
Namora,-7.20223,-78.32537,PE
Namballe,-5.00352,-79.08907,PE
Moyobamba,-6.03441,-76.97423,PE
Motupe,-6.15194,-79.71417,PE
Morropón,-5.1868,-79.97076,PE
Mórrope,-6.53536,-80.01104,PE
Moro,-9.13889,-78.18194,PE
Morales,-6.4802,-76.38477,PE
Montevideo,-6.61825,-77.82315,PE
Montero,-4.63066,-79.82855,PE
Monsefú,-6.87431,-79.86871,PE
Mollepata,-8.19344,-77.95753,PE
Molino,-9.91154,-76.01524,PE
Mocupe,-6.98944,-79.61917,PE
Mochumí,-6.54364,-79.86217,PE
Moche,-8.17111,-79.00917,PE
Mirgas,-9.07921,-77.09339,PE
Miraflores,-9.49396,-76.8187,PE
Miracosta,-6.40477,-79.28382,PE
Ninabamba,-6.65014,-78.78756,PE
Milpuc,-6.49361,-77.435,PE
Mendoza,-6.39444,-77.48167,PE
Matará,-7.25476,-78.25983,PE
Matapalo,-3.68234,-80.19948,PE
La Matanza,-5.21334,-80.09149,PE
Masisea,-8.60528,-74.30472,PE
Marcavelica,-4.87778,-80.70528,PE
Marcará,-9.32259,-77.60391,PE
Marcabal,-7.7,-78.03333,PE
Mancos,-9.19111,-77.71333,PE
Máncora,-4.10778,-81.0475,PE
Malvas,-9.92959,-77.65794,PE
Maino,-6.33667,-77.88,PE
Magdalena,-7.25061,-78.65933,PE
Magdalena,-6.37269,-77.90181,PE
Mache,-8.03008,-78.53501,PE
Macate,-8.7604,-78.06042,PE
Luya,-6.16389,-77.94528,PE
Lucmapampa,-6.94142,-78.09168,PE
Lucma,-8.91941,-77.41099,PE
Lucma,-7.64064,-78.55134,PE
Los Organos,-4.17806,-81.12472,PE
Los Baños del Inca,-7.16382,-78.46484,PE
Lonya Grande,-6.095,-78.42139,PE
Lonya Chico,-6.22938,-77.95501,PE
Longuita,-6.41417,-77.96861,PE
Longotea,-7.06667,-77.91667,PE
Longar,-6.38511,-77.54636,PE
Lobitos,-4.45674,-81.28487,PE
Lluchubamba,-7.52167,-77.97083,PE
Llata,-9.41667,-76.78333,PE
Llapo,-8.51444,-78.04207,PE
Llapa,-6.98027,-78.80736,PE
Llama,-8.91527,-77.30149,PE
Llama,-6.51465,-79.12008,PE
Llacanora,-7.19362,-78.42674,PE
Licupis,-6.424,-79.24201,PE
Levanto,-6.30833,-77.89861,PE
La Unión,-9.82702,-76.80199,PE
La Unión,-5.40232,-80.74224,PE
Las Palmas,-9.38412,-76.00505,PE
Las Lomas,-4.65333,-80.24667,PE
Laredo,-8.08965,-78.9602,PE
La Peca,-5.61111,-78.435,PE
La Pampa,-8.66202,-77.9012,PE
Lamud,-6.13722,-77.95361,PE
La Merced,-9.7354,-77.61653,PE
Lambayeque,-6.70111,-79.90611,PE
Lamas,-6.41667,-76.53333,PE
La Legua - San Jacinto,-5.23584,-80.65928,PE
Lajas,-6.56029,-78.73474,PE
La Jalca,-6.48611,-77.81528,PE
Huangala,-4.84147,-80.59948,PE
La Huaca,-4.91167,-80.96,PE
Lagunas,-5.22694,-75.67528,PE
Lagunas,-4.7894,-79.84439,PE
La Grama,-7.46442,-78.12946,PE
La Esperanza,-8.0764,-79.04371,PE
La Esperanza,-6.59265,-78.89544,PE
La Cuesta,-7.91892,-78.705,PE
Lacabamba,-8.26042,-77.89823,PE
La Arena,-5.34659,-80.71078,PE
Juanjuí,-7.17697,-76.72774,PE
Juan Guerra,-6.58278,-76.33,PE
Jircan,-9.24659,-76.71786,PE
Jimbe,-9.01312,-78.13776,PE
Jilili,-4.5827,-79.79713,PE
Jesús,-7.2497,-78.38035,PE
Jepelacio,-6.11667,-76.95,PE
Jeberos,-5.28333,-76.28333,PE
Jayanca,-6.39083,-79.82194,PE
Jangas,-9.4025,-77.57583,PE
Jamalca,-5.86722,-78.26167,PE
Jaén,-5.70729,-78.80785,PE
Iquitos,-3.74814,-73.2529,PE
Iparia,-9.30542,-74.44125,PE
Inguilpata,-6.24083,-77.95722,PE
Incahuasi,-6.23725,-79.31524,PE
Inahuaya,-7.15,-75.28333,PE
Ichocán,-7.36837,-78.13042,PE
Iberia,-5.66667,-74.15,PE
Huicungo,-7.3186,-76.77556,PE
Huaylillas,-8.18679,-77.34485,PE
Huaylas,-8.87226,-77.89297,PE
Huayán,-9.87507,-77.70815,PE
Huata,-9.01611,-77.86083,PE
Huasmín,-6.83762,-78.24501,PE
Huarmaca,-5.56583,-79.52194,PE
Huaripampa,-8.9517,-77.81485,PE
Huari,-9.34718,-77.17072,PE
Huaraz,-9.52614,-77.52869,PE
Huaranchal,-7.68333,-78.45,PE
Huánuco,-9.92882,-76.23989,PE
Huántar,-9.45191,-77.17523,PE
Huandoval,-8.33094,-77.97493,PE
Huanchay,-9.73333,-77.83333,PE
Huanchaco,-8.08144,-79.11907,PE
Huancas,-6.17372,-77.8647,PE
Huancabamba,-5.23861,-79.45056,PE
Huambos,-6.4527,-78.96093,PE
Huamachuco,-7.8,-78.06667,PE
Huayllabamba,-8.53596,-77.56768,PE
Huallanca,-9.89796,-76.94089,PE
Huallanca,-8.81832,-77.86188,PE
Hualgayoc,-6.7643,-78.60691,PE
Huacrachuco,-8.65,-77.08333,PE
Huacllán,-9.79788,-77.67547,PE
Huachis,-9.40989,-77.10042,PE
Huacchis,-9.20033,-76.7878,PE
Huacaybamba,-9.03819,-76.95293,PE
Huacaschuque,-8.30654,-78.0047,PE
Huacapampa,-6.9253,-78.13298,PE
Huacachi,-9.31641,-76.93577,PE
Honoria,-8.76949,-74.70911,PE
Habana,-6.08167,-77.09083,PE
Guzmango,-7.385,-78.89636,PE
Guadalupe,-7.25,-79.48333,PE
Granada,-6.09917,-77.62667,PE
Frias,-4.92958,-79.94796,PE
La Florida,-6.86901,-79.12253,PE
Florida ( Pomacochas),-5.82582,-77.96961,PE
Ferreñafe,-6.63889,-79.78889,PE
Eten,-6.90806,-79.86417,PE
San Antonio del Estrecho,-2.45012,-72.66896,PE
Encañada,-7.08498,-78.34284,PE
El Prado,-7.03368,-79.01111,PE
El Porvenir,-8.08333,-79.0,PE
El Parco District,-5.62436,-78.47594,PE
El Alto,-4.26851,-81.21719,PE
Dos Pueblos,-5.45,-80.76667,PE
Cutervo,-6.36667,-78.85,PE
Cusco,-7.25556,-76.47555,PE
Cusca,-8.51313,-77.86471,PE
Curgos,-7.85972,-77.94333,PE
Cumba,-5.93306,-78.66278,PE
La Caleta Culebras,-9.94889,-78.22528,PE
Cujillo,-6.11667,-78.53333,PE
Cuispes,-5.91667,-77.93333,PE
Cospán,-7.42703,-78.54233,PE
Corongo,-8.58333,-77.91667,PE
Coris,-9.83333,-77.75,PE
Contumazá,-7.36633,-78.80505,PE
Contamana,-7.33333,-75.01667,PE
Concordia,-4.56667,-74.78333,PE
Conchucos,-8.26862,-77.85233,PE
Conchán,-6.44431,-78.65594,PE
Colcamar,-6.30111,-77.9725,PE
Colcabamba,-9.59472,-77.80894,PE
Colasay,-5.97878,-79.06868,PE
Coishco,-9.02306,-78.61556,PE
Cochapetí,-9.98708,-77.64621,PE
Cochabamba,-9.49361,-77.85944,PE
Cochabamba,-6.47418,-78.88554,PE
Cocabamba,-6.6,-78.01667,PE
Churuja,-6.01417,-77.95333,PE
Churubamba,-9.82608,-76.13332,PE
Chuquis,-9.67691,-76.70508,PE
Chuquibamba,-6.9347,-77.85472,PE
Chupán,-9.74694,-76.64889,PE
Chumuch,-6.60297,-78.20031,PE
Chulucanas,-5.0925,-80.1625,PE
Chugur,-6.67067,-78.73853,PE
Chugay,-7.78167,-77.86833,PE
Chota,-6.55,-78.65,PE
Choros,-5.9003,-78.69377,PE
Chontalí,-5.64605,-79.08803,PE
Chongoyape,-6.64056,-79.38917,PE
Chocope,-7.79139,-79.22167,PE
Chisquilla,-5.88333,-77.73333,PE
Chirinos,-5.305,-78.89833,PE
Chiriaco,-5.16,-78.28889,PE
Chingas,-9.11904,-76.99153,PE
Chingalpa,-8.33907,-77.59821,PE
Chimuch,-6.51323,-78.32901,PE
Chimbote,-9.07508,-78.59373,PE
Chimbán,-6.25181,-78.47754,PE
Chillia,-8.12462,-77.51493,PE
Chilete,-7.22141,-78.8397,PE
Chiguirip,-6.42821,-78.7213,PE
Chiclayo,-6.77008,-79.85495,PE
Chicama,-7.84472,-79.14694,PE
Chetilla,-7.14701,-78.67271,PE
Chepén,-7.22436,-79.42476,PE
Chavinillo,-9.8585,-76.60855,PE
Chavin de Pariarca,-9.42312,-76.77111,PE
Chazuta,-6.57087,-76.13753,PE
Charat,-7.83333,-78.45,PE
Chalán,-6.64995,-78.2321,PE
Chalaco,-5.04097,-79.79589,PE
Chaglla,-9.84361,-75.90306,PE
Chadín,-6.47132,-78.41924,PE
Chachapoyas,-6.23169,-77.86903,PE
Chacas,-9.16209,-77.36604,PE
Celendín,-6.86544,-78.14552,PE
Cauday,-7.574,-78.07002,PE
Catán,-7.30043,-78.9332,PE
Catache,-6.67421,-79.03257,PE
Catacaos,-5.26667,-80.68333,PE
Catac,-9.8,-77.43333,PE
Caspisapa,-6.95694,-76.41806,PE
Casma,-9.47472,-78.30167,PE
Cascas,-7.48333,-78.81667,PE
Cascapara,-9.22583,-77.71639,PE
Casca,-8.85542,-77.39825,PE
Casa Grande,-7.74389,-79.18639,PE
Carhuaz,-9.28194,-77.64472,PE
Caraz,-9.04849,-77.81005,PE
Carabamba,-8.11667,-78.61667,PE
Canchaque,-5.37601,-79.60983,PE
Cancas,-3.94667,-80.94167,PE
Cañaveral,-3.94167,-80.65083,PE
Cañaris,-6.045,-79.26482,PE
Calzada,-6.03194,-77.06639,PE
Callayuc,-6.18099,-78.91022,PE
Caleta Cruz,-3.6375,-80.59167,PE
Calamarca,-8.17002,-78.41154,PE
Cajaruro,-5.73639,-78.42556,PE
Cajamarquilla,-9.63293,-77.74154,PE
Cajamarca,-7.16378,-78.50027,PE
Cajabamba,-7.61667,-78.05,PE
Cahuac,-9.85261,-76.63035,PE
Cachachi,-7.44877,-78.26873,PE
Cacatachi,-6.46282,-76.45108,PE
Cabana,-8.4,-78.03333,PE
Caballococha,-3.90583,-70.51639,PE
Buenos Aires,-8.13861,-79.04028,PE
Buenos Aires,-5.2671,-79.96759,PE
Buena Vista Alta,-9.43228,-78.20654,PE
Breu,-9.48333,-72.71667,PE
Bretaña,-5.26667,-74.28333,PE
Bolognesi,-8.35052,-78.05023,PE
Bernal,-5.45,-80.75,PE
Bellavista,-7.05614,-76.5911,PE
Bellavista,-5.66553,-78.67908,PE
Bellavista,-4.8902,-80.68074,PE
Barranquita,-6.26667,-76.01667,PE
Barranca,-4.83298,-76.67582,PE
Bambas,-8.6025,-77.99672,PE
Bambamarca,-6.68333,-78.53333,PE
Balsas,-6.83333,-78.01667,PE
Bagua Grande,-5.75611,-78.44111,PE
Bagua,-5.63311,-78.53431,PE
Ayabaca,-4.63983,-79.71491,PE
Aucayacu,-8.93139,-76.11315,PE
Asunción,-7.32349,-78.51858,PE
Ascope,-7.71444,-79.10778,PE
Aricapampa,-7.80609,-77.72023,PE
Arenal,-4.88333,-81.0275,PE
Arancay,-9.17227,-76.74895,PE
Aramango,-5.41639,-78.43583,PE
Anta,-9.35698,-77.59796,PE
Anguía,-6.34234,-78.60506,PE
Angasmarca,-8.13333,-78.06667,PE
Amotape,-4.88167,-81.01556,PE
Amashca,-9.23943,-77.64649,PE
Aija,-9.78099,-77.60973,PE
Aguaytía,-9.03778,-75.50906,PE
Aguas Verdes,-3.48139,-80.245,PE
Agua Blanca,-7.04626,-79.06061,PE
Agua Blanca,-6.72343,-76.69643,PE
Agallpampa,-7.9855,-78.54827,PE
Aczo,-9.15193,-76.98925,PE
Acopampa,-9.29442,-77.62574,PE
Acomayo,-9.80105,-76.07194,PE
Aco,-8.52312,-77.87758,PE
Puerto Callao,-8.35806,-74.57361,PE
Campo Verde,-8.47562,-74.8063,PE
Nueva Requena,-8.31139,-74.86222,PE
Pólvora,-7.90764,-76.67063,PE
La Coipa,-5.393,-78.90615,PE
La Sacilia,-6.00655,-78.6998,PE
Pueblo Nuevo,-9.07926,-76.06328,PE
Bolívar,-6.97681,-79.17801,PE
La Libertad de Pallán,-6.72353,-78.28233,PE
Alianza Cristiana,-3.47528,-76.43444,PE
Utco,-6.89644,-78.06331,PE
Las Pirias,-5.62725,-78.85257,PE
Zapatero,-6.531,-76.49134,PE
Cuñumbuqui,-6.51111,-76.48,PE
Utcurarca,-6.66306,-76.28667,PE
Buenos Aires,-6.79415,-76.32706,PE
Manuel Antonio Mesones Muro,-6.64361,-79.73806,PE
La Breita,-4.25691,-80.88599,PE
Papayal,-4.07771,-80.7369,PE
Zarumilla,-3.50306,-80.27306,PE
Belen,-3.76016,-73.2497,PE
Zurite,-13.45472,-72.25556,PE
Zepita,-16.49719,-69.10324,PE
Yura,-16.25223,-71.67969,PE
Yunguyo,-16.25,-69.08333,PE
Yunga,-16.2,-70.68333,PE
Yucay,-13.32139,-72.08222,PE
Yauyos,-12.45944,-75.91722,PE
Yaurisque,-13.66134,-71.92267,PE
Yauri,-14.79083,-71.40986,PE
Yauli,-11.71334,-75.47449,PE
Yauli,-11.66645,-76.08652,PE
Yauca,-15.66111,-74.52722,PE
Yarabamba,-16.54691,-71.47527,PE
Yanque,-15.64917,-71.65778,PE
Yangas,-11.69509,-76.84686,PE
Yanaquihua,-15.77511,-72.87583,PE
Yanaoca,-14.21806,-71.43167,PE
Yanahuaya,-14.25882,-69.1693,PE
Yanahuara,-16.38639,-71.54,PE
Yanahuanca,-10.51667,-76.49861,PE
Yanacancha,-12.20105,-75.38647,PE
Yanacancha,-10.24111,-76.64556,PE
Yanaca,-14.22574,-73.16012,PE
Vizcachane,-15.80861,-71.20111,PE
Vítor,-16.46576,-71.93541,PE
Vitis,-12.22394,-75.80804,PE
Vitarte,-12.03333,-76.93333,PE
Vischongo,-13.5891,-73.99503,PE
Viraco,-15.65694,-72.52528,PE
Viques,-12.15967,-75.23236,PE
Vinchos,-13.24193,-74.35433,PE
Viñac,-12.93111,-75.77861,PE
Vilque Chico,-15.21462,-69.68855,PE
Vilque,-15.76667,-70.25859,PE
Tupac Amaru,-13.71135,-76.1498,PE
Villa Rica,-10.73944,-75.26972,PE
Vilcanchos,-13.61167,-74.53194,PE
Vilcabamba,-14.07783,-72.62508,PE
Vilcabamba,-10.47806,-76.4475,PE
Vilca,-12.47745,-75.18336,PE
Vilavila,-15.18849,-70.65982,PE
Ventanilla,-11.87528,-77.11833,PE
Velinga,-15.27401,-73.02229,PE
Velille,-14.50889,-71.88528,PE
Végueta,-11.02253,-77.64378,PE
Usicayos,-14.12472,-69.96611,PE
Urubamba,-13.30472,-72.11583,PE
Uripa,-13.5325,-73.67722,PE
Urcos,-13.68611,-71.62278,PE
Urasqui,-16.03154,-73.17423,PE
Upahuacho,-14.9072,-73.3978,PE
Uñón,-15.72808,-72.43254,PE
Umachiri,-14.85347,-70.75351,PE
Ulcumayo,-10.96747,-75.8778,PE
Uchumayo,-16.42508,-71.67215,PE
Ubinas,-16.4,-70.86667,PE
Tuti,-15.53283,-71.54984,PE
Turpo,-13.78561,-73.47388,PE
Turpay,-14.22794,-72.62227,PE
Tupicocha,-12.00125,-76.47389,PE
Tupe,-12.74136,-75.80942,PE
Tungasuca,-14.16389,-71.47667,PE
Totos,-13.56722,-74.52361,PE
Totorales,-17.40593,-70.36642,PE
Toro,-15.26417,-72.92889,PE
Toraya,-14.05308,-73.29464,PE
Torata,-17.07694,-70.84333,PE
Tomepampa,-15.17306,-72.83083,PE
Tomay Kichwa,-10.07722,-76.21194,PE
Tomas,-12.23861,-75.74528,PE
Tocota,-15.65874,-74.09108,PE
Tibillo,-14.09306,-75.17194,PE
Tisco,-15.34723,-71.44659,PE
Tirapata,-14.95474,-70.40323,PE
Tiquillaca,-15.79738,-70.18687,PE
Tipán,-15.72313,-72.50197,PE
Tinyahuarco,-10.76771,-76.27523,PE
Tintay,-13.95964,-73.18518,PE
Tintay,-12.15183,-74.54461,PE
Tinta,-14.145,-71.40694,PE
Titili,-15.51469,-69.34815,PE
Ticrapo,-13.3818,-75.43255,PE
Ticllos,-10.25237,-77.19115,PE
Ticllas,-13.1325,-74.33278,PE
Ticaco,-17.44828,-70.0466,PE
Tiabaya,-16.45,-71.59,PE
Taurisma,-15.175,-72.85028,PE
Tauripampa,-12.58333,-76.11667,PE
Tauria,-15.35375,-73.23215,PE
Tate de La Capilla,-14.1529,-75.71793,PE
Tarucani,-16.18347,-71.06158,PE
Tarucachi,-17.52575,-70.03156,PE
Tarma,-11.41899,-75.68992,PE
Tarata,-17.47444,-70.03278,PE
Taraco,-15.2977,-69.9783,PE
Taquile,-15.76667,-69.68333,PE
Tápuc,-10.4547,-76.46209,PE
Tapo,-11.39056,-75.56361,PE
Tapay,-15.57806,-71.93917,PE
Tapairihua,-14.14136,-73.14058,PE
Tapacocha,-10.00974,-77.56831,PE
Tantara,-13.07391,-75.64474,PE
Tanta,-12.12239,-76.01355,PE
Tamburco,-13.61667,-72.87139,PE
Tambo Quemado,-14.72803,-74.67015,PE
Tambopata,-12.67191,-69.35547,PE
Tambobamba,-13.94528,-72.17139,PE
Tambo,-14.79847,-73.92438,PE
Tambo,-12.94815,-74.02019,PE
Tambillo,-13.19453,-74.11096,PE
Talavera,-13.65306,-73.42917,PE
Tacna,-18.01465,-70.25362,PE
Susapaya,-17.35386,-70.13285,PE
Surcubamba,-12.11633,-74.63015,PE
Santiago de Surco,-12.13588,-77.00742,PE
Surco,-11.88401,-76.44002,PE
Supe,-10.7975,-77.71306,PE
Sunampe,-13.42704,-76.16363,PE
Sumbilca,-11.4075,-76.82,PE
Suitucancha,-11.78735,-75.93673,PE
Subtanjalla,-14.01889,-75.75806,PE
Soraya,-14.16496,-73.31498,PE
Soras,-14.115,-73.60444,PE
Socos,-13.21454,-74.28924,PE
Socabaya,-16.47025,-71.52758,PE
Sitajara,-17.3756,-70.13383,PE
Sincos,-11.89119,-75.38745,PE
Sina,-14.49659,-69.2799,PE
Sicuani,-14.26944,-71.22611,PE
Sicaya,-12.0152,-75.2801,PE
Sibayo,-15.48657,-71.45738,PE
Sepahua,-11.14583,-73.04278,PE
Saysa,-14.93972,-74.41639,PE
Saylla,-13.56983,-71.82757,PE
Sayán,-11.13333,-77.1946,PE
Saurama,-13.6955,-73.75925,PE
Satipo,-11.25222,-74.63861,PE
Sarhua,-13.67292,-74.3199,PE
Sapallanga,-12.14122,-75.15785,PE
San Vicente de Cañete,-13.07556,-76.38528,PE
Santo Tomás de Pata,-13.11299,-74.41884,PE
Santo Domingo de Los Olleros,-12.21489,-76.51213,PE
Santiago de Tuna,-11.98353,-76.52535,PE
Santiago de Quirehuara,-14.05611,-74.97639,PE
Santiago de Pupuja,-15.05373,-70.27741,PE
Santiago de Paucaray,-14.04528,-73.63889,PE
Santiago de Chocorvos,-13.82533,-75.25773,PE
Santiago de Chilcas,-10.43861,-77.36587,PE
Santiago,-14.18469,-75.71124,PE
Santiago,-12.09555,-76.23041,PE
Santa Teresa,-13.13222,-72.59056,PE
Santa Rosa,-14.60741,-70.78747,PE
Santa Rosa,-14.14002,-72.65681,PE
Santa Rosa de Ocopa,-11.87678,-75.29513,PE
Santa Rosa,-11.79917,-77.17333,PE
Santa Rita de Siguas,-16.49555,-72.08667,PE
Santa Maria de Chicmo,-13.65718,-73.4946,PE
Santa María,-12.00538,-76.89329,PE
Santa Lucía,-15.69758,-70.60712,PE
Santa Lucía,-14.97821,-74.52378,PE
Santa Isabel de Sihuas,-16.32086,-72.10122,PE
Santa Eulalia,-11.90083,-76.66333,PE
Santa Cruz de Andamarca,-11.19498,-76.63402,PE
Santa Cruz,-11.06,-76.93028,PE
Santa Ana de Tusi,-10.47201,-76.35526,PE
Santa Ana,-13.0718,-75.14018,PE
Santa Ana,-12.86667,-72.71667,PE
San Sebastián,-13.53138,-71.93143,PE
San Salvador de Quije,-13.96843,-73.73458,PE
San Salvador,-13.49223,-71.77847,PE
San Ramón,-11.12417,-75.35733,PE
San Rafael,-10.33806,-76.18333,PE
San Pedro de Pillao,-10.43746,-76.49734,PE
San Pedro de Cajas,-11.25061,-75.86116,PE
San Pedro de Cachi,-13.08527,-74.39303,PE
San Pedro,-14.76713,-74.09764,PE
San Pedro,-14.18667,-71.34167,PE
San Pedro,-13.39889,-76.15904,PE
San Pedro,-13.04845,-75.64832,PE
San Pedro,-12.13034,-76.21639,PE
San Pablo,-14.20278,-71.31556,PE
San Miguel de Cauri,-10.13818,-76.62288,PE
San Miguel,-13.0125,-73.98083,PE
San Miguel,-12.01538,-75.34563,PE
San Mateo,-11.75944,-76.30056,PE
San Luis de Shuaro,-10.8881,-75.28739,PE
San Luis,-12.07674,-76.99435,PE
San Lorenzo de Quinti,-12.14515,-76.21261,PE
San Lorenzo,-11.84684,-75.38146,PE
San Lorenzo,-11.45436,-69.32214,PE
Yanac,-13.20761,-75.78405,PE
San Juan de Tantaranche,-12.11347,-76.18255,PE
San Juan de Salinas,-14.99113,-70.10572,PE
San Juan del Oro,-14.221,-69.15444,PE
San Juan de Lanca,-11.87515,-76.54499,PE
San Juan de Iris,-11.68322,-76.52495,PE
Capillas,-13.29308,-75.54236,PE
San Juan Bautista,-14.01083,-75.73583,PE
San Juan Bautista,-13.16372,-74.22179,PE
San Juan,-15.36528,-75.16222,PE
San Juan,-14.66019,-74.2022,PE
San Juan,-13.20347,-75.63455,PE
San José de Ushua,-15.22477,-73.22673,PE
San José de Quero,-12.08544,-75.53626,PE
San José,-16.61847,-72.73667,PE
San José,-14.682,-70.15905,PE
San Joaquín,-12.28436,-76.1464,PE
San Jerónimo,-13.65138,-73.36388,PE
San Jeronimo De Tunan,-11.95591,-75.28411,PE
San Isidro,-12.09655,-77.04258,PE
San Gregorio,-16.57308,-72.71619,PE
Sangarará,-13.94822,-71.603,PE
Sangallaya,-12.16667,-76.26667,PE
San Francisco de Sangayaico,-13.79523,-75.24816,PE
San Francisco,-12.62456,-73.78777,PE
Sandia,-14.32141,-69.4654,PE
San Cristóbal,-14.74269,-74.22222,PE
Sancos,-15.06256,-73.95193,PE
San Clemente,-13.66667,-76.15,PE
San Buenaventura,-11.48889,-76.66194,PE
San Bartolo,-12.38333,-76.78333,PE
Sañayca,-14.20467,-73.34717,PE
San Antonio de Rancas,-10.68722,-76.24901,PE
San Antonio de Ocopa,-11.8357,-75.29124,PE
San Antonio de Esquilache,-16.1015,-70.28593,PE
San Antonio de Cusicancha,-13.50252,-75.29368,PE
San Andrés,-13.72904,-76.22087,PE
San Agustin,-11.99024,-75.24421,PE
Samegua,-17.17944,-70.89889,PE
Samán,-15.29153,-70.01714,PE
Sama Grande,-17.79102,-70.49952,PE
Salcabamba,-12.20198,-74.78081,PE
Sayla,-15.32041,-73.22167,PE
Sacsamarca,-13.9428,-74.3126,PE
Sachaca,-16.4266,-71.56592,PE
Sabandia,-16.46667,-71.5,PE
Rosaspata,-15.23443,-69.52738,PE
Rondocán,-13.77931,-71.78189,PE
Rocchacc,-13.44028,-73.60023,PE
Río Grande,-14.516,-75.19933,PE
Ricardo Palma,-11.91978,-76.6561,PE
Raquía,-10.15753,-77.47034,PE
Ranracancha,-13.53361,-73.60528,PE
Raján,-10.38687,-77.21914,PE
Quito-Arma,-13.52854,-75.32759,PE
Quiquijana,-13.82268,-71.54217,PE
Quinua,-13.04917,-74.13861,PE
Quiñota,-14.31154,-72.13903,PE
Quinocay,-12.36667,-76.23333,PE
Quinistaquillas,-16.74877,-70.87957,PE
Quince Mil,-13.23069,-70.75446,PE
Quilmaná,-12.9486,-76.38112,PE
Quillabamba,-12.86334,-72.69306,PE
Quilcata,-15.24585,-73.45141,PE
Quilca,-16.71686,-72.42549,PE
Quilahuani,-17.31802,-70.25848,PE
Quicacha,-15.62564,-73.79844,PE
Quiaca,-14.4223,-69.34498,PE
Queropalca,-10.18191,-76.80332,PE
Querobamba,-14.01333,-73.83972,PE
Querco,-13.98039,-74.9765,PE
Quequeña,-16.5574,-71.45132,PE
Quellouno,-12.63667,-72.55944,PE
Quehue,-14.38,-71.455,PE
Quebrada Honda,-12.68178,-72.27768,PE
Putina,-15.47506,-69.43056,PE
Putina,-14.91667,-69.86667,PE
Pusi,-15.44173,-69.92932,PE
Puquio,-14.7,-74.13333,PE
Puquina,-16.62416,-71.18436,PE
Punta Hermosa,-12.33333,-76.81667,PE
Punta de Bombón,-17.1719,-71.7924,PE
Puno,-15.84003,-70.02198,PE
Pullo,-15.21029,-73.82664,PE
Pujocucho,-17.15364,-70.35651,PE
Puyca,-15.05927,-72.69152,PE
Supe Puerto,-10.80135,-77.74333,PE
Puerto Ocopa,-11.14457,-74.30817,PE
Puerto Maldonado,-12.58946,-69.19948,PE
Puerto de Lomas,-15.56891,-74.85034,PE
Pueblo Nuevo,-14.12806,-75.70667,PE
Pucyura,-13.47889,-72.11167,PE
Pucusana,-12.48333,-76.8,PE
Pucara,-15.97993,-71.45988,PE
Pucará,-15.03944,-70.36767,PE
Pucará,-12.1725,-75.14536,PE
Pozuzo,-10.06667,-75.53333,PE
Potoni,-14.39017,-70.10529,PE
Poroy,-13.49712,-72.04254,PE
Pomata,-16.27326,-69.29224,PE
Pomacocha,-14.08398,-73.591,PE
Pomacocha,-12.87413,-74.53162,PE
Pomacanchi,-14.02694,-71.56722,PE
Pomacancha,-11.73903,-75.62361,PE
Pomabamba,-13.60444,-74.23528,PE
Polobaya,-16.56574,-71.3685,PE
Pocsi,-16.5179,-71.38969,PE
Pocollay,-17.99642,-70.21986,PE
Pocohuanca,-14.21837,-73.08714,PE
Platería,-15.94858,-69.83321,PE
Pizacoma,-16.90865,-69.36974,PE
Pitumarca,-13.98041,-71.41738,PE
Pisco,-13.71029,-76.20538,PE
Pisac,-13.4225,-71.84667,PE
Pirca,-11.23444,-76.65556,PE
Pilpichaca,-13.33019,-74.97699,PE
Pillpinto,-13.95328,-71.762,PE
Pillcopata,-13.06667,-71.16667,PE
Pilcuyo,-16.11043,-69.55424,PE
Pilcomayo,-12.04722,-75.24931,PE
Pilchaca,-12.40118,-75.08383,PE
Pichirhua,-13.86083,-73.07361,PE
Pichihua,-14.14826,-73.17387,PE
Pichigua,-14.68139,-71.41694,PE
Pichari,-12.5,-73.81667,PE
Phara,-14.15222,-69.66517,PE
Perené,-10.9489,-75.22645,PE
Pazos,-12.259,-75.07039,PE
Pausa,-15.27972,-73.34583,PE
Paucartambo,-13.31522,-71.59364,PE
Paucarpata,-16.43299,-71.49674,PE
Paucarcolla,-15.74497,-70.05598,PE
Paucarbambilla,-12.72722,-74.48093,PE
Paucarbamba,-12.55441,-74.53152,PE
Paucar,-10.37037,-76.44503,PE
Pativilca,-10.7,-77.78333,PE
Pataypampa,-14.17746,-72.67223,PE
Patambuco,-14.35972,-69.61889,PE
Paruro,-13.76333,-71.84944,PE
Parcona,-14.04154,-75.6983,PE
Parco,-11.80113,-75.54304,PE
Paratia,-15.45391,-70.59941,PE
Paras,-13.55224,-74.62753,PE
Pararín,-10.05015,-77.65403,PE
Paramonga,-10.66667,-77.83333,PE
Paracas,-13.86667,-76.26667,PE
Pangoa,-12.11667,-73.0,PE
Pancan,-11.7488,-75.48633,PE
Pampas Chico,-10.11532,-77.39783,PE
Pampas,-13.22889,-73.89417,PE
Pampas,-12.39875,-74.86846,PE
Pampamarca,-14.14639,-71.45944,PE
Pampahuasi,-14.10083,-75.47667,PE
Pampa de Tate,-14.1453,-75.69179,PE
Pampacolca,-15.71306,-72.57417,PE
Pampachiri,-14.18708,-73.54452,PE
Pampa Cangallo,-13.55917,-74.19528,PE
Palpacachi,-13.87214,-72.50836,PE
Palpa,-14.53361,-75.18556,PE
Los Palos,-18.28557,-70.43856,PE
Pallca,-12.65672,-74.98056,PE
Pallanchacra,-10.41528,-76.23556,PE
Palco,-14.41195,-74.65103,PE
Palcamayo,-11.29472,-75.77361,PE
Palca,-17.7779,-69.9596,PE
Palca,-15.2368,-70.59779,PE
Palca,-11.34611,-75.56861,PE
Paico,-14.03831,-73.6421,PE
Pacucha,-13.60889,-73.34361,PE
Pacocha,-17.64604,-71.34481,PE
Pacobamba,-13.61639,-73.08611,PE
Pachía,-17.89694,-70.15477,PE
Pachaconas,-14.22334,-73.01635,PE
Paccho,-10.95722,-76.93222,PE
Paccha,-11.85446,-75.5073,PE
Paccha,-11.47389,-75.96,PE
Paccaritambo,-13.75594,-71.95639,PE
Pacaycasa,-13.05694,-74.21361,PE
Pacaraos,-11.18611,-76.6475,PE
Pacapausa,-14.94924,-73.36805,PE
Paca,-11.70891,-75.51833,PE
Oyón,-10.66846,-76.77165,PE
Oyolo,-15.17914,-73.18506,PE
Oxapampa,-10.5775,-75.40167,PE
Otoca,-14.49016,-74.6864,PE
Orurillo,-14.72753,-70.51174,PE
Oropesa,-14.25611,-72.555,PE
Oropesa,-13.59454,-71.7636,PE
Orcotuna,-11.96886,-75.3078,PE
Orcopampa,-15.26611,-72.34167,PE
Ongoy,-13.40361,-73.66972,PE
Ondores,-11.08369,-76.14705,PE
Omate,-16.68333,-70.98333,PE
Omas,-12.51667,-76.28333,PE
Omacha,-14.07139,-71.73972,PE
Ollantaytambo,-13.25722,-72.26306,PE
Ollachea,-13.79403,-70.4722,PE
Ocuviri,-15.11373,-70.90912,PE
Ocucaje,-14.34861,-75.66917,PE
Ocros,-13.39095,-73.91535,PE
Ocros,-10.40348,-77.39679,PE
Ocoyo,-14.0082,-75.02242,PE
Ocoruro,-15.0525,-71.12889,PE
Ocongate,-13.62694,-71.38528,PE
Ocoña,-16.43306,-73.10778,PE
Ocobamba,-13.48267,-73.56029,PE
Ocobamba,-12.87197,-72.44732,PE
Ocaña,-14.3986,-74.82275,PE
Nuñoa,-14.4775,-70.63642,PE
Nuevo Occoro,-12.59475,-75.01966,PE
Nuevo Imperial,-13.07541,-76.31719,PE
Ninacaca,-10.85,-76.11667,PE
Asentamiento Humano Nicolas de Pierola,-11.93573,-76.70611,PE
Nicasio,-15.2356,-70.26094,PE
Nazca,-14.83098,-74.93895,PE
Naván,-10.8393,-77.01107,PE
Ñahuimpuquio,-12.32903,-75.06903,PE
Muquiyauyo,-11.81371,-75.45482,PE
Muqui,-11.83364,-75.43462,PE
Mungui,-15.18278,-72.90556,PE
Muñani,-14.76794,-69.9526,PE
Moya,-12.42306,-75.154,PE
Mosca,-10.34283,-76.29196,PE
Morococha,-11.58779,-76.06323,PE
Morcolla,-14.1087,-73.87226,PE
Moquegua,-17.19747,-70.93587,PE
Monobamba,-11.36078,-75.32664,PE
Mollepata,-13.50861,-72.52805,PE
Mollepampa,-13.3,-75.4,PE
Mollendo,-17.02306,-72.01472,PE
Mollebaya,-16.48752,-71.46664,PE
Mollebamba,-14.42859,-72.91463,PE
Molinos,-11.73759,-75.44571,PE
Moho,-15.35,-69.5,PE
Miraflores,-12.11331,-77.03274,PE
Miraflores,-16.39809,-71.51987,PE
Miraflores,-12.27417,-75.85024,PE
Mejía,-17.10176,-71.9057,PE
Mazo Cruz,-16.74179,-69.71644,PE
Mazamari,-11.32583,-74.53083,PE
Mayocc,-12.80558,-74.38994,PE
Matucana,-11.85,-76.4,PE
Matalaque,-16.4818,-70.82607,PE
Mariscal Cáceres,-12.53413,-74.93335,PE
Mariposa,-11.40571,-74.75198,PE
Mariatana,-12.25,-76.33333,PE
Margos,-10.00611,-76.5225,PE
Minas de Marcona,-15.21194,-75.11028,PE
Marco,-11.74117,-75.56279,PE
Marcas,-12.88948,-74.39951,PE
Marcapomacocha,-11.40692,-76.33628,PE
Marcapata,-13.58972,-70.97222,PE
Marcabamba,-15.15056,-73.34194,PE
Marca,-10.08799,-77.47497,PE
Maray,-10.93556,-76.83389,PE
Maras,-13.335,-72.15667,PE
Maranura,-12.96371,-72.66428,PE
Maranganí,-14.35672,-71.16924,PE
Mara,-14.0864,-72.10212,PE
Manta,-12.6203,-75.21105,PE
Mangas,-10.36916,-77.10345,PE
Mañazo,-15.8,-70.33333,PE
Mamara,-14.22906,-72.59041,PE
Mala,-12.65806,-76.63083,PE
Madrigal,-15.60804,-71.80793,PE
Madean,-12.94444,-75.77667,PE
Macusani,-14.08333,-70.43333,PE
Machupicchu,-13.15549,-72.52416,PE
Machaguay,-15.64861,-72.50583,PE
Macari,-14.77155,-70.90284,PE
Macachacra,-12.98333,-74.2,PE
Maca,-15.64127,-71.76856,PE
Luricocha,-12.89928,-74.27407,PE
Lucre,-13.94969,-73.22638,PE
Lucre,-13.63556,-71.7375,PE
Lucma,-13.05269,-72.93705,PE
Lucanas,-14.62232,-74.23344,PE
Los Aquijes,-14.09667,-75.69083,PE
Locumba,-17.61317,-70.76266,PE
Locroja,-12.74031,-74.4418,PE
Lluta,-16.01472,-72.01417,PE
Llusco,-14.33858,-72.11453,PE
Lloque,-16.33333,-70.73333,PE
Llocllapampa,-11.81725,-75.62424,PE
Llipata,-14.56328,-75.20746,PE
Llipa,-10.38107,-77.20672,PE
Llauta,-14.24374,-74.91996,PE
Llalli,-14.93286,-70.88064,PE
Llacllin,-10.0689,-77.6215,PE
Llaclla,-10.29928,-77.14629,PE
Livitaca,-14.31314,-71.68925,PE
Lircay,-13.0,-74.71667,PE
Lincha,-12.79861,-75.665,PE
Limbani,-14.14959,-69.6908,PE
Limatambo,-13.47975,-72.44327,PE
Lima,-12.04318,-77.02824,PE
Leticia,-11.37728,-75.75198,PE
Layo,-14.49361,-71.155,PE
La Tinguiña,-14.03583,-75.70028,PE
Las Yaras,-17.8642,-70.56117,PE
Laria,-12.56122,-75.03687,PE
Lari,-15.62222,-71.76889,PE
Lares,-13.10441,-72.04394,PE
Laraqueri,-16.13333,-70.05,PE
Laraos,-12.34793,-75.78671,PE
Laraos,-11.66472,-76.53944,PE
Alto Larán,-13.44099,-76.08718,PE
Laramate,-14.28643,-74.84282,PE
Laramarca,-13.9485,-75.03538,PE
La Pampa,-16.61399,-72.69935,PE
La Oroya,-11.51893,-75.89935,PE
Lanlacuni Bajo,-13.43862,-70.40236,PE
Langui,-14.43194,-71.27306,PE
Langa,-12.12579,-76.4211,PE
Lampian,-11.23736,-76.83948,PE
Lampa,-15.35,-70.36667,PE
Lampa,-15.18444,-73.34889,PE
La Molina,-12.08333,-76.95,PE
La Merced,-11.06146,-75.33505,PE
Lambrama,-13.87062,-72.76981,PE
Lamay,-13.36462,-71.9205,PE
La Libertad,-16.37967,-71.5691,PE
Lahuaytambo,-12.1,-76.4,PE
La Esmeralda,-12.68278,-74.58738,PE
La Curva,-17.14447,-71.82133,PE
Lachaqui,-11.5529,-76.62718,PE
La Capilla,-16.75694,-71.17917,PE
Bella Unión,-15.4502,-74.65785,PE
Kishuara,-13.69129,-73.11844,PE
Junín,-11.15895,-75.99304,PE
Juliaca,-15.5,-70.13333,PE
Juli,-16.21667,-69.45,PE
Julcan,-11.75956,-75.43564,PE
Julcamarca,-13.01447,-74.44467,PE
Villa Poeta José Gálvez Barrenechea,-12.21312,-76.90522,PE
Jivia,-10.02389,-76.67917,PE
Jauja,-11.77584,-75.49656,PE
Jatun Orcochiri,-15.75003,-71.34641,PE
Jarpa,-12.12622,-75.43554,PE
Jaquí,-15.47668,-74.44177,PE
Jucul,-10.94861,-76.745,PE
Izcuchaca,-12.50064,-74.99718,PE
Islay (Matarani),-16.9961,-72.1011,PE
Iscos,-12.09832,-75.29333,PE
Iray,-15.85356,-72.62974,PE
Iquipi,-15.94009,-73.13086,PE
Ingenio,-11.89019,-75.26641,PE
Independencia,-13.7,-76.03333,PE
Independencia,-11.99,-77.04583,PE
Incuyo,-15.24935,-73.57051,PE
Inchupalla,-15.00941,-69.6825,PE
Iñapari,-10.95465,-69.58162,PE
Imperial,-13.05927,-76.35269,PE
Ilo,-17.63185,-71.34108,PE
Ilave,-16.08333,-69.66667,PE
Ilabaya,-17.42072,-70.51276,PE
Ihuari,-11.18917,-76.95139,PE
Ichupampa,-15.64979,-71.68692,PE
Ichuña,-16.14099,-70.5377,PE
Ica,-14.07538,-75.73422,PE
Iberia,-11.40613,-69.49267,PE
Uranmarca,-13.6724,-73.66951,PE
Humay,-13.72253,-75.8866,PE
Umamarca,-14.05302,-73.56603,PE
San Juan de Huirpacancha,-13.95641,-75.23868,PE
Huayucachi,-12.13822,-75.22317,PE
Huayrapata,-15.32144,-69.34136,PE
Huyro,-13.00686,-72.55408,PE
San Agustin de Huayopampa,-11.35322,-76.82398,PE
Huayllay,-11.00367,-76.36452,PE
Huayllapampa,-10.05525,-77.53523,PE
Huayllahuara,-12.40947,-75.17827,PE
Huayllabamba,-13.33806,-72.06528,PE
Huayhuay,-11.72347,-75.90513,PE
Huayana,-14.05071,-73.60933,PE
Huayacundo Arma,-13.53404,-75.31467,PE
Huaura,-11.07,-77.59944,PE
Huatasani,-15.05958,-69.80152,PE
Huata,-15.61514,-69.97149,PE
Huasta,-10.12361,-77.14642,PE
Huasicancha,-12.33186,-75.28217,PE
Huasahuasi,-11.26527,-75.64722,PE
Huaros,-11.40661,-76.57546,PE
Huarocondo,-13.41333,-72.20639,PE
Huaro,-13.68833,-71.63583,PE
Huarmey,-10.06806,-78.15222,PE
Huaripampa,-11.80816,-75.47143,PE
Huaribamba,-12.2795,-74.93822,PE
Huariaca,-10.44167,-76.19028,PE
Huaral,-11.495,-77.20778,PE
Huaquirca,-14.33987,-72.89456,PE
Huanza,-11.65667,-76.50333,PE
Huanuara,-17.31362,-70.32221,PE
Huantán,-12.45669,-75.81208,PE
Huanta,-12.93333,-74.25,PE
Huanoquite,-13.68278,-72.01667,PE
Huanipaca,-13.49181,-72.93356,PE
Huangascar,-12.8996,-75.83113,PE
Huando,-12.56434,-74.94728,PE
Huanchay,-10.53127,-77.42211,PE
Huancayo,-12.06866,-75.21027,PE
Huancaya,-12.20335,-75.79928,PE
Huancavelica,-12.78691,-74.97298,PE
Huancarqui,-16.09583,-72.47278,PE
Huancaraylla,-13.71865,-74.10207,PE
Huancaray,-13.75861,-73.5275,PE
Huancarane,-13.50497,-71.65397,PE
Huancarama,-13.64528,-73.08639,PE
Huancapi,-13.75667,-74.06667,PE
Huancano,-13.6,-75.61667,PE
Huancaní,-11.86424,-75.41359,PE
Huancane,-15.82239,-70.88565,PE
Huancané,-15.20054,-69.76314,PE
Huancán,-12.10634,-75.21703,PE
Huancabamba,-13.73379,-73.35022,PE
Huancabamba,-10.35,-75.53333,PE
Huanca,-16.03287,-71.87794,PE
Huampara,-12.35,-76.18333,PE
San Pedro Huamburque,-13.39672,-73.59362,PE
Huambo,-15.73045,-72.1081,PE
Huambalpa,-13.74972,-73.93111,PE
Huamatambo,-13.09465,-75.67737,PE
Huamantanga,-11.49984,-76.749,PE
Huamanquiquia,-13.72849,-74.27313,PE
Huamanguilla,-13.01121,-74.17332,PE
Huamali,-11.80722,-75.42439,PE
Hualmay,-11.09639,-77.61389,PE
Huayllay Grande,-12.94239,-74.70182,PE
Huayllacayán,-10.24496,-77.43501,PE
Huancullani,-16.62976,-69.32181,PE
Huacrapuquio,-12.17361,-75.21898,PE
San Lorenzo de Huachupama,-11.71793,-76.58544,PE
Huac Huas,-14.13139,-74.94222,PE
Huachos,-13.21995,-75.53364,PE
Huachón,-10.63643,-75.94902,PE
Huachocolpa,-13.03179,-74.9471,PE
Huacho,-11.11718,-77.60584,PE
Huachac,-12.02012,-75.34141,PE
Huacar,-10.16028,-76.23694,PE
Huacaña,-14.17361,-73.88639,PE
Hongos,-12.81139,-75.765,PE
Haquira,-14.21278,-72.19,PE
Guadalupe,-13.986,-75.77281,PE
Goyllarisquizga,-10.47389,-76.40944,PE
Gorgorillo,-10.33541,-77.12563,PE
Gorgor,-10.58333,-77.03333,PE
Estique Pampa,-17.53845,-70.03249,PE
Estique,-17.54203,-70.01855,PE
El Tambo,-12.06667,-75.21667,PE
Progreso,-14.07223,-72.47652,PE
El Ingenio,-14.64528,-75.05833,PE
El Descanso,-14.5344,-71.30687,PE
El Carmen,-13.49714,-76.05724,PE
El Cardo,-16.60315,-72.72736,PE
Deustua,-15.64134,-70.34838,PE
Desaguadero,-16.56609,-69.042,PE
Cuyocuyo,-14.47139,-69.53722,PE
Cusipata,-13.90662,-71.50284,PE
Cusco,-13.53188,-71.96701,PE
Curibaya,-17.38135,-70.3345,PE
Curasco,-14.06169,-72.56745,PE
Curahuasi,-13.55,-72.7,PE
Cupi,-14.9056,-70.86659,PE
Cullhuas,-12.22282,-75.17179,PE
Cuenca,-12.43317,-75.03866,PE
Cuchumbaya,-16.751,-70.68593,PE
Cruz Blanca,-11.09722,-77.5925,PE
Crucero,-14.36122,-70.02355,PE
Coyllurqui,-13.8374,-72.43206,PE
Coya,-13.38806,-71.89972,PE
Cotaruse,-14.41578,-73.20516,PE
Cotaparaco,-9.99396,-77.58771,PE
Cotahuasi,-15.21306,-72.88861,PE
Cotabambas,-13.7471,-72.35623,PE
Santa Clara de Cosme,-12.57328,-74.65869,PE
Corpanqui,-10.28515,-77.19904,PE
Corire,-16.22361,-72.47111,PE
Córdova,-14.03972,-75.1843,PE
Corculla,-15.26192,-73.20017,PE
Corani,-13.86871,-70.60418,PE
Coracora,-15.03333,-73.78333,PE
Coporaque,-15.62722,-71.64611,PE
Coporaque,-14.8,-71.5325,PE
Copa,-10.38821,-77.07956,PE
Copa,-10.37181,-77.48744,PE
Conima,-15.45769,-69.4379,PE
Congas,-10.33615,-77.44195,PE
Congalla,-12.95642,-74.49278,PE
Condoroma,-15.30046,-71.13805,PE
Concho,-11.72503,-75.57086,PE
Conchamarca,-10.03778,-76.21528,PE
Concepción,-13.53277,-73.87488,PE
Concepción,-11.91762,-75.31401,PE
Conayca,-12.51985,-75.00691,PE
Combapata,-14.10111,-71.42944,PE
Comas,-11.71807,-75.0821,PE
Colta,-15.16307,-73.29399,PE
Colquepata,-13.35955,-71.67331,PE
Colquemarca,-14.2837,-72.04021,PE
Colpas,-10.26889,-76.41417,PE
Colonia,-12.63278,-75.89056,PE
Colcha,-13.85194,-71.80333,PE
Colcabamba,-14.00594,-73.25451,PE
Colcabamba,-12.41095,-74.68097,PE
Colca,-13.71264,-74.03439,PE
Colca,-12.31787,-75.22306,PE
Cojata,-15.01511,-69.36515,PE
Cochas,-12.2955,-76.15954,PE
Cochas,-11.65992,-75.10217,PE
Cocharcas,-13.61103,-73.73917,PE
Cochamarca,-10.86249,-77.12903,PE
Cocas,-13.27596,-75.37251,PE
Cocachacra,-17.08833,-71.7575,PE
Cocachacra,-11.91088,-76.5404,PE
Coayllo,-12.73333,-76.46667,PE
Coata,-15.57057,-69.94922,PE
Coasa,-13.98739,-70.01834,PE
Coalaque,-16.65056,-71.02139,PE
Circa,-13.87417,-72.87278,PE
Cieneguilla,-12.13333,-76.81667,PE
Chuschi,-13.58556,-74.35056,PE
Churcampa,-12.7,-74.4,PE
Chuquibambilla,-14.10194,-72.70667,PE
Chuquibamba,-15.83806,-72.65361,PE
Chupamarca,-13.03754,-75.60925,PE
Chupaca,-12.06667,-75.28333,PE
Chupa,-15.10591,-69.98682,PE
Chungui,-13.222,-73.6214,PE
San Pedro de Chunan,-11.72617,-75.48609,PE
Chumpi,-15.09477,-73.74816,PE
Chucuito,-15.89441,-69.88993,PE
Chucatamani,-17.4802,-70.12265,PE
Chosica,-11.94306,-76.70944,PE
Chontabamba,-10.58333,-75.48333,PE
Chongos Bajo,-12.13432,-75.26804,PE
Chongos Alto,-12.3113,-75.28902,PE
Chojata,-16.38873,-70.72938,PE
Chocos,-12.91462,-75.86271,PE
Choco,-15.57695,-72.12884,PE
Chivay,-15.63833,-71.60111,PE
Chiquintirca,-13.06047,-73.70681,PE
Chipispaya,-17.49809,-70.21687,PE
Chipao,-14.36611,-73.87667,PE
Chincho,-12.96667,-74.36667,PE
Chincheros,-13.51833,-73.72222,PE
Chinchero,-13.39222,-72.04778,PE
Chinchaypujio,-13.6295,-72.23298,PE
Chincha Baja,-13.45894,-76.16325,PE
Chincha Alta,-13.40985,-76.13235,PE
Chílcayoc,-13.88272,-73.72753,PE
Chilcas,-13.17139,-73.90694,PE
Chilcaymarca,-15.28561,-72.37795,PE
Chilca,-12.52111,-76.73722,PE
Chiguata,-16.40247,-71.39203,PE
Chicla,-11.70639,-76.26833,PE
Chichas,-15.5475,-72.91861,PE
Chicche,-12.29601,-75.29778,PE
Chiara,-13.86724,-73.66896,PE
Chiara,-13.27304,-74.20578,PE
Checca,-14.47351,-71.39426,PE
Checacupe,-14.02694,-71.45278,PE
Chaviña,-14.98333,-73.83333,PE
Chavín,-13.07725,-75.9132,PE
Chaupimarca,-10.40696,-76.46168,PE
Chaulán,-10.05626,-76.48526,PE
Chasquitambo,-10.31312,-77.61554,PE
Charcana,-15.24056,-73.07111,PE
Characato,-16.46874,-71.48411,PE
Chapimarca,-13.97484,-73.065,PE
Changuillo,-14.66417,-75.22333,PE
Chancay,-11.57139,-77.26722,PE
Chambara,-12.02789,-75.37444,PE
Chamaca,-14.3024,-71.85268,PE
Challhuahuacho,-14.11667,-72.25,PE
Challabamba,-13.21164,-71.6532,PE
Chalhuanca,-14.30056,-73.23083,PE
Chalcos,-13.84778,-73.75333,PE
Chala,-15.86583,-74.24694,PE
San Juan de Chacña,-13.92399,-73.18186,PE
Chacoche,-13.94293,-72.99148,PE
Chaclla,-11.73954,-76.64699,PE
Chaclacayo,-11.98278,-76.7675,PE
Chachas,-15.50137,-72.27014,PE
Chaccrampa,-13.96111,-73.60801,PE
Chacapampa,-12.34461,-75.24744,PE
Chacapalpa,-11.73315,-75.75573,PE
Cerro de Pasco,-10.66577,-76.25309,PE
Ccorca,-13.585,-72.05972,PE
Ccapi,-13.85321,-72.08215,PE
Cayna,-10.27233,-76.38863,PE
Cayarani,-14.67222,-72.02194,PE
Cayara,-13.79555,-73.99068,PE
Cauri,-10.14167,-76.62472,PE
Ccatca,-13.60507,-71.5636,PE
Catahuasi,-12.79889,-75.89194,PE
Castrovirreyna,-13.26667,-75.31667,PE
Carumas,-16.80928,-70.6948,PE
Carmen Alto,-13.18222,-74.22472,PE
Carhuanca,-13.74241,-73.78752,PE
Carhuamayo,-10.91667,-76.03333,PE
Santa Barbara de Carhuacayan,-11.20418,-76.28555,PE
Carhuacallanga,-12.35472,-75.20059,PE
Carapo,-13.83719,-74.31547,PE
Carania,-12.34417,-75.86833,PE
Carampoma,-11.66083,-76.51444,PE
Caraybamba,-14.37833,-73.16074,PE
Caracoto,-15.5679,-70.10246,PE
Carac,-11.19194,-76.78028,PE
Carabayllo,-11.85333,-77.03778,PE
Santo Domingo de Capillas,-13.7373,-75.24322,PE
Capaya,-14.11749,-73.32111,PE
Capacmarca,-14.008,-72.00084,PE
Capachica,-15.6419,-69.83076,PE
Canta,-11.46722,-76.62417,PE
Canis,-10.3383,-77.17112,PE
Cangallo,-13.62861,-74.14389,PE
Candarave,-17.26778,-70.24944,PE
Canchayllo,-11.80191,-75.71777,PE
Canaria,-13.92139,-73.90528,PE
Caminaca,-15.32422,-70.07289,PE
Camilaca,-17.26811,-70.38034,PE
Camaná,-16.62375,-72.71055,PE
Callao,-12.05162,-77.13452,PE
Callanmarca,-12.86689,-74.62305,PE
Callalli,-15.50833,-71.44556,PE
Callahuanca,-11.82833,-76.61639,PE
Caleta de Carquín,-11.0925,-77.62667,PE
Calca,-13.33333,-71.95,PE
Calapuja,-15.31011,-70.22174,PE
Calango,-12.52618,-76.54413,PE
Calana,-17.94347,-70.18896,PE
Calacoa,-16.75,-70.7,PE
Cajamarquilla,-10.35378,-77.19889,PE
Cajacay,-10.15546,-77.4397,PE
Caja,-12.91746,-74.46605,PE
Cairani,-17.2857,-70.36329,PE
Cayma,-16.38305,-71.55086,PE
Caylloma,-15.18887,-71.7729,PE
Caicay,-13.597,-71.69627,PE
Cahuacho,-15.50611,-73.47917,PE
Cacra,-12.81278,-75.78306,PE
Cachora,-13.51227,-72.81296,PE
Cachimayo,-13.47733,-72.06779,PE
Cabanilla,-15.62028,-70.34583,PE
Cabanaconde,-15.62139,-71.97889,PE
Cabana,-15.64949,-70.32192,PE
Cabana,-14.2886,-73.9671,PE
Bolognesi,-10.06444,-74.005,PE
Belén,-13.80885,-73.75778,PE
Barranco,-12.14297,-77.01862,PE
Barranca,-10.75,-77.76667,PE
Baños,-10.07667,-76.73528,PE
Azángaro,-14.91416,-70.19846,PE
Azángaro,-12.99751,-75.8366,PE
Ayrampuni,-15.06319,-69.88121,PE
Ayo,-15.68167,-72.27417,PE
Ayna,-12.65,-73.91667,PE
Ayaviri,-14.88639,-70.58889,PE
Ayavarí,-12.38192,-76.13889,PE
Ayauca,-12.59233,-76.03629,PE
Ayapata,-13.77699,-70.32269,PE
Ayacucho,-13.1638,-74.22345,PE
Aurahuá,-13.03459,-75.57025,PE
Aucallama,-11.55778,-77.18083,PE
Atuncolla,-15.68865,-70.14392,PE
Atiquipa,-15.79577,-74.36359,PE
Atico,-16.20944,-73.62222,PE
Ataura,-11.80135,-75.43969,PE
Asquipata,-14.055,-73.91,PE
Asillo,-14.78661,-70.35401,PE
Asia,-12.7794,-76.55666,PE
Arma,-13.12602,-75.54194,PE
Arequipa,-16.39899,-71.53747,PE
Arapa,-15.13902,-70.10957,PE
Arahuay,-11.62222,-76.66944,PE
Aquia,-10.0745,-77.14475,PE
Apongo,-14.01327,-73.93247,PE
Aplao,-16.07583,-72.49389,PE
Apata,-11.85461,-75.35344,PE
Antauta,-14.29974,-70.29195,PE
Antaparco,-13.07643,-74.4115,PE
Antabamba,-14.36056,-72.87556,PE
Anta,-13.47056,-72.14833,PE
Anta,-12.81216,-74.63851,PE
Aniso,-14.80727,-73.28221,PE
Andaray,-15.79667,-72.86056,PE
Andarapa,-13.52611,-73.36611,PE
Andamarca,-14.38722,-73.96083,PE
Andamarca,-11.72832,-74.80217,PE
Andajes,-10.79254,-76.90888,PE
Andahuaylillas,-13.6725,-71.67944,PE
Andahuaylas,-13.65556,-73.38722,PE
Andahua,-15.49948,-72.35723,PE
Anchonga,-12.91307,-74.69135,PE
Ancahuasi,-13.45737,-72.30042,PE
Ananea,-14.67851,-69.53514,PE
Ambo,-10.13083,-76.20472,PE
Ambar,-10.73333,-77.26667,PE
San Javier de Alpabamba,-15.0566,-73.32242,PE
Alis,-12.27861,-75.78694,PE
El Algarrobal,-17.62278,-71.26778,PE
Alcamenca,-13.65705,-74.14713,PE
Alca,-15.13472,-72.76472,PE
Ajoyani,-14.2296,-70.22395,PE
Ayrihuanca,-14.11522,-72.6144,PE
Ahuac,-12.08575,-75.32076,PE
Acosvinchos,-13.11256,-74.09983,PE
Acostambo,-12.36525,-75.05479,PE
Acos,-13.95064,-71.73857,PE
Acos,-11.27406,-76.82061,PE
Acoria,-12.6429,-74.86164,PE
Acora,-15.9739,-69.79742,PE
Acopía,-14.05793,-71.49307,PE
Acomayo,-13.91667,-71.68111,PE
Acolla,-11.73193,-75.54634,PE
Acocro,-13.21912,-74.04198,PE
Acobambilla,-12.66426,-75.3243,PE
Acobamba,-12.86667,-74.56667,PE
Acobamba,-11.35252,-75.66211,PE
Accocunca,-14.7779,-71.25147,PE
Aco,-11.95707,-75.36996,PE
Aco,-10.49718,-77.24149,PE
Achoma,-15.66083,-71.70083,PE
Achaya,-15.28521,-70.16145,PE
Achanizo,-15.80509,-73.96673,PE
Accomarca,-13.80091,-73.9041,PE
Accha,-13.97125,-71.83155,PE
Acas,-10.45778,-77.32729,PE
Acarí,-15.42393,-74.61361,PE
Abancay,-13.63426,-72.8838,PE
Mosoc Llacta,-14.12,-71.47278,PE
Ccarhuayo,-13.59514,-71.39988,PE
Taray,-13.4275,-71.8675,PE
Huayllati,-13.92862,-72.48496,PE
San Juan de Virundo,-14.25055,-72.68109,PE
Sabaino,-14.31279,-72.94515,PE
Ayahuay,-14.20904,-73.05858,PE
Huayllo,-14.1325,-73.26861,PE
San Francisco de Ravacayco,-14.997,-73.35132,PE
Santo Tomas,-14.44556,-72.08417,PE
San Antonio,-14.16967,-72.62305,PE
Curpahuasi,-14.06355,-72.6703,PE
Río Blanco,-13.43487,-73.82236,PE
Jacobo Hunter,-16.44083,-71.55333,PE
Huarancante,-15.76803,-71.45952,PE
Ccolo,-15.50611,-71.49184,PE
Huarichancara,-15.63972,-71.06111,PE
Llongasora,-15.63951,-71.29921,PE
Jayune,-15.56277,-71.30312,PE
Chuquitira,-17.28907,-70.04343,PE
Pueblo Nuevo,-17.615,-71.33833,PE
Callanca,-14.18137,-71.1407,PE
Cullcuyre,-14.09272,-71.33119,PE
Cahuanuyo,-14.34147,-71.46311,PE
Ccaquiracunca,-14.27683,-71.45026,PE
Chignayhua,-14.2461,-71.44442,PE
Ccuntuma,-14.1254,-71.41216,PE
Lima Pampa,-14.08976,-71.33664,PE
Jayobamba,-14.09425,-71.33922,PE
Queromarca,-14.18391,-71.38343,PE
Qquea,-14.18273,-71.35774,PE
Conchopata,-14.46968,-71.19843,PE
Mosoc Cancha,-14.28514,-71.08773,PE
Huayna Alcalde,-14.26989,-71.09599,PE
Salamanca,-15.50475,-72.83421,PE
San Pedro de Larcay,-14.16885,-73.57294,PE
Santa Ana de Huaycahuacho,-14.22671,-73.95684,PE
Aucara,-14.28083,-73.97611,PE
Santa Cruz,-14.48361,-75.245,PE
Caujul,-10.80528,-76.97889,PE
Yarusyacán,-10.49006,-76.19651,PE
Bajo Pichanaqui,-10.9275,-74.87417,PE
Huaccana,-13.38791,-73.69005,PE
Echarate,-12.73513,-72.61568,PE
Genaro Herrera,-4.90741,-73.66779,PE
Laylla,-11.38072,-74.59004,PE
Coviriali,-11.2907,-74.6275,PE
Río Negro,-11.20916,-74.65917,PE
Iscozacín,-10.18612,-75.14974,PE
Oronccoy,-13.38028,-73.43528,PE
La Esperanza,-17.99481,-70.24797,PE
Kelluyo,-16.7271,-69.24995,PE
Ayaviri,-13.70306,-75.35086,PE
Santa Rosa de Tambo,-13.68944,-75.27556,PE
Paccha Huallhua,-13.85217,-73.87733,PE
Providencia,-6.2975,-78.24,PE
Chalamarca,-6.50287,-78.4801,PE
Choropampa,-6.37145,-78.41163,PE
Collonce,-6.28252,-78.21092,PE
Santa Catalina,-6.11167,-78.06139,PE
Duraznopampa,-6.59306,-77.80806,PE
Matacoto,-9.17701,-77.7468,PE
Carhuac,-9.26213,-77.69166,PE
Aco,-9.36801,-77.56457,PE
Cheto,-6.25639,-77.70028,PE
Daguas,-6.22667,-77.74056,PE
Cochamal,-6.40639,-77.58333,PE
Huambo,-6.42896,-77.53789,PE
Parcoy,-8.03503,-77.48193,PE
Urpay,-8.34792,-77.39183,PE
Ullulluco,-8.45556,-77.42667,PE
Challas,-8.43902,-77.3239,PE
Huancaspata,-8.45667,-77.29833,PE
Naranjos,-5.74278,-77.49722,PE
Bajo Naranjillo,-5.81528,-77.38278,PE
Segunda Jerusalén - Azunguillo,-5.98917,-77.27694,PE
Nueva Cajamarca,-5.94056,-77.30806,PE
San Fernano,-5.90139,-77.27083,PE
Saramiriza,-4.56556,-77.41583,PE
Nuevo Progreso,-8.4525,-76.32389,PE
San Juan,-3.885,-73.56722,PE
San Martín de Pangoa,-11.42854,-74.48834,PE
Yanahuanca,-10.49139,-76.51667,PE
Huabal,-5.61284,-78.89958,PE
Buenos Aires,-9.12417,-78.4975,PE
Yuyapichis,-9.62789,-74.97459,PE
Pumahuasi,-9.18457,-75.9528,PE
El Triunfo ( El Cruce),-16.49319,-71.85305,PE
La Joya,-16.4238,-71.81834,PE
Pampamarca,-9.7054,-76.70271,PE
Choras,-9.9098,-76.60584,PE
Llata,-9.54999,-76.81613,PE
Jacas Grande,-9.53965,-76.73639,PE
Marias,-9.60647,-76.70623,PE
San Cristobal de Jacas Chico,-9.88619,-76.50318,PE
Cayhuayna,-9.95851,-76.24853,PE
Tambillo,-9.86701,-76.0404,PE
Huancapallac,-9.89412,-76.41455,PE
Cayrán,-9.98074,-76.28404,PE
Paucarbamba,-9.94459,-76.22323,PE
Ricrán,-11.54263,-75.52339,PE
Huaricolca,-11.51168,-75.65222,PE
Yauyos,-11.78115,-75.4991,PE
Janjaillo,-11.76466,-75.61118,PE
El Rosario,-11.78507,-75.67484,PE
Santa Rosa de Sacco,-11.55067,-75.94255,PE
Pucayacu,-8.74962,-76.12131,PE
Santa Rosa de Alto Yanajanca,-8.65458,-76.31508,PE
La Morada,-8.79141,-76.24949,PE
Masma Chicche,-11.78597,-75.38173,PE
Sausa,-11.79319,-75.48414,PE
Huertas,-11.7602,-75.4694,PE
Mucllo,-11.61926,-75.08968,PE
Masma,-11.78692,-75.42899,PE
El Mantaro,-11.82201,-75.39141,PE
Matahuasi,-11.89377,-75.34394,PE
Hualhuas,-11.97147,-75.25065,PE
Saño,-11.95671,-75.25685,PE
Quilcas,-11.93581,-75.25959,PE
Quichuay,-11.88982,-75.28571,PE
Santo Domingo del Prado,-11.89796,-75.31822,PE
San Juan de Rontoy,-9.17521,-77.00253,PE
Rapayan,-9.20549,-76.76138,PE
Anra,-9.23486,-76.92633,PE
Cochabamba,-9.09496,-76.83658,PE
San Pedro De Cachora,-13.63333,-72.88333,PE
Ledoy,-7.12934,-76.64908,PE
Pajarillo,-7.179,-76.68827,PE
Shatoja,-6.52821,-76.71823,PE
Pasaraya,-6.76539,-76.81464,PE
Tingo de Ponasa,-6.93237,-76.25212,PE
La Rinconada,-14.63126,-69.44638,PE
Pedro Ruiz Gallo,-5.94527,-77.97993,PE
Chaca,-12.78441,-74.20589,PE
San José de Secce,-12.76573,-74.25303,PE
La Merced,-12.78824,-74.359,PE
San Pedro de Coris,-12.57869,-74.4105,PE
Santa Rosa,-12.68657,-73.73531,PE
Chinchihuasi,-12.51859,-74.54574,PE
Pichos,-12.23617,-74.93874,PE
Santiago de Tucuma,-12.31024,-74.89227,PE
Ahuaycha,-12.40738,-74.89145,PE
Mariscal Cáceres,-12.39013,-74.85835,PE
Salcahuasi,-12.10378,-74.75161,PE
Quishuar,-12.24397,-74.77748,PE
Quichuas,-12.46944,-74.77148,PE
Andaymarca,-12.31541,-74.63536,PE
Palmapampa,-12.76816,-73.65626,PE
Kimbiri,-12.61935,-73.78814,PE
Sivia,-12.51202,-73.85808,PE
Llochegua,-12.41422,-73.91016,PE
Urb. Santo Domingo,-11.87655,-77.03345,PE
Camisea,-11.71939,-72.94563,PE
Indiana,-3.49989,-73.05136,PE
Massiapo,-14.09035,-69.2433,PE
Salvación,-12.83605,-71.3649,PE
Bolívar,-7.15395,-77.70263,PE
Paucartambo,-10.77326,-75.81109,PE
José Leonardo Ortiz,-6.74314,-79.85105,PE
Mariano Melgar,-16.39919,-71.50262,PE
Santa Anita - Los Ficus,-12.05048,-76.97335,PE
San Martin,-5.18591,-80.66927,PE
San Francisco De Borja,-12.08911,-76.99876,PE
Ciudad Satelite,-16.43085,-71.52921,PE
Chilca,-12.08628,-75.20827,PE
San Fernando,-8.39818,-74.53774,PE
Jesus Maria,-12.06982,-77.04495,PE
Wanchaq,-13.52493,-71.96531,PE
Centenario,-9.51656,-77.53045,PE
Cono Norte,-16.32369,-71.58151,PE
Carmen De La Legua Reynoso,-12.05354,-77.09802,PE
Jardin,-13.16234,-74.2134,PE
La Banda,-6.49265,-76.34224,PE
Yanacancha,-10.66585,-76.25525,PE
El Pedregal,-16.36314,-72.1921,PE
Santa Rosa,-10.91908,-74.88496,PE
San Antonio,-17.21718,-70.92593,PE
Cono Norte,-16.30111,-71.61647,PE
Las Nazarenas,-13.15465,-74.21553,PE
Pilcomayo,-9.04728,-77.81092,PE
La Rinconada Ana Maria (La Rinconada),-14.63392,-69.44694,PE
La Pradera,-6.779,-79.886,PE
Miramar,-8.17945,-78.99381,PE
Ascencion,-12.78423,-74.98058,PE
Puente Viru,-8.42513,-78.78097,PE
Victor Raul,-8.40469,-78.82276,PE
Horacio Zeballos Gamez,-16.49181,-71.50731,PE
Huanchaquito Alto,-8.08791,-79.09746,PE
Selva Alegre,-16.37057,-71.52724,PE
Santiago,-13.52728,-71.9843,PE
Tabaloslos,-6.38559,-76.63342,PE
Fonavi,-14.03282,-75.73697,PE
San Jose De Sisa,-6.61375,-76.69309,PE
Paragsha- San Andres - Jose Carlos Mariategui,-10.67147,-76.27098,PE
Nuevo Sullana,-4.92108,-80.72695,PE
Alto Salaverry,-8.1865,-78.98639,PE
Huepetuhe,-12.99475,-70.52508,PE
Palianñuñas,-12.04038,-75.19134,PE
Huamancaca Chico,-12.07993,-75.24523,PE
Mazuko,-13.10012,-70.36736,PE
San Alejandro,-8.82936,-75.21326,PE
Cerro Verde,-16.45026,-71.61552,PE
Limoncarro,-7.3011,-79.4168,PE
Breña,-12.05605,-77.05295,PE
Chupuro,-12.1552,-75.24539,PE
Pampas Grande,-9.65537,-77.82657,PE
Puerto Rosario de Laberinto,-12.71732,-69.58694,PE
Soplín Vargas,-0.37293,-74.67558,PE
Canayre,-12.28106,-74.02574,PE
Ullpayacu,-4.65169,-76.58781,PE
Alexander von Humboldt,-8.82839,-75.05058,PE
Curimaná,-8.4341,-75.15296,PE
Vicco,-10.84109,-76.23606,PE
Yauli,-12.76974,-74.85131,PE
Islandia,-4.35345,-70.04149,PE
Campanilla,-7.48252,-76.64989,PE
Huipoca,-8.97784,-75.44748,PE
Boquerón,-9.0595,-75.63601,PE
Balsapuerto,-5.83007,-76.55977,PE
Remanso,-2.40808,-71.17663,PE
Chaccho,-9.0597,-77.0587,PE
Pongo de Caynarachi,-6.33056,-76.28432,PE
Acobamba,-8.32617,-77.5817,PE
San Luis de Lucma,-6.29418,-78.60357,PE
Acochaca,-9.11483,-77.36809,PE
San Nicolás,-8.97575,-77.18934,PE
Masin,-9.36571,-77.09668,PE
Cajay,-9.32569,-77.1577,PE
Chaná,-9.40324,-77.01123,PE
Santo Toribio,-8.86455,-77.91438,PE
Musga,-8.9063,-77.33892,PE
Pampachacra,-8.90196,-77.24595,PE
Sanachgan,-8.80636,-77.27945,PE
Huayllán,-8.85812,-77.43569,PE
Cashapampa,-8.56095,-77.65276,PE
Chullin,-8.64636,-77.5819,PE
Ragash,-8.53194,-77.66593,PE
Santa Cruz,-6.09507,-78.85285,PE
Pimpingos,-6.06197,-78.75834,PE
San Juan de Cutervo,-6.16335,-78.59788,PE
Huarango,-5.27279,-78.77583,PE
Venecia,-7.25158,-78.03656,PE
Paucamarca,-7.27364,-78.15977,PE
Chancay,-7.38821,-78.12366,PE
Catilluc,-6.80163,-78.77897,PE
San Silvestre de Cochán,-6.97773,-78.77406,PE
Calquis,-6.98017,-78.84996,PE
Tongod,-6.75651,-78.82467,PE
San Luis Grande,-7.15729,-78.86791,PE
Tumbadén,-7.02494,-78.73972,PE
Andabamba,-6.66283,-78.8173,PE
Saucepampa,-6.69064,-78.91659,PE
Huallhua,-12.42044,-74.48909,PE
Viracochan,-12.59414,-74.33079,PE
Anchihuay,-12.86429,-73.58277,PE
Tres de Diciembre,-12.10975,-75.24567,PE
Virginniyoc,-15.00875,-71.64317,PE
Villa Kintiarina,-12.91861,-73.52824,PE
Amaybamba,-13.28727,-73.26655,PE
Villa Virgen,-13.00222,-73.51272,PE
Estación de Pucará,-15.03365,-70.33814,PE
Conduriri,-16.62165,-69.70908,PE
Capaso,-17.18371,-69.7447,PE
Quilcapuncu,-14.89299,-69.73024,PE
Tinicachi,-16.19862,-68.96202,PE
Copani,-16.3998,-69.04047,PE
San Juan de Cuturapi,-16.27012,-69.17751,PE
Marcaja,-16.22611,-68.97029,PE
San Miguel de Ollaraya,-16.21956,-68.99086,PE
Anapia,-16.31381,-68.85291,PE
Amantaní,-15.65718,-69.71825,PE
Pachamarca,-12.51545,-74.52638,PE
Rosario,-12.72115,-74.58245,PE
Ccochaccasa,-12.92568,-74.77019,PE
Acraquia,-12.40687,-74.90139,PE
Huachocolpa,-12.04823,-74.59456,PE
San Marcos de Rocchac,-12.0939,-74.86359,PE
Puerto San Antonio,-12.21648,-74.48994,PE
Santa Rosa,-5.43355,-78.56696,PE
La Ramada,-6.25311,-78.57578,PE
Pararca,-15.2175,-73.46447,PE
Putina Punco,-14.11218,-69.04767,PE
San Miguel,-15.47798,-70.12498,PE
Villa Alto Camilaca,-17.24321,-70.38859,PE
San José,-8.33542,-74.59605,PE
San Juan,-8.32281,-74.60409,PE
San Francisco,-8.27571,-74.64114,PE
Pinto Recodo,-6.37945,-76.60432,PE
Papaplaya,-6.20923,-75.78168,PE
Canchabamba,-8.88485,-77.1233,PE
Chacabamba,-9.90092,-76.61094,PE
San Buenaventura,-8.76732,-77.18608,PE
Castillo Grande,-9.27807,-76.00871,PE
San Pablo de Pillao,-9.78699,-75.99935,PE
Ticlacayán,-10.53448,-76.16407,PE
Huaso,-8.22451,-78.41377,PE
Santa Mercedes,-1.78892,-73.41165,PE
Yuty,-26.61415,-56.24727,PY
Ypacarai,-25.40777,-57.28889,PY
Yhú,-25.05784,-55.92267,PY
Villa Ygatimí,-24.12371,-55.64418,PY
Fulgencio Yegros,-26.45565,-56.40368,PY
Yby Yaú,-22.96611,-56.54066,PY
Ybycuí,-26.02073,-57.0172,PY
Yataity del Norte,-24.84752,-56.35538,PY
Yaguarón,-25.56219,-57.28662,PY
Villarrica,-25.74946,-56.43518,PY
Villa Hayes,-25.093,-57.52725,PY
Villa Florida,-26.41065,-57.12104,PY
Villa Elisa,-25.3676,-57.59274,PY
Unión,-24.8079,-56.52148,PY
Trinidad,-27.13103,-55.70584,PY
Tobatí,-25.26111,-57.08329,PY
Tacuatí,-23.45767,-56.73672,PY
Sapucaí,-25.66652,-56.95215,PY
Santiago,-27.1431,-56.76803,PY
Santa Rosa,-26.8873,-56.84905,PY
Santa Rita,-25.79632,-55.08847,PY
Santa María,-26.78371,-56.94333,PY
Santa Elena,-25.41396,-56.79762,PY
San Pedro de Ycuamandyyú,-24.08534,-57.08745,PY
San Pedro del Paraná,-26.83387,-56.20694,PY
San Patricio,-26.97626,-56.8269,PY
San Miguel,-26.53599,-57.03928,PY
San Lorenzo,-25.33968,-57.50879,PY
San Juan Nepomuceno,-26.11229,-55.93861,PY
San Juan del Paraná,-27.30264,-55.96387,PY
San Juan Bautista,-26.67028,-57.14073,PY
San José de los Arroyos,-25.5331,-56.73233,PY
San Joaquín,-25.02853,-56.0428,PY
San Isidro de Curuguaty,-24.47184,-55.69227,PY
San Cosme y Damián,-27.31922,-56.33223,PY
San Bernardino,-25.31067,-57.29628,PY
San Antonio,-25.42126,-57.54725,PY
San Alberto,-24.96667,-54.9,PY
Salto del Guairá,-24.0633,-54.30763,PY
Repatriación,-25.53515,-55.99242,PY
Quiindy,-25.97606,-57.23353,PY
Puerto Rosario,-24.44127,-57.14272,PY
Puerto Mayor Otaño,-26.4,-54.7,PY
Puerto Bahía Negra,-20.22966,-58.16857,PY
Presidente Franco,-25.56384,-54.61097,PY
Piribebuy,-25.46498,-57.04183,PY
Pirayú,-25.48415,-57.23612,PY
Pirapó,-26.85842,-55.54414,PY
Pilar,-26.85874,-58.30639,PY
Pedro Juan Caballero,-22.54925,-55.7387,PY
Paraguarí,-25.62075,-57.14724,PY
Obligado,-27.0555,-55.62731,PY
Nueva Italia,-25.6108,-57.46563,PY
Colonia Nueva Germania,-23.91137,-56.70091,PY
Nemby,-25.3949,-57.53574,PY
Natalio,-26.75702,-55.13777,PY
Natalicio Talavera,-25.65378,-56.30933,PY
Naranjal,-25.97432,-55.18661,PY
Nanawa,-25.2793,-57.70307,PY
Mbuyapey,-26.21921,-56.75777,PY
Mbutuý,-24.97518,-56.30927,PY
Mbocayaty,-25.71938,-56.42179,PY
Los Cedrales,-25.65668,-54.72272,PY
Limpio,-25.16611,-57.48562,PY
Lima,-23.88496,-56.47891,PY
La Paloma del Espíritu Santo,-24.12957,-54.61376,PY
Lambaré,-25.34682,-57.60647,PY
La Colmena,-25.88627,-56.84084,PY
Jesús,-27.05598,-55.7413,PY
Iturbe,-26.05508,-56.48463,PY
Itauguá,-25.39258,-57.35421,PY
Itakyry,-24.98401,-55.1493,PY
Itapé,-25.85172,-56.61385,PY
Itacurubí del Rosario,-24.53541,-56.82352,PY
Itacurubí de la Cordillera,-25.46158,-56.85333,PY
Itá,-25.50054,-57.36717,PY
Isla Pucú,-25.30853,-56.89911,PY
Independencia,-25.691,-56.26781,PY
Hohenau,-27.07315,-55.64247,PY
Guajayvi,-24.53333,-56.40392,PY
Guarambaré,-25.49096,-57.45567,PY
General José Eduvigis Díaz,-27.20153,-58.3691,PY
General Higinio Morínigo,-25.95,-55.91667,PY
General Elizardo Aquino,-24.44548,-56.89942,PY
General José María Delgado,-27.09046,-56.52474,PY
General Artigas,-26.93461,-56.22214,PY
Fuerte Olimpo,-21.04153,-57.87377,PY
Fram,-26.98333,-55.88333,PY
Fernando de la Mora,-25.3386,-57.52167,PY
Eusebio Ayala,-25.38276,-56.96088,PY
Encarnación,-27.33176,-55.86662,PY
Emboscada,-25.12413,-57.34807,PY
Edelira,-26.76734,-55.27872,PY
Doctor Juan Manuel Frutos,-25.3838,-55.83215,PY
Doctor Juan León Mallorquín,-25.43053,-55.25412,PY
Doctor Cecilio Báez,-25.06943,-56.24267,PY
Corpus Christi,-24.0804,-54.93933,PY
Coronel Oviedo,-25.44613,-56.43928,PY
Coronel Martínez,-25.75896,-56.61596,PY
Concepción,-23.39985,-57.43236,PY
Yguazú,-25.46096,-55.00489,PY
Minga Porá,-24.87544,-54.93395,PY
Colonia Menno,-22.36667,-59.81667,PY
Colonia Mauricio José Troche,-25.56667,-56.28333,PY
Mariano Roque Alonso,-25.20791,-57.53202,PY
Colonia General Alfredo Stroessner,-25.36395,-55.7069,PY
Katueté,-24.24829,-54.75961,PY
Carmelo Peralta,-21.67985,-57.90729,PY
Ciudad del Este,-25.5036,-54.65067,PY
Chore,-24.18606,-56.58251,PY
Cerrito,-27.34215,-57.64119,PY
Carmen del Paraná,-27.22232,-56.15243,PY
Carlos Antonio López,-26.39853,-54.7569,PY
Carayaó,-25.1975,-56.39878,PY
Carapeguá,-25.76344,-57.24677,PY
Caraguatay,-25.23844,-56.82693,PY
Capitán Miranda,-27.21946,-55.79837,PY
Capitán Bado,-23.26733,-55.53876,PY
Capiibary,-24.7319,-56.02052,PY
Capiatá,-25.3552,-57.44545,PY
Caazapá,-26.1966,-56.36786,PY
Caapucú,-26.23523,-57.18212,PY
Caaguazú,-25.47104,-56.01603,PY
Caacupé,-25.38575,-57.14217,PY
Buena Vista,-26.18705,-56.08334,PY
Benjamín Aceval,-24.9974,-57.55239,PY
Bella Vista,-27.0491,-55.5717,PY
Bella Vista,-22.12226,-56.51523,PY
Belén,-23.46987,-57.26175,PY
Ayolas,-27.38421,-56.83953,PY
Atyrá,-25.2794,-57.17289,PY
Asunción,-25.28646,-57.647,PY
Arroyos y Esteros,-25.05505,-57.09728,PY
Tomás Romero Pereira,-26.53115,-55.26046,PY
Areguá,-25.31239,-57.38495,PY
Antequera,-24.08526,-57.20221,PY
Altos,-25.26263,-57.25443,PY
Acahay,-25.91409,-57.11329,PY
Abaí,-26.03848,-55.94685,PY
Horqueta,-23.34323,-57.05212,PY
General Eugenio A. Garay,-20.51667,-62.13333,PY
Filadelfia,-22.33936,-60.03157,PY
Colonia Neuland,-22.66667,-60.11667,PY
Capitán Pablo Lagerenza,-19.91667,-60.78333,PY
Nueva Esperanza,-24.5076,-54.8551,PY
Colonia San Lorenzo,-26.49324,-54.79989,PY
Puerto Vallemí,-22.15755,-57.95125,PY
Young,-32.69844,-57.62693,UY
Villa Sara,-33.2534,-54.41947,UY
Villa del Carmen,-33.23943,-56.00936,UY
Vichadero,-31.77794,-54.69183,UY
Vergara,-32.94419,-53.9381,UY
Velázquez,-34.03631,-54.28054,UY
25 de Mayo,-34.18917,-56.33944,UY
25 de Agosto,-34.41167,-56.40222,UY
Colonia Valdense,-34.33957,-57.26246,UY
Tupambaé,-32.83333,-54.76667,UY
Trinidad,-33.5165,-56.89957,UY
Treinta y Tres,-33.231,-54.38577,UY
Tranqueras,-31.2,-55.75,UY
Tomás Gomensoro,-30.4287,-57.43609,UY
Toledo,-34.73807,-56.09469,UY
Tarariras,-34.26555,-57.61866,UY
Tambores,-31.87743,-56.24438,UY
Tala,-34.34349,-55.76375,UY
Tacuarembó,-31.71882,-55.97925,UY
Villa Soriano,-33.39811,-58.32177,UY
Solís de Mataojo,-34.59951,-55.46808,UY
Soca,-34.68432,-55.702,UY
Pueblo Sequeira,-30.9892,-56.87044,UY
Sauce,-34.65191,-56.06431,UY
Sarandí Grande,-33.73333,-56.33333,UY
Sarandí del Yi,-33.35,-55.63333,UY
Santiago Vázquez,-34.79028,-56.35,UY
Santa Teresa,-34.43333,-57.71667,UY
Santa Rosa,-34.49819,-56.03795,UY
Santa Lucía,-34.45333,-56.39056,UY
Santa Clara de Olimar,-32.92254,-54.94447,UY
Santa Catalina,-33.791,-57.48824,UY
Santa Bernardina,-33.3536,-56.52498,UY
San Ramón,-34.29155,-55.95571,UY
San José de Mayo,-34.33898,-56.71339,UY
San Javier,-32.66523,-58.1332,UY
San Jacinto,-34.54465,-55.87151,UY
San Gregorio de Polanco,-32.61667,-55.83333,UY
San Félix,-32.34631,-58.10094,UY
San Carlos,-34.79123,-54.91824,UY
San Bautista,-34.44016,-55.95861,UY
San Antonio,-34.4513,-56.08036,UY
Salto,-31.38811,-57.95983,UY
Salinas,-34.77731,-55.83954,UY
Rosario,-34.31667,-57.35,UY
Rodríguez,-34.381,-56.53797,UY
Rocha,-34.47995,-54.33064,UY
Rivera,-30.90534,-55.55076,UY
Río Branco,-32.59802,-53.38583,UY
Rafael Perazza,-34.52335,-56.7971,UY
Quebracho,-31.93526,-57.9014,UY
Punta del Este,-34.94747,-54.93382,UY
Pueblo Centenario,-32.86667,-56.46667,UY
Progreso,-34.66737,-56.21758,UY
Porvenir,-32.39273,-57.96961,UY
Estación Porvenir,-32.37085,-57.85371,UY
Piriápolis,-34.86287,-55.27471,UY
Piedras Coloradas,-32.37183,-57.60901,UY
Paysandú,-32.3171,-58.08072,UY
Paso de los Toros,-32.81667,-56.51667,UY
Paso de Carrasco,-34.86028,-56.05222,UY
Pando,-34.71716,-55.9584,UY
Pan de Azúcar,-34.7787,-55.23582,UY
Palmitas,-33.50719,-57.80079,UY
Ombúes de Lavalle,-33.93783,-57.80959,UY
Nuevo Berlín,-32.97974,-58.05858,UY
Nueva Palmira,-33.87031,-58.41176,UY
Nueva Helvecia,-34.3,-57.23333,UY
Montevideo,-34.90328,-56.18816,UY
Montes,-34.49339,-55.56219,UY
Minas de Corrales,-31.57375,-55.47075,UY
Minas,-34.37589,-55.23771,UY
Migues,-34.48759,-55.62793,UY
Mercedes,-33.2524,-58.03047,UY
Melo,-32.3682,-54.16409,UY
Mariscala,-34.04085,-54.77732,UY
Maldonado,-34.89791,-54.95021,UY
Los Cerrillos,-34.605,-56.35639,UY
Libertad,-34.63459,-56.61739,UY
Las Toscas,-34.73333,-55.71667,UY
Las Piedras,-34.7302,-56.21915,UY
Las Piedras,-30.26204,-57.58174,UY
Lascano,-33.67235,-54.2065,UY
La Paz,-34.76031,-56.2259,UY
La Paloma,-34.66268,-54.16452,UY
La Paloma,-32.72689,-55.5827,UY
La Floresta,-34.75572,-55.68141,UY
Juan L. Lacaze,-34.41888,-57.45285,UY
José Pedro Varela,-33.45451,-54.53586,UY
José Enrique Rodó,-33.69618,-57.53153,UY
José Batlle y Ordóñez,-33.46667,-55.11667,UY
Joaquín Suárez,-34.73501,-56.0347,UY
Juanicó,-34.59454,-56.25334,UY
Isidoro Noblía,-31.96218,-54.12309,UY
Guichón,-32.35846,-57.19778,UY
General Enrique Martínez,-33.20388,-53.80524,UY
Fray Bentos,-33.11651,-58.31067,UY
Fraile Muerto,-32.51667,-54.53333,UY
Florida,-34.10032,-56.21477,UY
Florencio Sánchez,-33.87785,-57.37166,UY
Empalme Olmos,-34.69753,-55.89268,UY
Ecilda Paullier,-34.35778,-57.04883,UY
Durazno,-33.38063,-56.52312,UY
Dolores,-33.53009,-58.21701,UY
Delta del Tigre,-34.76488,-56.3645,UY
Curtina,-32.15,-56.11667,UY
Villa Constitución,-31.06913,-57.84946,UY
Colonia del Sacramento,-34.46262,-57.83976,UY
Chui,-33.69792,-53.45926,UY
Alejandro Gallinal,-33.86252,-55.54264,UY
Cebollatí,-33.26703,-53.79425,UY
Casupá,-34.09994,-55.64811,UY
Castillos,-34.19871,-53.85919,UY
Carmelo,-34.00023,-58.28402,UY
Cardona,-33.87049,-57.36954,UY
Cardal,-34.29056,-56.38889,UY
Canelones,-34.52381,-56.28215,UY
Blanquillo,-32.76667,-55.63333,UY
Bella Unión,-30.25966,-57.59919,UY
Belén,-30.78716,-57.77577,UY
Baltasar Brum,-30.71905,-57.32596,UY
Atlántida,-34.7719,-55.7584,UY
Artigas,-30.40431,-56.46926,UY
Aiguá,-34.20498,-54.75665,UY
Aguas Corrientes,-34.52194,-56.39361,UY
Aceguá,-31.87178,-54.16351,UY
Puntas de Valdéz,-34.5855,-56.70097,UY
Colonia Nicolich,-34.81516,-56.02435,UY
Barra de Carrasco,-34.87722,-56.02972,UY
Pajas Blancas,-34.80167,-56.33417,UY
Costa Azul,-34.62925,-54.15307,UY
Cuareim,-30.22519,-57.56802,UY
Barros Blancos,-34.7524,-56.00259,UY
Puimayen,-33.77411,-53.40925,UY
Marindia,-34.77433,-55.82406,UY
La Guardia,10.99742,-64.0181,VE
La Asunción,11.03333,-63.86278,VE
Caricuao,10.43337,-66.98313,VE
Tocuyito,10.11347,-68.06783,VE
El Chaparro,9.15204,-65.01732,VE
Aragüita,9.91252,-65.19197,VE
Anaco,9.42958,-64.46428,VE
Santa Cruz de Guacas,7.44329,-71.30139,VE
El Real,8.43525,-69.99633,VE
Puerto Vivas,7.50005,-71.84446,VE
La Mula,8.57084,-70.37524,VE
Los Guasimitos,8.66435,-70.23216,VE
Alto Barinas,8.5931,-70.2261,VE
Zea,8.37706,-71.78398,VE
Zaraza,9.35029,-65.32452,VE
Yumare,10.59703,-68.67328,VE
Yaritagua,10.08081,-69.1242,VE
Yaracal,10.96985,-68.54648,VE
Yaguaraparo,10.56839,-62.82628,VE
Villa de Cura,10.03863,-67.48938,VE
Villa Bruzual,9.33186,-69.11968,VE
Las Casitas del Vegon de Nutrias,8.23704,-69.4183,VE
Valle de La Pascua,9.21554,-66.00734,VE
Valle de Guanape,9.90999,-65.67405,VE
Valera,9.31778,-70.60361,VE
Valencia,10.16153,-68.00044,VE
Urumaco,11.19996,-70.25543,VE
Urica,9.71404,-64.00759,VE
Ureña,7.92162,-72.44396,VE
Uracoa,8.99432,-62.35202,VE
Urachiche,10.15847,-69.00782,VE
Upata,8.0162,-62.40561,VE
Umuquena,8.26648,-72.06432,VE
Turmero,10.22856,-67.47421,VE
Tunapuy,10.5748,-63.10751,VE
Tumeremo,7.29861,-61.50497,VE
Tucupita,9.06263,-62.05208,VE
Tucupido,9.27304,-65.77153,VE
Tucaní,8.97003,-71.27277,VE
Tucacas,10.79006,-68.32564,VE
Trujillo,9.36587,-70.43659,VE
Tovar,8.33015,-71.75277,VE
Torunos,8.50015,-70.08056,VE
Torondoy,9.03457,-71.01412,VE
Tocuyo de La Costa,11.0357,-68.37448,VE
Tocópero,11.49946,-69.259,VE
Tinaquillo,9.91861,-68.30472,VE
Tinaco,9.69894,-68.43273,VE
Timotes,8.98224,-70.73926,VE
Tía Juana,10.25927,-71.36343,VE
Temblador,9.00525,-62.64493,VE
Táriba,7.82117,-72.22329,VE
Tabay,8.6317,-71.07833,VE
Soledad,8.16206,-63.5654,VE
Socopó,8.23062,-70.82198,VE
Siquisique,10.57112,-69.70172,VE
Sinamaica,11.08656,-71.85595,VE
Seboruco,8.14514,-72.07332,VE
Sarare,9.78129,-69.1633,VE
Santo Domingo,8.86052,-70.6948,VE
San Timoteo,9.7901,-71.07084,VE
Santa Teresa del Tuy,10.23291,-66.66474,VE
Santa Rosa,8.44033,-69.70105,VE
Santa Rita,10.53642,-71.51104,VE
Santa María de Ipire,8.81556,-65.3225,VE
Santa María de Caparo,7.71412,-71.46466,VE
Santa Lucía,10.30494,-66.65998,VE
Santa Lucía,8.10155,-69.77752,VE
Santa Isabel,9.63163,-70.80837,VE
Santa Inés,8.26241,-69.89795,VE
Santa Elena de Uairén,4.60226,-61.11025,VE
Santa Elena de Arenales,8.82062,-71.46572,VE
Santa Cruz de Mora,8.39925,-71.64082,VE
Santa Cruz de Mara,10.79269,-71.68505,VE
Santa Cruz de Bucaral,10.81919,-69.27679,VE
Santa Cruz,10.18,-67.51184,VE
Santa Catalina,7.92408,-68.91745,VE
Santa Bárbara,9.60745,-63.60938,VE
Santa Bárbara,7.81348,-71.17788,VE
Santa Apolonia,9.47135,-71.01213,VE
Santa Ana,11.06831,-63.92256,VE
Santa Ana,9.3056,-64.65478,VE
Santa Ana,8.11697,-72.02174,VE
Santa Ana,7.6429,-72.27636,VE
San Simón,8.35018,-71.85114,VE
San Silvestre,8.27585,-70.11027,VE
San Rafael de Onoto,9.67813,-68.97278,VE
Carvajal,9.3067,-70.59042,VE
San Rafael de Canaguá,8.02667,-70.00861,VE
San Rafael,10.96205,-71.73034,VE
San Pedro de Coche,10.78153,-63.99636,VE
San Pablo,10.24929,-68.84427,VE
San Mateo,10.21302,-67.42365,VE
San Mateo,9.74004,-64.54937,VE
San Luis,11.12034,-69.68397,VE
San Lorenzo,10.22301,-63.92452,VE
San Juan de Manapiare,5.32665,-66.05402,VE
San Juan de los Morros,9.91246,-67.35398,VE
San Juan de los Cayos,11.17203,-68.4128,VE
Colón,8.03125,-72.26053,VE
San Juan Bautista,11.01243,-63.94412,VE
San José de Barlovento,10.30125,-65.99053,VE
San José de Guanipa,8.88724,-64.16512,VE
San José de Aerocuar,10.59973,-63.32852,VE
San Joaquín,10.26061,-67.79348,VE
San Francisco de Yare,10.17793,-66.74649,VE
San Francisco,10.55363,-71.70364,VE
San Fernando de Atabapo,4.04564,-67.69934,VE
San Felipe,10.3401,-68.74297,VE
San Diego,10.26057,-67.95363,VE
San Cristóbal,7.76593,-72.23576,VE
San Casimiro,10.00169,-67.01464,VE
San Carlos de Río Negro,1.92027,-67.06089,VE
San Carlos del Zulia,9.00098,-71.92683,VE
San Carlos,9.66415,-68.58659,VE
Sanare,9.75209,-69.6524,VE
San Antonio del Táchira,7.8112,-72.44437,VE
San Antonio de Los Altos,10.38853,-66.95179,VE
San Antonio del Golfo,10.44198,-63.78874,VE
San Antonio,10.11914,-63.72535,VE
San Antonio,7.96378,-68.43384,VE
Sabaneta,8.75234,-69.93351,VE
Sabana Grande,9.4018,-70.79812,VE
Sabana de Parra,10.12111,-69.03639,VE
Sabana de Mendoza,9.43494,-70.77495,VE
Rubio,7.70156,-72.35551,VE
La Villa del Rosario,10.3258,-72.31343,VE
Río Chico,10.31899,-65.97751,VE
Río Caribe,10.6977,-63.10871,VE
Quiriquire,9.9795,-63.21991,VE
Quíbor,9.92866,-69.6201,VE
Queniquea,7.91849,-72.01612,VE
Quebrada Seca,8.70015,-70.31941,VE
Punto Fijo,11.69152,-70.19918,VE
Punta Gorda,10.33407,-71.41352,VE
Punta de Piedras,10.90123,-64.0969,VE
Punta de Piedra,7.61759,-71.49164,VE
Punta de Mata,9.69131,-63.60921,VE
Punta Cardón,11.65806,-70.215,VE
Puerto Píritu,10.05896,-65.03698,VE
Puerto La Cruz,10.21382,-64.6328,VE
Puerto de Nutrias,8.07281,-69.30246,VE
Puerto Cumarebo,11.48614,-69.35319,VE
Puerto Cabello,10.47306,-68.0125,VE
Puerto Ayacucho,5.66049,-67.58343,VE
Pueblo Nuevo,11.94788,-69.92306,VE
Pueblo Nuevo El Chivo,8.96249,-71.60754,VE
Pueblo Llano,8.9152,-70.65919,VE
Pregonero,8.01909,-71.76595,VE
Porlamar,10.95771,-63.86971,VE
Píritu,11.36648,-69.13807,VE
Píritu,10.0395,-65.03037,VE
Píritu,9.37083,-69.21028,VE
Petare,10.47679,-66.80786,VE
Pedregal,11.02142,-70.12106,VE
Pedraza La Vieja,7.9168,-71.05934,VE
Pedernales,9.971,-62.252,VE
Pariaguán,8.84357,-64.71053,VE
Paraíso de Chabasquén,9.43326,-69.94728,VE
La Plaza Paraguachi,11.10783,-63.85537,VE
Papelón,8.94109,-69.46021,VE
Pampatar,11.00085,-63.79298,VE
Pampanito,9.41037,-70.50116,VE
Pampán,9.44519,-70.47556,VE
Palo Negro,10.17389,-67.54194,VE
Palmira,7.8375,-72.22794,VE
Palmasola,9.23333,-66.71667,VE
Ospino,9.29572,-69.45434,VE
Ortiz,9.62168,-67.29047,VE
Onoto,9.59714,-65.1935,VE
Ocumare del Tuy,10.1182,-66.77513,VE
Ocumare de la Costa,10.46127,-67.76872,VE
Obispos,8.60701,-70.10489,VE
Nueva Bolivia,9.14007,-71.09143,VE
Nirgua,10.15039,-68.56478,VE
Naiguatá,10.62026,-66.73833,VE
Naguanagua,10.25604,-68.01649,VE
Mucuchíes,8.74921,-70.91978,VE
Motatán,9.39182,-70.59061,VE
Morón,10.48715,-68.20078,VE
Monte Carmelo,9.18821,-70.81229,VE
Montalbán,10.21313,-68.32669,VE
Mirimire,11.1602,-68.72604,VE
Miranda,10.15077,-68.39325,VE
Michelena,7.95642,-72.24235,VE
Mérida,8.57899,-71.16922,VE
Mene Grande,9.84639,-70.92655,VE
Mene de Mauroa,10.68091,-71.03609,VE
Masparrito,9.00194,-70.30139,VE
Maroa,2.7188,-67.56046,VE
Maripa,7.41584,-65.19034,VE
Marigüitar,10.44789,-63.90161,VE
Mariara,10.29532,-67.7177,VE
Maracay,10.24972,-67.59475,VE
Maracaibo,10.64232,-71.61089,VE
Maporal,7.645,-70.41985,VE
Mapire,7.74085,-64.71047,VE
Mamporal,10.36556,-66.13391,VE
Maiquetía,10.5945,-66.95624,VE
Macuto,10.60508,-66.89745,VE
Machiques,10.06077,-72.55212,VE
Los Teques,10.34954,-67.04266,VE
Los Rastrojos,10.02588,-69.24166,VE
Los Guayos,10.18932,-67.93828,VE
Los Dos Caminos,10.49389,-66.82863,VE
Lobatera,7.93005,-72.24679,VE
Libertad,9.35654,-68.69221,VE
Libertad,8.32709,-69.63093,VE
Canaguá,8.12489,-71.46041,VE
Capacho Viejo,7.82893,-72.31942,VE
La Yuca,8.73109,-70.18072,VE
La Victoria,10.22677,-67.33122,VE
La Vela de Coro,11.46077,-69.5657,VE
Veguitas,8.82391,-69.99581,VE
La Unión,8.21573,-67.76653,VE
Las Vegas,9.53724,-68.63022,VE
Las Tejerías,10.25416,-67.17333,VE
Las Mercedes,9.11037,-66.39607,VE
La Sabana,10.61867,-66.38194,VE
La Quebrada,9.15522,-70.57702,VE
La Plata,10.32025,-71.2721,VE
La Paragua,6.83333,-63.33333,VE
Lander,10.18333,-66.7,VE
La Luz,8.39419,-69.82358,VE
Lagunillas,10.13008,-71.25946,VE
Lagunillas,8.50457,-71.3894,VE
La Guaira,10.60156,-66.93293,VE
La Esmeralda,3.17453,-65.54517,VE
La Cruz de Taratara,11.06302,-69.71287,VE
La Concepción,10.61919,-71.83814,VE
Concepción,10.4119,-71.68919,VE
Chameta,8.10023,-70.90671,VE
Caramuca,8.59708,-70.32056,VE
La Azulita,8.71364,-71.44421,VE
Kanavayén,5.63333,-61.8,VE
Judibana,11.75908,-70.18418,VE
Juan Griego,11.08172,-63.96549,VE
Jacura,11.07446,-68.85583,VE
Irapa,10.57006,-62.58204,VE
Higuerote,10.48287,-66.10096,VE
Güiria,10.57721,-62.29841,VE
Güigüe,10.08344,-67.77799,VE
Guayabal,8.00077,-67.39732,VE
Guatire,10.474,-66.54241,VE
Guasipati,7.47702,-61.89666,VE
Guarenas,10.47027,-66.61934,VE
Guaraque,8.15405,-71.73562,VE
Guanta,10.23453,-64.59708,VE
Guanarito,8.69625,-69.20832,VE
Guanare,9.03934,-69.73364,VE
Guama,10.26638,-68.81986,VE
Guadarrama,8.53508,-68.04923,VE
Guacara,10.22609,-67.877,VE
Farriar,10.47016,-68.55885,VE
Escuque,9.29687,-70.67189,VE
Encontrados,9.05983,-72.2346,VE
El Vigía,8.6135,-71.65702,VE
El Valle del Espíritu Santo,10.98325,-63.88346,VE
El Toro,10.95423,-71.64843,VE
El Tocuyo,9.78709,-69.79294,VE
El Tigre,8.88902,-64.2527,VE
El Sombrero,9.3863,-67.05818,VE
El Socorro,8.99352,-65.74247,VE
Los Roques,11.94836,-66.67835,VE
El Regalo,8.43455,-69.1767,VE
San Rafael del Piñal,7.52987,-71.95922,VE
El Pilar,10.54782,-63.15424,VE
El Paradero,9.77278,-70.61541,VE
El Pao,9.63926,-68.12917,VE
El Palmer,8.03333,-61.88333,VE
El Palmar,8.01082,-61.90713,VE
Elorza,7.06088,-69.49765,VE
Lecherías,10.19167,-64.69207,VE
El Limón,10.30589,-67.63212,VE
El Hatillo,10.42411,-66.82581,VE
El Dorado,6.71581,-61.63738,VE
El Dividive,9.4751,-70.73493,VE
El Corozo,10.12061,-71.04422,VE
El Corozo,8.5675,-70.35778,VE
El Consejo,10.23777,-67.27008,VE
El Cobre,8.03431,-72.05777,VE
El Cantón,7.47801,-71.29693,VE
El Callao,7.34706,-61.82684,VE
El Baúl,8.96225,-68.29511,VE
Ejido,8.54665,-71.24087,VE
Duaca,10.28554,-69.16244,VE
Dolores,8.28623,-69.56633,VE
Dabajuro,11.02273,-70.67769,VE
Curiapo,8.58057,-60.99778,VE
Curbatí,8.45443,-70.55441,VE
Cúpira,10.16128,-65.70013,VE
Cumanacoa,10.25056,-63.91938,VE
Cumaná,10.4639,-64.17859,VE
Cúa,10.16245,-66.88248,VE
Coro,11.40769,-69.67822,VE
Concepción,10.8,-71.76667,VE
Coloncito,8.32611,-72.08742,VE
Cojedes,9.62232,-68.91805,VE
Cocorote,10.31954,-68.78298,VE
Clarines,9.93991,-65.16517,VE
Ciudad Piar,7.45209,-63.31992,VE
Ciudad Ojeda,10.20161,-71.3148,VE
Ciudad Guayana,8.35122,-62.64102,VE
Ciudad De Nutrias,8.09535,-69.30798,VE
Ciudad Bolivia,8.35304,-70.57121,VE
Ciudad Bolívar,8.12366,-63.54694,VE
Churuguara,10.81231,-69.53734,VE
Chivacoa,10.15951,-68.89453,VE
Chiquinquirá,10.44333,-71.64722,VE
Chichiriviche,10.92872,-68.27283,VE
Chejendé,9.6186,-70.35682,VE
Charallave,10.24247,-66.85723,VE
Chaguaramas,9.33754,-66.25282,VE
Chacao,10.49581,-66.85367,VE
Tacarigua,10.08621,-67.91982,VE
Caucagüito,10.48666,-66.73799,VE
Caucagua,10.2831,-66.37591,VE
Catia La Mar,10.60545,-67.03238,VE
Casigua El Cubo,8.74602,-72.51889,VE
Casanay,10.5042,-63.41729,VE
Carúpano,10.66516,-63.25387,VE
Carrizal,10.34985,-66.98632,VE
Carora,10.17283,-70.081,VE
Caripito,10.11135,-63.09985,VE
Caripe,10.17335,-63.50048,VE
Cariaco,10.49682,-63.55286,VE
Carache,9.62857,-70.22864,VE
Caracas,10.48801,-66.87919,VE
Caraballeda,10.61216,-66.85192,VE
Capitanejo,8.01171,-71.00458,VE
Canape Capatárida,11.1755,-70.62072,VE
Cantaura,9.30571,-64.35841,VE
Campo Elías,9.39458,-70.05872,VE
Camatagua,9.78762,-66.90619,VE
Camaguán,8.10732,-67.60738,VE
Calderas,8.91426,-70.44745,VE
Calabozo,8.92416,-67.42929,VE
Caja Seca,9.14151,-71.06741,VE
Caicara,9.81755,-63.61331,VE
Caicara del Orinoco,7.63501,-66.16815,VE
Cagua,10.18634,-67.45935,VE
Cabure,11.1453,-69.61191,VE
Cabudare,10.02658,-69.26203,VE
Cabimas,10.39907,-71.45206,VE
Bum Bum,8.27664,-70.76664,VE
Bruzual,8.05052,-69.33257,VE
Boraure,10.24752,-68.76966,VE
Boconoito,8.84659,-69.98032,VE
Boconó,9.25385,-70.25105,VE
Boca de Uchire,10.13191,-65.42236,VE
Boca de Río,10.96712,-64.17951,VE
Boca de Aroa,10.68229,-68.29829,VE
Bobures,9.24173,-71.17506,VE
Biscucuy,9.36,-69.98302,VE
Biruaca,7.84483,-67.51679,VE
Betijoque,9.38121,-70.73283,VE
Bejuma,10.17383,-68.25892,VE
Baruta,10.43424,-66.87558,VE
Barrancas,8.76962,-70.11086,VE
Barrancas,8.6989,-62.19656,VE
Barquisimeto,10.0647,-69.35703,VE
Barinitas,8.76171,-70.41199,VE
Barinas,8.62064,-70.23105,VE
Barcelona,10.1384,-64.68769,VE
Barbacoas,9.47855,-66.97458,VE
Bailadores,8.25347,-71.82818,VE
Bachaquero,9.96209,-71.12377,VE
Aroa,10.43949,-68.89496,VE
Arismendi,8.47974,-68.36996,VE
Aricagua,10.23861,-63.89761,VE
Aricagua,8.22432,-71.13721,VE
Arenas,10.27931,-63.93725,VE
Araya,10.57998,-64.25548,VE
Araure,9.58144,-69.23851,VE
Arauquita,8.70833,-69.65722,VE
Aragua,9.97026,-63.48727,VE
Aragua de Barcelona,9.45588,-64.82928,VE
Altamira,8.82359,-70.50244,VE
Altagracia de Orituco,9.86005,-66.38139,VE
Los Puertos de Altagracia,10.71492,-71.52168,VE
Aguasay,9.42489,-63.73077,VE
Achaguas,7.77917,-68.22373,VE
Acarigua,9.55451,-69.19564,VE
Abejales,7.6233,-71.51031,VE
Las Mesas,8.17123,-72.15948,VE
San José de Bolívar,7.91242,-71.97251,VE
Santa Rita,10.2054,-67.55948,VE
Isla Ratón,5.06862,-67.81295,VE
San Josecito,7.66106,-72.22009,VE
Cordero,7.85665,-72.18146,VE
Sierra Imataca,8.39352,-62.45439,VE
San José de Guaribe,9.86025,-65.81306,VE
Maturín,9.74569,-63.18323,VE
Palmasola,10.59363,-68.54422,VE
La Aguada,11.27667,-67.46444,VE
Delicias,7.56552,-72.4479,VE
La Fría,8.21523,-72.24888,VE
La Grita,8.13316,-71.9839,VE
Capacho Nuevo,7.82472,-72.3084,VE
La Tendida,8.50734,-71.83201,VE
Agua Blanca,9.66205,-69.10677,VE
El Playón,9.10049,-69.04564,VE
Arapuey,9.25934,-70.95248,VE
Macapo,9.82533,-68.43866,VE
El Cafetal,10.46541,-66.82951,VE
La Dolorita,10.4883,-66.78608,VE
Guasdualito,7.24241,-70.73235,VE
San Fernando de Apure,7.88963,-67.47181,VE
San Juan de Payara,7.64636,-67.6072,VE
San Sebastián,9.94108,-67.17183,VE
Santa Cruz de los Taques,11.8235,-70.25637,VE
Independencia,10.33432,-68.75512,VE
El Junko,10.47249,-67.08361,VE
Garcia de Hevia Municipality,8.3172,-72.2517,VE
